{"stats":{"minecraft:custom":{"minecraft:mob_kills":45,"minecraft:interact_with_crafting_table":8,"minecraft:open_barrel":52,"minecraft:damage_dealt_resisted":274,"minecraft:eat_cake_slice":7,"minecraft:time_since_death":8357,"minecraft:climb_one_cm":3542,"minecraft:sprint_one_cm":232499,"minecraft:walk_one_cm":149765,"minecraft:drop":62,"minecraft:damage_dealt_absorbed":212,"minecraft:talked_to_villager":2,"minecraft:play_time":77439,"minecraft:deaths":10,"minecraft:sneak_time":4672,"minecraft:walk_under_water_one_cm":1087,"minecraft:jump":1379,"minecraft:interact_with_brewingstand":4,"minecraft:walk_on_water_one_cm":3817,"minecraft:total_world_time":77439,"minecraft:interact_with_furnace":7,"minecraft:tune_noteblock":9,"minecraft:sleep_in_bed":2,"minecraft:time_since_rest":8380,"minecraft:damage_taken":4830,"minecraft:damage_dealt":6154,"twilightforest:life_charms_activated":1,"minecraft:fly_one_cm":280866,"minecraft:swim_one_cm":12246,"minecraft:open_chest":24,"minecraft:crouch_one_cm":11203,"minecraft:interact_with_smoker":1,"minecraft:fall_one_cm":42173},"minecraft:killed_by":{"minecraft:stray":1,"minecraft:skeleton":1,"minecraft:zombie":8},"minecraft:used":{"minecraft:beetroot":7,"minecraft:iron_sword":71,"minecraft:torch":26,"minecraft:dirt":3,"minecraft:dark_oak_planks":1,"minecraft:iron_axe":10,"minecraft:iron_block":2,"minecraft:mud_bricks":4,"minecraft:tripwire_hook":1,"minecraft:bow":7,"minecraft:furnace":2,"minecraft:potato":5,"minecraft:birch_planks":1,"minecraft:stone_pickaxe":32,"minecraft:oak_planks":18,"minecraft:golden_apple":1,"minecraft:crafting_table":5,"minecraft:lime_bed":2,"minecraft:wooden_hoe":27,"minecraft:apple":1,"minecraft:bread":16,"minecraft:sunflower":1,"born_in_chaos_v1:monster_flesh":1,"minecraft:cyan_bed":1,"minecraft:iron_pickaxe":107,"minecraft:stone_axe":70,"minecraft:fire_charge":5,"minecraft:wooden_sword":58,"minecraft:cobblestone":49,"minecraft:cooked_porkchop":7,"twigs:pebble":1,"minecraft:bone_meal":54},"minecraft:broken":{"minecraft:wooden_sword":1},"minecraft:killed":{"born_in_chaos_v1:restless_spirit":1,"minecraft:vindicator":1,"minecraft:spider":3,"born_in_chaos_v1:baby_skeleton_minion":1,"born_in_chaos_v1:maggot":3,"minecraft:skeleton":4,"born_in_chaos_v1:bone_imp_minion":4,"born_in_chaos_v1:decrepit_skeleton":2,"minecraft:zombie":22,"minecraft:stray":4},"minecraft:mined":{"minecraft:dark_oak_planks":1,"iceandfire:silver_ore":3,"minecraft:cyan_stained_glass":2,"minecraft:granite":3,"minecraft:grass_block":3,"minecraft:brick_stairs":1,"minecraft:mud_bricks":20,"mysticalagriculture:inferium_ore":14,"minecraft:spawner":9,"minecraft:packed_mud":3,"minecraft:iron_ore":8,"minecraft:andesite":1,"minecraft:dark_oak_stairs":5,"minecraft:potatoes":5,"minecraft:stone":34,"minecraft:iron_block":2,"twigs:pebble":1,"minecraft:lily_of_the_valley":1,"minecraft:spruce_door":2,"minecraft:polished_granite":2,"minecraft:poppy":1,"minecraft:tall_grass":46,"minecraft:cyan_bed":1,"minecraft:oak_planks":1,"minecraft:wall_torch":2,"minecraft:chain":1,"minecraft:lime_bed":2,"minecraft:dark_oak_slab":1,"minecraft:light_gray_stained_glass":4,"minecraft:dark_oak_wall_sign":1,"minecraft:birch_log":4,"minecraft:orange_tulip":1,"minecraft:grass":473,"minecraft:oak_log":9,"minecraft:coal_ore":23,"minecraft:sunflower":6,"minecraft:dirt":4,"minecraft:cobweb":2,"minecraft:tripwire_hook":4,"minecraft:fern":3},"minecraft:dropped":{"minecraft:iron_ingot":2,"born_in_chaos_v1:shattered_skull":2,"minecraft:birch_planks":19,"minecraft:wheat_seeds":41,"minecraft:apple":2,"minecraft:granite":5,"minecraft:dirt":1,"quark:light_gray_shard":14,"minecraft:wooden_axe":1,"minecraft:sunflower":1,"minecraft:string":1,"minecraft:tripwire_hook":3,"spawnersplus:spawner_fragment":5,"minecraft:bone":1,"minecraft:moss_carpet":2,"minecraft:stone_axe":1,"minecraft:rotten_flesh":5,"minecraft:oak_planks":4,"minecraft:tipped_arrow":2,"minecraft:andesite":1,"minecraft:oak_sapling":2,"minecraft:spider_eye":2,"minecraft:bow":3,"minecraft:wooden_pickaxe":1,"minecraft:stone_pickaxe":1},"minecraft:crafted":{"minecraft:oak_planks":40,"minecraft:furnace":2,"minecraft:bone_meal":54,"minecraft:iron_boots":1,"minecraft:iron_axe":1,"minecraft:stone_pickaxe":1,"minecraft:cooked_porkchop":5,"minecraft:crafting_table":5,"minecraft:iron_helmet":1,"minecraft:iron_sword":1,"minecraft:birch_planks":16,"minecraft:stone_axe":1,"minecraft:bread":10,"minecraft:air":0,"minecraft:iron_chestplate":1,"minecraft:stick":12,"minecraft:iron_ingot":13,"minecraft:iron_leggings":1,"minecraft:torch":20},"minecraft:picked_up":{"minecraft:wooden_axe":1,"born_in_chaos_v1:seedof_chaos":5,"minecraft:wooden_pickaxe":1,"minecraft:chain":1,"spawnersplus:spawner_fragment":5,"minecraft:string":8,"minecraft:moss_carpet":2,"minecraft:wooden_sword":1,"mysticalagriculture:inferium_essence":48,"twigs:pebble":1,"minecraft:tipped_arrow":2,"minecraft:raw_iron":8,"born_in_chaos_v1:shattered_skull":3,"minecraft:torch":3,"born_in_chaos_v1:pieceofdarkmetal":1,"minecraft:dark_oak_planks":2,"minecraft:arrow":8,"minecraft:rotten_flesh":7,"minecraft:iron_block":2,"minecraft:cobblestone":34,"minecraft:birch_log":4,"born_in_chaos_v1:corpse_maggot":1,"minecraft:lime_bed":2,"minecraft:mud_bricks":20,"born_in_chaos_v1:spiritual_dust":2,"minecraft:tripwire_hook":4,"minecraft:andesite":1,"minecraft:potato":63,"minecraft:birch_planks":12,"minecraft:packed_mud":3,"minecraft:crimson_fungus":1,"minecraft:oak_log":9,"minecraft:dirt":5,"minecraft:bone":17,"minecraft:bow":3,"minecraft:wheat_seeds":43,"minecraft:iron_ingot":10,"minecraft:oak_planks":1,"minecraft:dark_oak_stairs":4,"quark:light_gray_shard":14,"minecraft:dark_oak_slab":1,"irons_spellbooks:frozen_bone":13,"born_in_chaos_v1:orbofthe_summoner":1,"waystones:mossy_waystone":1,"minecraft:cyan_bed":1,"minecraft:spider_eye":2,"minecraft:granite":5,"minecraft:oak_sapling":2,"minecraft:coal":23,"iceandfire:raw_silver":3,"minecraft:sunflower":2}},"DataVersion":3465}