{"stats":{"minecraft:custom":{"minecraft:time_since_rest":6255,"minecraft:interact_with_furnace":2,"minecraft:sprint_one_cm":88291,"minecraft:damage_taken":1505,"minecraft:walk_one_cm":34885,"minecraft:mob_kills":28,"minecraft:drop":7,"minecraft:damage_dealt":1216,"twilightforest:life_charms_activated":1,"minecraft:damage_dealt_absorbed":212,"minecraft:interact_with_crafting_table":2,"minecraft:fly_one_cm":106474,"minecraft:open_barrel":21,"minecraft:open_chest":7,"minecraft:crouch_one_cm":3852,"minecraft:play_time":29439,"minecraft:deaths":3,"minecraft:sneak_time":2362,"minecraft:walk_under_water_one_cm":61,"minecraft:damage_dealt_resisted":20,"minecraft:jump":505,"minecraft:interact_with_brewingstand":1,"minecraft:eat_cake_slice":5,"minecraft:time_since_death":6228,"minecraft:interact_with_smoker":1,"minecraft:total_world_time":29439,"minecraft:climb_one_cm":3204,"minecraft:fall_one_cm":18083},"minecraft:killed_by":{"minecraft:zombie":3},"minecraft:used":{"minecraft:beetroot":5,"minecraft:dark_oak_planks":1,"minecraft:bread":2,"minecraft:stone_pickaxe":23,"minecraft:oak_planks":12,"minecraft:stone_axe":42,"minecraft:torch":2,"minecraft:wooden_sword":13,"minecraft:dirt":1,"minecraft:cobblestone":9,"minecraft:crafting_table":2,"minecraft:furnace":1,"minecraft:cooked_porkchop":3,"twigs:pebble":1},"minecraft:mined":{"minecraft:lime_bed":1,"twigs:pebble":1,"minecraft:dark_oak_slab":1,"minecraft:packed_mud":2,"minecraft:light_gray_stained_glass":2,"minecraft:cyan_stained_glass":1,"minecraft:spruce_door":1,"minecraft:dark_oak_stairs":4,"minecraft:granite":1,"minecraft:grass":150,"minecraft:grass_block":2,"minecraft:oak_log":9,"minecraft:tall_grass":13,"minecraft:mud_bricks":14,"minecraft:spawner":2},"minecraft:killed":{"minecraft:skeleton":3,"minecraft:zombie":22,"born_in_chaos_v1:maggot":3},"minecraft:dropped":{"minecraft:wheat_seeds":10},"minecraft:crafted":{"minecraft:oak_planks":28,"minecraft:cooked_porkchop":5,"minecraft:crafting_table":2,"minecraft:stick":4,"minecraft:stone_pickaxe":1,"minecraft:furnace":1,"minecraft:stone_axe":1,"minecraft:air":0},"minecraft:picked_up":{"minecraft:wooden_axe":1,"quark:light_gray_shard":4,"minecraft:dark_oak_slab":1,"minecraft:lime_bed":1,"minecraft:mud_bricks":12,"minecraft:tripwire_hook":1,"minecraft:wooden_pickaxe":1,"waystones:mossy_waystone":1,"minecraft:packed_mud":2,"minecraft:oak_log":9,"minecraft:dirt":2,"minecraft:dark_oak_planks":1,"minecraft:wooden_sword":1,"minecraft:bone":2,"minecraft:arrow":3,"minecraft:wheat_seeds":11,"mysticalagriculture:inferium_essence":1,"twigs:pebble":1,"minecraft:granite":1,"minecraft:oak_sapling":2,"minecraft:dark_oak_stairs":3}},"DataVersion":3465}