{"stats":{"minecraft:custom":{"minecraft:interact_with_furnace":7,"minecraft:mob_kills":34,"minecraft:interact_with_crafting_table":7,"minecraft:tune_noteblock":9,"minecraft:open_barrel":46,"minecraft:damage_dealt_resisted":20,"minecraft:eat_cake_slice":7,"minecraft:time_since_death":17877,"minecraft:sleep_in_bed":2,"minecraft:climb_one_cm":3542,"minecraft:time_since_rest":2162,"minecraft:sprint_one_cm":191261,"minecraft:damage_taken":3758,"minecraft:walk_one_cm":99472,"minecraft:drop":34,"minecraft:damage_dealt":4177,"twilightforest:life_charms_activated":1,"minecraft:swim_one_cm":12246,"minecraft:damage_dealt_absorbed":212,"minecraft:talked_to_villager":2,"minecraft:fly_one_cm":256962,"minecraft:open_chest":17,"minecraft:crouch_one_cm":10427,"minecraft:play_time":65439,"minecraft:deaths":9,"minecraft:sneak_time":4450,"minecraft:walk_under_water_one_cm":1087,"minecraft:jump":1215,"minecraft:interact_with_brewingstand":2,"minecraft:walk_on_water_one_cm":3817,"minecraft:total_world_time":65439,"minecraft:interact_with_smoker":1,"minecraft:fall_one_cm":38914},"minecraft:killed_by":{"minecraft:skeleton":1,"minecraft:zombie":8},"minecraft:used":{"minecraft:beetroot":7,"minecraft:birch_planks":1,"minecraft:stone_pickaxe":32,"minecraft:oak_planks":18,"minecraft:torch":3,"minecraft:dirt":3,"minecraft:lime_bed":1,"minecraft:crafting_table":4,"minecraft:dark_oak_planks":1,"minecraft:sunflower":1,"minecraft:cyan_bed":1,"minecraft:bread":5,"minecraft:iron_pickaxe":98,"minecraft:stone_axe":70,"minecraft:tripwire_hook":1,"minecraft:wooden_sword":58,"minecraft:cobblestone":49,"minecraft:furnace":2,"minecraft:cooked_porkchop":7,"twigs:pebble":1},"minecraft:broken":{"minecraft:wooden_sword":1},"minecraft:killed":{"born_in_chaos_v1:restless_spirit":1,"minecraft:spider":1,"minecraft:vindicator":1,"born_in_chaos_v1:decrepit_skeleton":2,"born_in_chaos_v1:maggot":3,"minecraft:skeleton":4,"minecraft:zombie":22},"minecraft:mined":{"minecraft:dark_oak_planks":1,"twigs:pebble":1,"iceandfire:silver_ore":3,"minecraft:lily_of_the_valley":1,"minecraft:cyan_stained_glass":2,"minecraft:spruce_door":2,"minecraft:polished_granite":2,"minecraft:granite":3,"minecraft:grass_block":3,"minecraft:brick_stairs":1,"minecraft:tall_grass":33,"minecraft:cyan_bed":1,"minecraft:mud_bricks":20,"minecraft:oak_planks":1,"mysticalagriculture:inferium_ore":14,"minecraft:spawner":5,"minecraft:lime_bed":2,"minecraft:dark_oak_slab":1,"minecraft:packed_mud":3,"minecraft:dark_oak_wall_sign":1,"minecraft:birch_log":4,"minecraft:light_gray_stained_glass":4,"minecraft:iron_ore":8,"minecraft:andesite":1,"minecraft:orange_tulip":1,"minecraft:dark_oak_stairs":5,"minecraft:grass":360,"minecraft:coal_ore":23,"minecraft:oak_log":9,"minecraft:sunflower":6,"minecraft:dirt":3,"minecraft:tripwire_hook":4,"minecraft:stone":34,"minecraft:fern":3},"minecraft:dropped":{"minecraft:stone_axe":1,"minecraft:moss_carpet":2,"minecraft:birch_planks":19,"minecraft:wheat_seeds":30,"minecraft:rotten_flesh":5,"minecraft:granite":3,"quark:light_gray_shard":14,"minecraft:andesite":1,"minecraft:oak_sapling":2,"minecraft:sunflower":1,"minecraft:string":1,"minecraft:tripwire_hook":3},"minecraft:crafted":{"minecraft:oak_planks":40,"minecraft:cooked_porkchop":5,"minecraft:crafting_table":4,"minecraft:iron_helmet":1,"minecraft:iron_sword":1,"minecraft:furnace":2,"minecraft:birch_planks":16,"minecraft:stone_axe":1,"minecraft:air":0,"minecraft:iron_boots":1,"minecraft:iron_chestplate":1,"minecraft:iron_axe":1,"minecraft:stick":12,"minecraft:iron_ingot":13,"minecraft:stone_pickaxe":1,"minecraft:iron_leggings":1,"minecraft:torch":20},"minecraft:picked_up":{"minecraft:wooden_axe":1,"minecraft:birch_log":4,"born_in_chaos_v1:corpse_maggot":1,"minecraft:lime_bed":2,"minecraft:mud_bricks":20,"minecraft:tripwire_hook":4,"minecraft:andesite":1,"minecraft:wooden_pickaxe":1,"minecraft:birch_planks":12,"minecraft:packed_mud":3,"minecraft:oak_log":9,"spawnersplus:spawner_fragment":2,"minecraft:string":1,"minecraft:dirt":4,"minecraft:moss_carpet":2,"minecraft:wooden_sword":1,"minecraft:bone":7,"minecraft:wheat_seeds":32,"mysticalagriculture:inferium_essence":45,"twigs:pebble":1,"minecraft:iron_ingot":10,"minecraft:oak_planks":1,"minecraft:dark_oak_stairs":4,"quark:light_gray_shard":14,"minecraft:raw_iron":8,"born_in_chaos_v1:shattered_skull":1,"minecraft:dark_oak_slab":1,"waystones:mossy_waystone":1,"born_in_chaos_v1:pieceofdarkmetal":1,"minecraft:cyan_bed":1,"minecraft:dark_oak_planks":2,"minecraft:rotten_flesh":7,"minecraft:arrow":5,"minecraft:granite":3,"minecraft:oak_sapling":2,"minecraft:coal":23,"iceandfire:raw_silver":3,"minecraft:cobblestone":34,"minecraft:sunflower":2}},"DataVersion":3465}