{"stats":{"minecraft:killed_by":{"minecraft:creeper":1,"minecraft:vindicator":2,"cataclysm:deepling_brute":1},"minecraft:custom":{"minecraft:interact_with_crafting_table":21,"minecraft:open_barrel":23,"minecraft:leave_game":3,"minecraft:time_since_death":35547,"minecraft:sprint_one_cm":420434,"minecraft:damage_blocked_by_shield":195,"minecraft:drop":165,"minecraft:talked_to_villager":4,"minecraft:play_time":139355,"minecraft:deaths":4,"minecraft:jump":2908,"minecraft:interact_with_brewingstand":3,"minecraft:walk_on_water_one_cm":70398,"minecraft:interact_with_furnace":9,"minecraft:sleep_in_bed":8,"minecraft:damage_dealt":8349,"minecraft:crouch_one_cm":4622,"minecraft:interact_with_smithing_table":1,"minecraft:mob_kills":43,"minecraft:interact_with_campfire":1,"minecraft:climb_one_cm":4004,"minecraft:walk_one_cm":189371,"minecraft:sneak_time":3584,"minecraft:walk_under_water_one_cm":52157,"minecraft:boat_one_cm":195801,"minecraft:total_world_time":139355,"minecraft:time_since_rest":19906,"minecraft:damage_absorbed":141,"minecraft:damage_taken":4515,"minecraft:swim_one_cm":314572,"minecraft:fly_one_cm":554528,"minecraft:open_chest":64,"minecraft:fall_one_cm":85890},"minecraft:broken":{"minecraft:leather_helmet":1},"minecraft:mined":{"farmersdelight:rich_soil":3,"minecraft:grass_block":8,"twigs:twig":1,"minecraft:red_stained_glass_pane":2,"minecraft:chiseled_stone_bricks":3,"minecraft:spawner":3,"minecraft:tall_seagrass":5,"minecraft:magma_block":1,"minecraft:glowstone":1,"minecraft:iron_ore":4,"biomesoplenty:lavender":22,"minecraft:black_carpet":2,"minecraft:water_cauldron":1,"farmersdelight:organic_compost":1,"minecraft:kelp_plant":3,"minecraft:cobblestone":43,"minecraft:cyan_bed":2,"minecraft:prismarine":3,"minecraft:wall_torch":1,"minecraft:polished_diorite_stairs":1,"minecraft:cyan_wool":4,"minecraft:lilac":1,"minecraft:grass":247,"biomesoplenty:clover":3,"minecraft:oak_log":1,"minecraft:sand":1,"minecraft:dirt":10,"villagersplus:occultist_table":2,"minecraft:oak_leaves":1,"minecraft:suspicious_gravel":1,"minecraft:red_carpet":1,"biomesoplenty:desert_grass":1,"biomesoplenty:bush":7,"minecraft:allium":1,"minecraft:large_fern":1,"minecraft:black_stained_glass_pane":2,"minecraft:andesite":2,"minecraft:bookshelf":10,"biomesoplenty:high_grass":3,"minecraft:lantern":1,"minecraft:stone":36,"minecraft:white_wool":3,"twigs:opaline_seashell":1,"supplementaries:book_pile_horizontal":1,"twigs:pebble":3,"biomesoplenty:redwood_planks":1,"minecraft:glass_pane":4,"minecraft:dandelion":2,"minecraft:polished_granite":1,"twigs:roseate_seashell":1,"minecraft:rose_bush":2,"biomesoplenty:high_grass_plant":9,"farmersdelight:onion_crate":2,"minecraft:tall_grass":28,"biomesoplenty:sprout":2,"minecraft:diorite":10,"supplementaries:urn":1,"minecraft:gray_wool":1,"farmersdelight:skillet":1,"minecraft:light_blue_bed":6,"minecraft:gray_bed":1,"minecraft:coal_ore":8,"minecraft:sunflower":2,"minecraft:gravel":1,"minecraft:cobweb":30,"minecraft:cracked_stone_bricks":1,"minecraft:stone_bricks":2,"minecraft:mossy_stone_bricks":1,"minecraft:fern":4},"minecraft:killed":{"illagerinvasion:archivist":3,"minecraft:cave_spider":3,"minecraft:spider":3,"illagerinvasion:basher":3,"minecraft:skeleton":1,"illagerinvasion:provoker":2,"illagerinvasion:alchemist":1,"minecraft:pillager":9,"minecraft:zombie":4,"minecraft:cow":2,"minecraft:vindicator":5,"minecraft:drowned":2,"cataclysm:lionfish":1,"alexsmobs:flying_fish":2},"minecraft:crafted":{"minecraft:oak_planks":4,"minecraft:cooked_mutton":6,"minecraft:crafting_table":1,"minecraft:iron_chestplate":1,"minecraft:shield":1,"minecraft:stick":4,"minecraft:furnace":1,"backpacked:backpack":1,"minecraft:cooked_beef":3,"minecraft:diamond_sword":1,"minecraft:iron_sword":1,"minecraft:bone":2,"minecraft:air":0,"minecraft:iron_leggings":2,"minecraft:torch":36,"minecraft:diamond_chestplate":1},"minecraft:dropped":{"minecraft:spruce_sign":2,"minecraft:iron_sword":3,"minecraft:brown_mushroom":3,"minecraft:baked_potato":2,"minecraft:glass_bottle":7,"cataclysm:lionfish":1,"minecraft:leather":3,"minecraft:cracked_stone_bricks":1,"farmersdelight:beef_patty":1,"farmersdelight:rice":4,"minecraft:red_mushroom":4,"minecraft:red_carpet":2,"minecraft:item_frame":3,"minecraft:emerald":61,"twigs:pebble":1,"minecraft:dirt":11,"minecraft:iron_pickaxe":3,"minecraft:dark_oak_boat":1,"minecraft:white_wool":8,"twigs:twig":4,"spawnersplus:spawner_fragment":3,"minecraft:cauldron":1,"quark:ancient_tome":1,"minecraft:gold_ingot":9,"minecraft:bone":24,"minecraft:iron_nugget":16,"minecraft:wheat":4,"minecraft:rotten_flesh":3,"aether:leather_gloves":1,"minecraft:prismarine":2,"minecraft:chiseled_stone_bricks":4,"minecraft:oak_chest_boat":1,"minecraft:leather_chestplate":3,"minecraft:gunpowder":2,"farmersdelight:rope":7,"minecraft:leather_leggings":2,"minecraft:arrow":19,"minecraft:polished_granite":1,"minecraft:enchanted_book":1,"minecraft:bread":23,"minecraft:iron_ingot":2,"minecraft:wheat_seeds":27,"minecraft:prismarine_shard":5,"biomesoplenty:lavender":23,"minecraft:iron_helmet":2,"minecraft:lead":4,"minecraft:book":98,"minecraft:copper_ingot":1,"minecraft:coal":1,"minecraft:stick":18,"illagerinvasion:platinum_chunk":11,"minecraft:diorite":2,"minecraft:torch":9,"minecraft:rose_bush":8,"minecraft:cooked_salmon":1,"minecraft:potion":2,"minecraft:iron_leggings":2,"minecraft:dead_bush":10,"minecraft:iron_shovel":2,"minecraft:paper":5,"minecraft:string":52,"minecraft:dandelion":2,"minecraft:kelp":21,"biomesoplenty:jacaranda_boat":1,"minecraft:tall_grass":2,"minecraft:white_carpet":7,"minecraft:iron_boots":1,"minecraft:iron_hoe":1,"minecraft:filled_map":2,"supplementaries:quiver":1,"minecraft:cyan_wool":1,"minecraft:allium":1,"alexsmobs:cockroach_wing_fragment":1,"minecraft:iron_chestplate":3,"minecraft:andesite":2,"minecraft:oak_sapling":16,"minecraft:stone_bricks":1,"minecraft:nautilus_shell":12,"minecraft:magma_block":1,"minecraft:light_blue_bed":2,"betterend:end_fish_raw":1},"minecraft:used":{"farmersdelight:onion_crate":2,"minecraft:black_carpet":2,"minecraft:shield":1,"minecraft:iron_sword":90,"crabbersdelight:clawster":1,"twigs:roseate_seashell":1,"minecraft:iron_chestplate":3,"minecraft:jungle_planks":3,"minecraft:cyan_wool":3,"minecraft:lantern":1,"minecraft:iron_helmet":12,"minecraft:light_blue_bed":5,"minecraft:stone_bricks":4,"minecraft:golden_sword":4,"minecraft:red_carpet":2,"minecraft:dark_oak_boat":2,"minecraft:furnace":1,"minecraft:cooked_cod":1,"minecraft:gray_bed":1,"minecraft:polished_diorite_stairs":1,"minecraft:egg":1,"minecraft:oak_chest_boat":1,"minecraft:mossy_stone_bricks":1,"minecraft:diorite":9,"minecraft:prismarine":1,"minecraft:golden_apple":2,"minecraft:sand":1,"minecraft:cyan_bed":2,"minecraft:bread":42,"minecraft:diamond_sword":79,"minecraft:experience_bottle":11,"biomesoplenty:redwood_planks":1,"minecraft:torch":36,"minecraft:dirt":8,"minecraft:polished_diorite":1,"farmersdelight:beef_patty":2,"minecraft:dark_oak_planks":16,"villagersplus:occultist_table":1,"minecraft:iron_boots":2,"minecraft:totem_of_undying":1,"minecraft:diamond_chestplate":3,"minecraft:goat_horn":2,"minecraft:cooked_beef":3,"minecraft:iron_leggings":1,"minecraft:cooked_mutton":7,"minecraft:glass_bottle":1,"minecraft:baked_potato":5,"farmersdelight:onion":5,"minecraft:crafting_table":1,"minecraft:book":1,"alexsmobs:flying_fish":1,"minecraft:flower_pot":1,"minecraft:sunflower":1,"minecraft:iron_pickaxe":138,"minecraft:cobblestone":69,"minecraft:potion":5,"twigs:opaline_seashell":1,"minecraft:brush":13,"twigs:pebble":4,"minecraft:gray_wool":1},"minecraft:picked_up":{"minecraft:iron_chestplate":2,"minecraft:black_carpet":2,"illagerinvasion:platinum_chunk":11,"minecraft:prismarine_shard":10,"twigs:roseate_seashell":1,"minecraft:lead":4,"minecraft:enchanted_book":1,"minecraft:potion":1,"spawnersplus:spawner_fragment":3,"minecraft:golden_sword":1,"minecraft:string":56,"minecraft:cooked_salmon":1,"minecraft:iron_leggings":1,"twigs:pebble":5,"minecraft:rose_bush":6,"minecraft:iron_pickaxe":2,"minecraft:stick":16,"minecraft:torch":12,"minecraft:diorite":11,"minecraft:cauldron":1,"quark:ancient_tome":1,"minecraft:rotten_flesh":3,"villagersplus:occultist_table":2,"supplementaries:quiver":1,"alexsmobs:flying_fish":2,"minecraft:cobblestone":77,"minecraft:nautilus_shell":12,"biomesoplenty:lavender":23,"minecraft:magma_block":1,"minecraft:leather_chestplate":2,"farmersdelight:onion_crate":2,"minecraft:andesite":2,"minecraft:dark_oak_boat":4,"minecraft:dirt":19,"minecraft:lantern":1,"minecraft:polished_granite":1,"minecraft:bone":18,"minecraft:wheat_seeds":27,"minecraft:mossy_stone_bricks":1,"minecraft:glowstone_dust":4,"twigs:twig":4,"minecraft:prismarine":3,"minecraft:oak_planks":14,"biomesoplenty:jacaranda_boat":2,"minecraft:jungle_planks":3,"minecraft:sand":1,"minecraft:dead_bush":5,"minecraft:cyan_bed":3,"minecraft:iron_hoe":1,"minecraft:diamond":7,"dragonmounts:dragon_egg":1,"minecraft:golden_apple":4,"minecraft:spruce_sign":1,"minecraft:bread":25,"minecraft:emerald":17,"minecraft:oak_sapling":8,"minecraft:allium":1,"minecraft:leather_leggings":1,"minecraft:brown_mushroom":3,"minecraft:iron_axe":2,"minecraft:white_carpet":7,"minecraft:item_frame":3,"minecraft:iron_shovel":3,"twigs:opaline_seashell":1,"minecraft:cracked_stone_bricks":1,"farmersdelight:beef_patty":3,"minecraft:beef":5,"minecraft:cyan_wool":4,"minecraft:iron_nugget":19,"minecraft:raw_iron":4,"farmersdelight:minced_beef":2,"minecraft:copper_ingot":1,"minecraft:light_blue_bed":7,"minecraft:dark_oak_planks":31,"biomesoplenty:redwood_planks":1,"minecraft:arrow":19,"minecraft:cooked_cod":1,"minecraft:oak_chest_boat":3,"minecraft:gold_ingot":1,"minecraft:totem_of_undying":1,"minecraft:white_wool":3,"minecraft:leather":7,"minecraft:red_mushroom":4,"minecraft:filled_map":2,"alexsmobs:cachalot_whale_tooth":1,"minecraft:oak_log":1,"biomesoplenty:jacaranda_planks":3,"minecraft:gunpowder":2,"minecraft:paper":5,"minecraft:cooked_mutton":1,"minecraft:red_carpet":6,"minecraft:stone_bricks":3,"minecraft:kelp":21,"alexsmobs:cockroach_wing_fragment":1,"minecraft:iron_ingot":12,"minecraft:tall_grass":1,"minecraft:glass_bottle":3,"minecraft:gray_bed":1,"minecraft:iron_sword":3,"minecraft:book":130,"minecraft:chiseled_stone_bricks":4,"minecraft:brush":1,"minecraft:dandelion":2,"minecraft:spider_eye":1,"minecraft:polished_diorite_stairs":1,"minecraft:polished_diorite":1,"minecraft:gray_wool":1,"minecraft:baked_potato":2,"minecraft:coal":55,"minecraft:sunflower":1}},"DataVersion":3465}