{"stats":{"minecraft:custom":{"minecraft:interact_with_furnace":2,"minecraft:mob_kills":33,"minecraft:interact_with_crafting_table":2,"minecraft:tune_noteblock":9,"minecraft:open_barrel":46,"minecraft:damage_dealt_resisted":20,"minecraft:eat_cake_slice":7,"minecraft:time_since_death":5877,"minecraft:sleep_in_bed":1,"minecraft:climb_one_cm":3477,"minecraft:time_since_rest":5900,"minecraft:sprint_one_cm":175582,"minecraft:damage_taken":3725,"minecraft:walk_one_cm":85001,"minecraft:drop":22,"minecraft:damage_dealt":3917,"twilightforest:life_charms_activated":1,"minecraft:swim_one_cm":8398,"minecraft:damage_dealt_absorbed":212,"minecraft:talked_to_villager":2,"minecraft:fly_one_cm":233200,"minecraft:open_chest":16,"minecraft:crouch_one_cm":6044,"minecraft:play_time":53439,"minecraft:deaths":9,"minecraft:sneak_time":2988,"minecraft:walk_under_water_one_cm":444,"minecraft:jump":1084,"minecraft:interact_with_brewingstand":2,"minecraft:walk_on_water_one_cm":3207,"minecraft:total_world_time":53439,"minecraft:interact_with_smoker":1,"minecraft:fall_one_cm":36915},"minecraft:killed_by":{"minecraft:skeleton":1,"minecraft:zombie":8},"minecraft:used":{"minecraft:beetroot":7,"minecraft:stone_pickaxe":32,"minecraft:oak_planks":18,"minecraft:torch":3,"minecraft:dirt":3,"minecraft:crafting_table":2,"minecraft:dark_oak_planks":1,"minecraft:sunflower":1,"minecraft:cyan_bed":1,"minecraft:bread":5,"minecraft:iron_pickaxe":8,"minecraft:stone_axe":60,"minecraft:tripwire_hook":1,"minecraft:wooden_sword":58,"minecraft:cobblestone":22,"minecraft:furnace":1,"minecraft:cooked_porkchop":5,"twigs:pebble":1},"minecraft:broken":{"minecraft:wooden_sword":1},"minecraft:killed":{"minecraft:spider":1,"minecraft:vindicator":1,"born_in_chaos_v1:decrepit_skeleton":2,"born_in_chaos_v1:maggot":3,"minecraft:skeleton":4,"minecraft:zombie":22},"minecraft:mined":{"minecraft:dark_oak_planks":1,"twigs:pebble":1,"minecraft:cyan_stained_glass":2,"minecraft:spruce_door":2,"minecraft:polished_granite":2,"minecraft:granite":2,"minecraft:grass_block":2,"minecraft:brick_stairs":1,"minecraft:tall_grass":25,"minecraft:cyan_bed":1,"minecraft:mud_bricks":20,"minecraft:oak_planks":1,"minecraft:spawner":5,"minecraft:lime_bed":1,"minecraft:dark_oak_slab":1,"minecraft:packed_mud":3,"minecraft:dark_oak_wall_sign":1,"minecraft:light_gray_stained_glass":4,"minecraft:dark_oak_stairs":5,"minecraft:grass":309,"minecraft:oak_log":9,"minecraft:sunflower":6,"minecraft:dirt":3,"minecraft:tripwire_hook":4},"minecraft:dropped":{"minecraft:wheat_seeds":28,"minecraft:oak_sapling":2,"minecraft:sunflower":1,"minecraft:tripwire_hook":2},"minecraft:crafted":{"minecraft:oak_planks":28,"minecraft:cooked_porkchop":5,"minecraft:crafting_table":2,"minecraft:furnace":1,"minecraft:stone_axe":1,"minecraft:air":0,"minecraft:stick":4,"minecraft:stone_pickaxe":1},"minecraft:picked_up":{"minecraft:wooden_axe":1,"born_in_chaos_v1:corpse_maggot":1,"minecraft:lime_bed":1,"minecraft:mud_bricks":20,"minecraft:tripwire_hook":4,"minecraft:wooden_pickaxe":1,"minecraft:packed_mud":3,"minecraft:oak_log":9,"spawnersplus:spawner_fragment":2,"minecraft:string":1,"minecraft:dirt":4,"minecraft:wooden_sword":1,"minecraft:bone":7,"minecraft:wheat_seeds":29,"mysticalagriculture:inferium_essence":3,"twigs:pebble":1,"minecraft:oak_planks":1,"minecraft:dark_oak_stairs":4,"quark:light_gray_shard":14,"born_in_chaos_v1:shattered_skull":1,"minecraft:dark_oak_slab":1,"waystones:mossy_waystone":1,"born_in_chaos_v1:pieceofdarkmetal":1,"minecraft:cyan_bed":1,"minecraft:dark_oak_planks":2,"minecraft:rotten_flesh":4,"minecraft:arrow":5,"minecraft:granite":2,"minecraft:oak_sapling":2,"minecraft:sunflower":2}},"DataVersion":3465}