{"stats":{"minecraft:custom":{"minecraft:interact_with_furnace":2,"minecraft:mob_kills":29,"minecraft:interact_with_crafting_table":2,"minecraft:tune_noteblock":9,"minecraft:open_barrel":21,"minecraft:damage_dealt_resisted":20,"minecraft:eat_cake_slice":5,"minecraft:time_since_death":1088,"minecraft:climb_one_cm":3300,"minecraft:time_since_rest":1113,"minecraft:sprint_one_cm":137151,"minecraft:damage_taken":2670,"minecraft:walk_one_cm":45837,"minecraft:drop":16,"minecraft:damage_dealt":2225,"twilightforest:life_charms_activated":1,"minecraft:damage_dealt_absorbed":212,"minecraft:talked_to_villager":2,"minecraft:fly_one_cm":188119,"minecraft:open_chest":7,"minecraft:crouch_one_cm":4871,"minecraft:play_time":41439,"minecraft:deaths":7,"minecraft:sneak_time":2691,"minecraft:walk_under_water_one_cm":279,"minecraft:jump":807,"minecraft:interact_with_brewingstand":2,"minecraft:walk_on_water_one_cm":2009,"minecraft:total_world_time":41439,"minecraft:interact_with_smoker":1,"minecraft:fall_one_cm":27952},"minecraft:killed_by":{"minecraft:zombie":7},"minecraft:used":{"minecraft:beetroot":5,"minecraft:stone_pickaxe":28,"minecraft:oak_planks":15,"minecraft:torch":2,"minecraft:dirt":1,"minecraft:crafting_table":2,"minecraft:dark_oak_planks":1,"minecraft:bread":3,"minecraft:stone_axe":50,"minecraft:wooden_sword":28,"minecraft:cobblestone":9,"minecraft:furnace":1,"minecraft:cooked_porkchop":3,"twigs:pebble":1},"minecraft:killed":{"minecraft:vindicator":1,"born_in_chaos_v1:maggot":3,"minecraft:skeleton":3,"minecraft:zombie":22},"minecraft:mined":{"twigs:pebble":1,"minecraft:cyan_stained_glass":2,"minecraft:spruce_door":1,"minecraft:granite":1,"minecraft:grass_block":2,"minecraft:tall_grass":23,"minecraft:mud_bricks":17,"minecraft:spawner":2,"minecraft:lime_bed":1,"minecraft:dark_oak_slab":1,"minecraft:packed_mud":2,"minecraft:dark_oak_wall_sign":1,"minecraft:light_gray_stained_glass":4,"minecraft:dark_oak_stairs":5,"minecraft:grass":276,"minecraft:oak_log":9,"minecraft:sunflower":4,"minecraft:tripwire_hook":2},"minecraft:dropped":{"minecraft:wheat_seeds":22,"minecraft:sunflower":1},"minecraft:crafted":{"minecraft:oak_planks":28,"minecraft:cooked_porkchop":5,"minecraft:crafting_table":2,"minecraft:furnace":1,"minecraft:stone_axe":1,"minecraft:air":0,"minecraft:stick":4,"minecraft:stone_pickaxe":1},"minecraft:picked_up":{"minecraft:wooden_axe":1,"minecraft:lime_bed":1,"minecraft:mud_bricks":16,"minecraft:tripwire_hook":1,"minecraft:wooden_pickaxe":1,"minecraft:packed_mud":2,"minecraft:oak_log":9,"minecraft:dirt":2,"minecraft:wooden_sword":1,"minecraft:bone":5,"minecraft:wheat_seeds":23,"mysticalagriculture:inferium_essence":3,"twigs:pebble":1,"minecraft:dark_oak_stairs":4,"quark:light_gray_shard":14,"born_in_chaos_v1:shattered_skull":1,"minecraft:dark_oak_slab":1,"waystones:mossy_waystone":1,"born_in_chaos_v1:pieceofdarkmetal":1,"minecraft:dark_oak_planks":1,"minecraft:arrow":3,"minecraft:granite":1,"minecraft:oak_sapling":2,"minecraft:sunflower":1}},"DataVersion":3465}