{"stats":{"minecraft:custom":{"minecraft:time_since_rest":6589,"minecraft:sprint_one_cm":66563,"minecraft:damage_taken":1050,"minecraft:walk_one_cm":22432,"minecraft:mob_kills":1,"minecraft:drop":6,"minecraft:damage_dealt":383,"twilightforest:life_charms_activated":1,"minecraft:interact_with_crafting_table":1,"minecraft:fly_one_cm":83400,"minecraft:open_barrel":20,"minecraft:open_chest":5,"minecraft:crouch_one_cm":326,"minecraft:play_time":17439,"minecraft:deaths":2,"minecraft:sneak_time":389,"minecraft:jump":411,"minecraft:interact_with_brewingstand":1,"minecraft:eat_cake_slice":5,"minecraft:time_since_death":6562,"minecraft:interact_with_smoker":1,"minecraft:total_world_time":17439,"minecraft:climb_one_cm":3204,"minecraft:fall_one_cm":15608},"minecraft:killed_by":{"minecraft:zombie":2},"minecraft:used":{"minecraft:beetroot":4,"minecraft:dark_oak_planks":1,"minecraft:bread":1,"minecraft:stone_pickaxe":4,"minecraft:stone_axe":21,"minecraft:dirt":1,"minecraft:cobblestone":9,"minecraft:crafting_table":1,"minecraft:cooked_porkchop":1,"twigs:pebble":1},"minecraft:mined":{"minecraft:lime_bed":1,"twigs:pebble":1,"minecraft:dark_oak_stairs":1,"minecraft:grass":144,"minecraft:grass_block":2,"minecraft:oak_log":9,"minecraft:tall_grass":13},"minecraft:killed":{"minecraft:skeleton":1},"minecraft:dropped":{"minecraft:wheat_seeds":9},"minecraft:crafted":{"minecraft:oak_planks":28,"minecraft:crafting_table":1,"minecraft:stick":4,"minecraft:stone_pickaxe":1,"minecraft:stone_axe":1},"minecraft:picked_up":{"minecraft:wooden_axe":1,"minecraft:lime_bed":1,"minecraft:tripwire_hook":1,"minecraft:wooden_pickaxe":1,"waystones:mossy_waystone":1,"minecraft:packed_mud":1,"minecraft:oak_log":9,"minecraft:dirt":2,"minecraft:dark_oak_planks":1,"minecraft:wooden_sword":1,"minecraft:arrow":1,"minecraft:wheat_seeds":10,"twigs:pebble":1,"minecraft:oak_sapling":2,"minecraft:dark_oak_stairs":1}},"DataVersion":3465}