{"stats":{"minecraft:killed_by":{"minecraft:creeper":1,"minecraft:vindicator":2,"cataclysm:deepling_brute":1},"minecraft:custom":{"minecraft:interact_with_smithing_table":1,"minecraft:mob_kills":35,"minecraft:interact_with_crafting_table":21,"minecraft:open_barrel":18,"minecraft:interact_with_campfire":1,"minecraft:leave_game":2,"minecraft:time_since_death":21670,"minecraft:climb_one_cm":4004,"minecraft:sprint_one_cm":400476,"minecraft:walk_one_cm":172690,"minecraft:damage_blocked_by_shield":195,"minecraft:drop":135,"minecraft:talked_to_villager":4,"minecraft:play_time":125478,"minecraft:sneak_time":3243,"minecraft:deaths":4,"minecraft:walk_under_water_one_cm":37235,"minecraft:boat_one_cm":195801,"minecraft:jump":2756,"minecraft:interact_with_brewingstand":3,"minecraft:walk_on_water_one_cm":56816,"minecraft:total_world_time":125478,"minecraft:interact_with_furnace":9,"minecraft:sleep_in_bed":8,"minecraft:time_since_rest":6029,"minecraft:damage_taken":3723,"minecraft:damage_absorbed":141,"minecraft:damage_dealt":6896,"minecraft:swim_one_cm":239959,"minecraft:fly_one_cm":532046,"minecraft:open_chest":60,"minecraft:crouch_one_cm":4543,"minecraft:fall_one_cm":84427},"minecraft:mined":{"minecraft:red_carpet":1,"farmersdelight:rich_soil":3,"biomesoplenty:desert_grass":1,"biomesoplenty:bush":7,"minecraft:allium":1,"minecraft:grass_block":8,"twigs:twig":1,"minecraft:red_stained_glass_pane":2,"minecraft:chiseled_stone_bricks":3,"minecraft:spawner":3,"minecraft:large_fern":1,"minecraft:black_stained_glass_pane":2,"minecraft:tall_seagrass":5,"minecraft:magma_block":1,"minecraft:glowstone":1,"minecraft:iron_ore":4,"biomesoplenty:lavender":22,"minecraft:andesite":2,"minecraft:black_carpet":2,"minecraft:bookshelf":10,"biomesoplenty:high_grass":3,"minecraft:water_cauldron":1,"minecraft:lantern":1,"minecraft:stone":36,"minecraft:white_wool":3,"supplementaries:book_pile_horizontal":1,"twigs:pebble":3,"biomesoplenty:redwood_planks":1,"minecraft:glass_pane":4,"farmersdelight:organic_compost":1,"minecraft:kelp_plant":3,"minecraft:dandelion":2,"minecraft:polished_granite":1,"minecraft:rose_bush":2,"biomesoplenty:high_grass_plant":9,"farmersdelight:onion_crate":2,"minecraft:tall_grass":28,"minecraft:cobblestone":43,"biomesoplenty:sprout":2,"minecraft:cyan_bed":2,"minecraft:diorite":10,"minecraft:wall_torch":1,"supplementaries:urn":1,"minecraft:polished_diorite_stairs":1,"minecraft:cyan_wool":4,"minecraft:gray_wool":1,"farmersdelight:skillet":1,"minecraft:light_blue_bed":6,"minecraft:lilac":1,"minecraft:gray_bed":1,"biomesoplenty:clover":3,"minecraft:grass":245,"minecraft:oak_log":1,"minecraft:coal_ore":8,"minecraft:sunflower":2,"minecraft:gravel":1,"minecraft:dirt":10,"minecraft:cobweb":30,"minecraft:cracked_stone_bricks":1,"villagersplus:occultist_table":2,"minecraft:stone_bricks":2,"minecraft:mossy_stone_bricks":1,"minecraft:oak_leaves":1,"minecraft:fern":4,"minecraft:suspicious_gravel":1},"minecraft:broken":{"minecraft:leather_helmet":1},"minecraft:killed":{"illagerinvasion:archivist":3,"minecraft:cave_spider":3,"minecraft:spider":2,"minecraft:vindicator":5,"illagerinvasion:basher":3,"illagerinvasion:provoker":2,"minecraft:drowned":2,"illagerinvasion:alchemist":1,"minecraft:pillager":9,"minecraft:zombie":1,"minecraft:cow":2},"minecraft:crafted":{"minecraft:oak_planks":4,"minecraft:furnace":1,"minecraft:cooked_mutton":6,"backpacked:backpack":1,"minecraft:cooked_beef":3,"minecraft:diamond_sword":1,"minecraft:crafting_table":1,"minecraft:iron_sword":1,"minecraft:bone":2,"minecraft:air":0,"minecraft:iron_chestplate":1,"minecraft:shield":1,"minecraft:stick":4,"minecraft:iron_leggings":2,"minecraft:torch":36,"minecraft:diamond_chestplate":1},"minecraft:dropped":{"minecraft:bread":23,"minecraft:spruce_sign":2,"minecraft:iron_ingot":2,"minecraft:iron_sword":2,"minecraft:brown_mushroom":3,"minecraft:wheat_seeds":27,"minecraft:glass_bottle":6,"cataclysm:lionfish":1,"biomesoplenty:lavender":23,"minecraft:iron_helmet":2,"minecraft:leather":3,"minecraft:cracked_stone_bricks":1,"minecraft:copper_ingot":1,"minecraft:item_frame":3,"minecraft:coal":1,"farmersdelight:beef_patty":1,"minecraft:red_mushroom":4,"minecraft:red_carpet":2,"twigs:pebble":1,"minecraft:dirt":11,"minecraft:diorite":2,"minecraft:torch":9,"minecraft:rose_bush":8,"minecraft:cooked_salmon":1,"minecraft:dead_bush":10,"minecraft:iron_leggings":2,"minecraft:iron_pickaxe":3,"minecraft:iron_shovel":1,"minecraft:paper":5,"minecraft:string":52,"minecraft:white_wool":8,"minecraft:dandelion":2,"minecraft:cauldron":1,"minecraft:bone":23,"minecraft:kelp":21,"minecraft:iron_nugget":13,"minecraft:wheat":4,"minecraft:tall_grass":2,"minecraft:white_carpet":7,"minecraft:rotten_flesh":3,"aether:leather_gloves":1,"minecraft:iron_boots":1,"minecraft:iron_hoe":1,"minecraft:filled_map":1,"minecraft:chiseled_stone_bricks":4,"minecraft:leather_chestplate":3,"minecraft:cyan_wool":1,"minecraft:gunpowder":2,"minecraft:allium":1,"alexsmobs:cockroach_wing_fragment":1,"minecraft:iron_chestplate":3,"minecraft:andesite":2,"minecraft:oak_sapling":16,"farmersdelight:rope":7,"minecraft:leather_leggings":2,"minecraft:stone_bricks":1,"minecraft:arrow":19,"minecraft:magma_block":1,"minecraft:light_blue_bed":2,"minecraft:polished_granite":1,"betterend:end_fish_raw":1},"minecraft:picked_up":{"minecraft:allium":1,"minecraft:iron_chestplate":2,"minecraft:black_carpet":2,"illagerinvasion:platinum_chunk":4,"minecraft:leather_leggings":1,"minecraft:brown_mushroom":3,"minecraft:lead":3,"spawnersplus:spawner_fragment":3,"minecraft:golden_sword":1,"minecraft:iron_axe":2,"minecraft:iron_shovel":1,"minecraft:string":54,"minecraft:item_frame":3,"minecraft:cooked_salmon":1,"minecraft:iron_leggings":1,"minecraft:white_carpet":7,"minecraft:cracked_stone_bricks":1,"farmersdelight:beef_patty":3,"twigs:pebble":5,"minecraft:beef":5,"minecraft:rose_bush":6,"minecraft:cyan_wool":4,"minecraft:iron_nugget":16,"minecraft:iron_pickaxe":2,"minecraft:stick":1,"minecraft:raw_iron":4,"farmersdelight:minced_beef":2,"minecraft:copper_ingot":1,"minecraft:torch":12,"minecraft:diorite":11,"minecraft:light_blue_bed":7,"minecraft:cauldron":1,"minecraft:dark_oak_planks":27,"biomesoplenty:redwood_planks":1,"minecraft:arrow":19,"minecraft:rotten_flesh":3,"minecraft:cooked_cod":1,"villagersplus:occultist_table":2,"minecraft:oak_chest_boat":1,"minecraft:gold_ingot":1,"minecraft:totem_of_undying":1,"minecraft:white_wool":3,"minecraft:cobblestone":77,"biomesoplenty:lavender":23,"minecraft:magma_block":1,"minecraft:leather_chestplate":2,"farmersdelight:onion_crate":2,"minecraft:andesite":2,"minecraft:leather":7,"minecraft:dark_oak_boat":2,"minecraft:red_mushroom":4,"minecraft:oak_log":1,"minecraft:gunpowder":2,"minecraft:dirt":19,"minecraft:paper":5,"minecraft:lantern":1,"minecraft:polished_granite":1,"minecraft:cooked_mutton":1,"minecraft:red_carpet":6,"minecraft:bone":16,"minecraft:stone_bricks":3,"minecraft:kelp":21,"minecraft:wheat_seeds":27,"alexsmobs:cockroach_wing_fragment":1,"minecraft:iron_ingot":11,"minecraft:tall_grass":1,"minecraft:mossy_stone_bricks":1,"minecraft:glass_bottle":3,"minecraft:glowstone_dust":4,"minecraft:gray_bed":1,"minecraft:oak_planks":14,"minecraft:iron_sword":2,"minecraft:book":76,"minecraft:chiseled_stone_bricks":4,"minecraft:dandelion":2,"minecraft:jungle_planks":3,"minecraft:dead_bush":5,"minecraft:cyan_bed":3,"minecraft:iron_hoe":1,"minecraft:polished_diorite_stairs":1,"minecraft:diamond":7,"minecraft:polished_diorite":1,"dragonmounts:dragon_egg":1,"minecraft:baked_potato":2,"minecraft:golden_apple":4,"minecraft:gray_wool":1,"minecraft:bread":25,"minecraft:spruce_sign":1,"minecraft:emerald":17,"minecraft:oak_sapling":8,"minecraft:coal":9,"minecraft:sunflower":1},"minecraft:used":{"farmersdelight:onion_crate":2,"biomesoplenty:redwood_planks":1,"minecraft:black_carpet":2,"minecraft:shield":1,"minecraft:iron_sword":90,"crabbersdelight:clawster":1,"minecraft:iron_chestplate":3,"minecraft:torch":36,"minecraft:dirt":8,"minecraft:jungle_planks":3,"minecraft:cyan_wool":3,"minecraft:polished_diorite":1,"farmersdelight:beef_patty":2,"minecraft:dark_oak_planks":8,"minecraft:lantern":1,"villagersplus:occultist_table":1,"minecraft:iron_helmet":12,"minecraft:light_blue_bed":5,"minecraft:iron_boots":2,"minecraft:totem_of_undying":1,"minecraft:stone_bricks":4,"minecraft:red_carpet":2,"minecraft:diamond_chestplate":3,"minecraft:golden_sword":4,"minecraft:dark_oak_boat":2,"minecraft:goat_horn":2,"minecraft:furnace":1,"minecraft:cooked_cod":1,"minecraft:gray_bed":1,"minecraft:polished_diorite_stairs":1,"minecraft:egg":1,"minecraft:cooked_beef":3,"minecraft:oak_chest_boat":1,"minecraft:iron_leggings":1,"minecraft:cooked_mutton":7,"minecraft:mossy_stone_bricks":1,"minecraft:diorite":9,"minecraft:glass_bottle":1,"minecraft:baked_potato":5,"minecraft:golden_apple":2,"farmersdelight:onion":5,"minecraft:crafting_table":1,"minecraft:book":1,"minecraft:flower_pot":1,"minecraft:sunflower":1,"minecraft:bread":30,"minecraft:cyan_bed":2,"minecraft:iron_pickaxe":135,"minecraft:diamond_sword":53,"minecraft:potion":5,"minecraft:cobblestone":69,"twigs:pebble":4,"minecraft:gray_wool":1,"minecraft:experience_bottle":11}},"DataVersion":3465}