{"stats":{"minecraft:custom":{"minecraft:time_since_rest":4413,"minecraft:open_chest":4,"minecraft:play_time":5439,"minecraft:sprint_one_cm":32153,"minecraft:walk_one_cm":5500,"minecraft:damage_taken":460,"minecraft:deaths":1,"minecraft:sneak_time":18,"minecraft:drop":5,"minecraft:jump":212,"minecraft:time_since_death":4386,"minecraft:climb_one_cm":253,"minecraft:total_world_time":5439,"minecraft:fall_one_cm":8666,"minecraft:fly_one_cm":49686},"minecraft:killed_by":{"minecraft:zombie":1},"minecraft:used":{"minecraft:dirt":1,"minecraft:bread":1,"twigs:pebble":1},"minecraft:mined":{"minecraft:grass":115,"minecraft:oak_log":2,"minecraft:grass_block":2,"twigs:pebble":1,"minecraft:tall_grass":11},"minecraft:dropped":{"minecraft:wheat_seeds":8},"minecraft:picked_up":{"minecraft:wheat_seeds":8,"twigs:pebble":1,"minecraft:oak_log":2,"minecraft:dirt":2}},"DataVersion":3465}