{"stats":{"minecraft:broken":{"aether:golden_gloves":1,"minecraft:iron_boots":1,"minecraft:iron_leggings":2,"minecraft:iron_sword":1,"minecraft:diamond_hoe":1,"minecraft:iron_pickaxe":1,"epicpaladins:arclight_hoe":4},"minecraft:mined":{"minecraft:white_bed":5,"minecraft:sculk_vein":2558,"minecraft:obsidian":21,"minecraft:granite":5,"deeperdarker:sculk_vines_plant":2,"minecraft:grass_block":3,"deeperdarker:echo_soil":2,"deeperdarker:sculk_gleam":24,"minecraft:deepslate_bricks":1,"deeperdarker:gloomy_grass":81,"quark:ancient_chest":9,"mysticalagriculture:inferium_ore":2,"minecraft:spawner":3,"minecraft:polished_blackstone_bricks":4,"epicpaladins:moonlight_ore":2,"quark:blossom_chest":1,"minecraft:magma_block":29,"biomesoplenty:tall_lavender":3,"minecraft:sculk_catalyst":97,"minecraft:fire":86,"minecraft:iron_ore":71,"minecraft:cobbled_deepslate":4,"biomesoplenty:lavender":8,"quark:blossom_planks":1,"minecraft:deepslate_lapis_ore":3,"deeperdarker:sculk_stone_diamond_ore":6,"minecraft:sculk_shrieker":51,"deeperdarker:crystallized_amber":3,"deeperdarker:sculk_grime":1,"minecraft:dirt_path":10,"minecraft:oak_stairs":1,"minecraft:green_carpet":4,"deeperdarker:infested_sculk":8,"minecraft:deepslate_redstone_ore":16,"minecraft:brown_mushroom":1,"minecraft:polished_blackstone_wall":1,"minecraft:red_bed":4,"minecraft:blackstone":12,"minecraft:soul_fire":2,"deeperdarker:sculk_stone":119,"born_in_chaos_v1:infected_deepslate_diamond_ore":7,"minecraft:torch":6,"irons_spellbooks:arcane_debris":3,"minecraft:calcite":2,"minecraft:chest":1,"minecraft:nether_quartz_ore":89,"minecraft:cobblestone":30,"minecraft:wall_torch":10,"minecraft:cauldron":1,"minecraft:amethyst_block":2,"minecraft:pink_petals":4,"minecraft:warped_nylium":1,"deeperdarker:sculk_stone_lapis_ore":29,"mysticalagriculture:soulium_ore":2,"minecraft:wheat":1,"epicpaladins:deepslate_cryorium_ore":1,"minecraft:lilac":2,"minecraft:grass":564,"minecraft:oak_log":38,"delightful:mini_melon":6,"minecraft:dirt":7,"deeperdarker:gloomy_cactus":1,"mysticalagriculture:deepslate_prosperity_ore":1,"minecraft:smooth_basalt":4,"twigs:rhyolite":19,"minecraft:ancient_debris":2,"minecraft:netherrack":1126,"epicpaladins:arclight_ore":13,"minecraft:oak_leaves":14,"minecraft:deepslate":125,"mysticalagriculture:prosperity_ore":8,"mysticalagriculture:soulstone":49,"minecraft:red_carpet":1,"minecraft:tuff":11,"iceandfire:silver_ore":1,"deeperdarker:gloomslate_lapis_ore":18,"minecraft:deepslate_diamond_ore":36,"minecraft:candle":19,"deeperdarker:gloomslate":13,"born_in_chaos_v1:infected_diamond_ore":4,"biomesoplenty:bush":124,"minecraft:allium":5,"minecraft:black_banner":1,"biomesoplenty:dune_grass":2,"epicpaladins:deepslate_arclight_ore":27,"minecraft:hay_block":17,"deeperdarker:gloomy_sculk":851,"minecraft:black_stained_glass_pane":5,"minecraft:carrots":2,"minecraft:polished_basalt":1,"minecraft:andesite":3,"minecraft:chiseled_deepslate":1,"deeperdarker:sculk_tendrils":1,"biomesoplenty:sea_oats":19,"minecraft:bookshelf":2,"minecraft:deepslate_iron_ore":28,"minecraft:cobblestone_slab":10,"minecraft:vine":1,"deeperdarker:sculk_tendrils_plant":5,"biomesoplenty:barley":150,"irons_spellbooks:inscription_table":1,"minecraft:stone":358,"minecraft:smithing_table":1,"deeperdarker:sculk_stone_gold_ore":1,"quark:oak_chest":2,"minecraft:dandelion":1,"minecraft:warped_roots":1,"minecraft:sculk_sensor":414,"twigs:petrified_lichen":1,"minecraft:copper_ore":1,"minecraft:tall_grass":43,"minecraft:deepslate_gold_ore":30,"minecraft:cracked_deepslate_bricks":1,"minecraft:sculk":22607,"minecraft:diorite":8,"supplementaries:urn":71,"minecraft:gray_wool":3,"minecraft:yellow_bed":4,"minecraft:coal_ore":88,"minecraft:cherry_leaves":3,"minecraft:gravel":29,"minecraft:cobweb":1,"minecraft:polished_blackstone":1,"minecraft:stone_bricks":1,"minecraft:gold_ore":5,"deeperdarker:gloomy_geyser":6},"minecraft:dropped":{"minecraft:iron_sword":3,"minecraft:candle":27,"minecraft:porkchop":6,"irons_spellbooks:rare_ink":2,"minecraft:lapis_lazuli":1,"minecraft:oak_log":1,"minecraft:glow_ink_sac":1,"minecraft:glass_bottle":4,"minecraft:crafting_table":2,"minecraft:glow_berries":78,"minecraft:leather":5,"minecraft:honeycomb":10,"born_in_chaos_v1:missionary_hat_helmet":1,"minecraft:saddle":5,"farmersdelight:rice":2,"irons_spellbooks:tarnished_helmet":1,"minecraft:black_banner":1,"minecraft:emerald":13,"minecraft:leather_helmet":2,"minecraft:music_disc_13":1,"twigs:pebble":20,"minecraft:dirt":28,"irons_spellbooks:silver_ring":2,"minecraft:mutton":2,"minecraft:snowball":49,"irons_spellbooks:arcane_essence":7,"minecraft:amethyst_shard":40,"minecraft:gold_nugget":75,"minecraft:phantom_membrane":1,"minecraft:polished_blackstone_bricks":4,"minecraft:iron_pickaxe":1,"born_in_chaos_v1:death_totem":1,"mysticalagriculture:soulstone_cobble":42,"minecraft:fermented_spider_eye":1,"minecraft:white_wool":2,"minecraft:polished_blackstone_wall":3,"quark:oak_chest":2,"spawnersplus:spawner_fragment":2,"twigs:twig":14,"epicpaladins:arclight_sword":5,"minecraft:bone":36,"deeperdarker:sculk_tendrils":10,"minecraft:gravel":27,"undead_revamp2:huntereye":1,"minecraft:compass":3,"minecraft:iron_nugget":61,"minecraft:golden_chestplate":1,"minecraft:cobbled_deepslate":73,"born_in_chaos_v1:ethereal_spirit":1,"minecraft:wheat":11,"undead_revamp2:arapholia":1,"minecraft:obsidian":8,"quark:ancient_chest":7,"deeperdarker:sculk_gleam":14,"minecraft:rotten_flesh":194,"minecraft:oak_planks":4,"minecraft:carrot":14,"patchouli:guide_book":1,"supplementaries:antique_ink":12,"minecraft:chiseled_deepslate":1,"quark:blossom_chest":1,"supplementaries:flax_seeds":11,"supplementaries:ash":75,"minecraft:gunpowder":16,"mysticalagriculture:inferium_essence":50,"born_in_chaos_v1:corpse_maggot":8,"minecraft:leather_boots":1,"minecraft:chest":1,"irons_spellbooks:arcane_debris":3,"minecraft:chainmail_boots":1,"epicpaladins:arclight_pickaxe":1,"farmersdelight:rope":7,"deeperdarker:grime_ball":37,"minecraft:arrow":5,"minecraft:beef":2,"minecraft:ghast_tear":1,"minecraft:quartz":34,"minecraft:netherrack":293,"biomesoplenty:tall_lavender":1,"minecraft:iron_ingot":1,"minecraft:enchanted_book":3,"minecraft:stone_hoe":12,"deeperdarker:cobbled_gloomslate":20,"born_in_chaos_v1:intoxicating_decoction":1,"minecraft:wheat_seeds":90,"minecraft:lilac":1,"minecraft:mossy_cobblestone":3,"quark:blossom_planks":11,"deeperdarker:sculk_bone":54,"minecraft:lead":1,"biomesoplenty:lavender":28,"minecraft:book":6,"minecraft:cobblestone":58,"minecraft:iron_helmet":2,"delightful:green_tea_leaf":4,"minecraft:granite":1,"deeperdarker:echo_soil":1,"minecraft:copper_ingot":5,"minecraft:disc_fragment_5":9,"minecraft:chainmail_helmet":2,"bygonenether:cobbled_blackstone":9,"irons_spellbooks:scroll":3,"deeperdarker:echo_sapling":1,"minecraft:diamond_horse_armor":2,"minecraft:gray_wool":3,"irons_spellbooks:affinity_ring":2,"minecraft:diorite":2,"born_in_chaos_v1:fused_bone":4,"minecraft:iron_leggings":3,"born_in_chaos_v1:lifestealer_bone":3,"delightful:acorn":1,"irons_spellbooks:common_ink":6,"minecraft:iron_axe":2,"minecraft:string":31,"minecraft:pink_petals":3,"minecraft:acacia_planks":4,"born_in_chaos_v1:flaming_evil_pumpkin":1,"minecraft:music_disc_cat":2,"minecraft:polished_deepslate":6,"minecraft:dandelion":2,"minecraft:redstone":1,"twigs:rhyolite":25,"minecraft:furnace":1,"minecraft:soul_torch":15,"minecraft:stone_sword":1,"minecraft:raw_copper":4,"minecraft:tuff":1,"minecraft:stone_shovel":24,"minecraft:raw_iron":2,"born_in_chaos_v1:rotten_fish":3,"minecraft:iron_boots":3,"minecraft:stone_slab":6,"minecraft:name_tag":2,"deeperdarker:sculk_vines":4,"deeperdarker:echo_log":1,"minecraft:flint_and_steel":1,"minecraft:filled_map":1,"minecraft:potato":67,"minecraft:cobblestone_slab":2,"minecraft:stone":1,"minecraft:shield":2,"minecraft:allium":3,"minecraft:diamond_chestplate":3,"minecraft:iron_chestplate":2,"minecraft:andesite":2,"minecraft:oak_sapling":10,"minecraft:stone_bricks":1,"minecraft:spider_eye":2,"minecraft:slime_ball":5,"minecraft:raw_gold":5,"minecraft:cracked_deepslate_bricks":1,"minecraft:magma_block":21,"deeperdarker:cobbled_sculk_stone":149},"minecraft:killed_by":{"undead_revamp2:theskeeper":1,"born_in_chaos_v1:corpse_fly":1,"minecraft:zombie":1,"born_in_chaos_v1:lifestealer_true_form":1,"minecraft:player":1,"born_in_chaos_v1:restless_spirit":1,"minecraft:iron_golem":1,"undead_revamp2:thesomnolence":1,"undead_revamp2:thehorrors":1,"undead_revamp2:thehunter":1,"minecraft:warden":2,"minecraft:skeleton":2},"minecraft:custom":{"minecraft:interact_with_crafting_table":73,"minecraft:open_barrel":47,"minecraft:bell_ring":3,"minecraft:leave_game":5,"minecraft:time_since_death":326996,"minecraft:damage_resisted":4,"minecraft:sprint_one_cm":2034962,"minecraft:damage_blocked_by_shield":75,"minecraft:drop":499,"minecraft:talked_to_villager":17,"minecraft:play_time":721782,"minecraft:deaths":16,"minecraft:interact_with_brewingstand":1,"minecraft:jump":17042,"minecraft:walk_on_water_one_cm":80724,"minecraft:enchant_item":19,"minecraft:interact_with_furnace":43,"minecraft:traded_with_villager":72,"minecraft:interact_with_loom":1,"minecraft:sleep_in_bed":8,"minecraft:waystone_activated":4,"minecraft:damage_dealt":55544,"minecraft:crouch_one_cm":260283,"minecraft:interact_with_smoker":36,"minecraft:interact_with_smithing_table":6,"minecraft:interact_with_anvil":47,"minecraft:mob_kills":285,"minecraft:damage_dealt_resisted":4823,"minecraft:climb_one_cm":13211,"minecraft:walk_one_cm":1473845,"minecraft:sneak_time":72753,"minecraft:walk_under_water_one_cm":34763,"minecraft:interact_with_lectern":1,"minecraft:interact_with_blast_furnace":27,"minecraft:total_world_time":721782,"minecraft:time_since_rest":171645,"minecraft:damage_taken":18405,"minecraft:damage_absorbed":123,"twilightforest:life_charms_activated":1,"minecraft:swim_one_cm":40516,"minecraft:fly_one_cm":2600771,"minecraft:open_chest":412,"minecraft:fall_one_cm":564776},"minecraft:crafted":{"epicpaladins:arclight_sword":3,"irons_spellbooks:wandering_magician_helmet":1,"minecraft:oak_planks":84,"minecraft:cobblestone_slab":90,"minecraft:melon_slice":12,"epicpaladins:arclight_pickaxe":1,"minecraft:stone":4,"irons_spellbooks:fire_ale":1,"minecraft:bow":1,"minecraft:diamond_leggings":1,"minecraft:iron_boots":2,"minecraft:chest":1,"minecraft:stone_hoe":12,"minecraft:smoker":2,"epicpaladins:arclight_hoe":3,"irons_spellbooks:scroll":2,"minecraft:emerald":64,"minecraft:arrow":1,"quark:blossom_planks":40,"minecraft:crafting_table":3,"minecraft:iron_helmet":1,"minecraft:baked_potato":441,"irons_spellbooks:furled_map":1,"iceandfire:tide_deepblue_leggings":1,"minecraft:birch_planks":4,"irons_spellbooks:arcane_anvil":1,"minecraft:iron_chestplate":1,"minecraft:stone_slab":6,"minecraft:stick":52,"quark:oak_chest":5,"minecraft:iron_ingot":64,"minecraft:iron_pickaxe":2,"minecraft:iron_block":6,"minecraft:gold_ingot":69,"minecraft:stone_shovel":24,"irons_spellbooks:eldritch_manuscript":2,"minecraft:furnace":4,"minecraft:bone_meal":453,"minecraft:flint_and_steel":1,"minecraft:leather":8,"minecraft:polished_deepslate":8,"minecraft:iron_axe":1,"minecraft:diamond_boots":1,"backpacked:backpack":1,"minecraft:wheat":138,"minecraft:enchanting_table":1,"minecraft:iron_sword":2,"born_in_chaos_v1:bone_heart":1,"minecraft:bread":48,"minecraft:air":0,"minecraft:iron_leggings":2,"minecraft:anvil":2,"minecraft:torch":340,"minecraft:diamond_chestplate":3},"minecraft:killed":{"born_in_chaos_v1:zombie_clown":1,"deeperdarker:sculk_centipede":1,"minecraft:cave_spider":2,"born_in_chaos_v1:restless_spirit":1,"born_in_chaos_v1:zombie_lumberjack":3,"minecraft:spider":5,"born_in_chaos_v1:baby_skeleton_minion":1,"born_in_chaos_v1:siamese_skeletonsright":2,"undead_revamp2:theswarmer":1,"minecraft:skeleton":6,"deeperdarker:sculk_leech":6,"deeperdarker:sculk_snapper":2,"undead_revamp2:therod":1,"irons_spellbooks:summoned_skeleton":1,"minecraft:piglin_brute":3,"minecraft:magma_cube":5,"minecraft:piglin":2,"born_in_chaos_v1:bonescaller":1,"minecraft:zombie_villager":12,"born_in_chaos_v1:diamond_termite":7,"born_in_chaos_v1:bone_imp":1,"minecraft:iron_golem":3,"undead_revamp2:theheavy":1,"irons_spellbooks:necromancer":1,"minecraft:creeper":2,"minecraft:sheep":1,"undead_revamp2:thebidyupside":1,"born_in_chaos_v1:zombie_fisherman":1,"minecraft:zombie":37,"born_in_chaos_v1:dread_hound":1,"born_in_chaos_v1:corpse_fly":6,"undead_revamp2:theskeeper":1,"born_in_chaos_v1:door_knight":3,"born_in_chaos_v1:siamese_skeletonsleft":2,"born_in_chaos_v1:missioner":1,"undead_revamp2:thehunter":12,"undead_revamp2:thegliter":3,"quark:toretoise":1,"minecraft:slime":13,"born_in_chaos_v1:zombie_bruiser":1,"born_in_chaos_v1:maggot":9,"minecraft:phantom":6,"deeperdarker:shattered":35,"undead_revamp2:thebidy":1,"minecraft:drowned":3,"undead_revamp2:thehorrors":1,"undead_revamp2:sucker":7,"born_in_chaos_v1:fallen_chaos_knight":1,"born_in_chaos_v1:baby_skeleton":9,"born_in_chaos_v1:swarmer":1,"quark:foxhound":1,"undead_revamp2:the_moonflower":12,"born_in_chaos_v1:decrepit_skeleton":7,"undead_revamp2:thesomnolence":10,"born_in_chaos_v1:nightmare_stalker":1,"deeperdarker:shriek_worm":3},"minecraft:picked_up":{"irons_spellbooks:scroll":8,"minecraft:chiseled_deepslate":1,"minecraft:wheat":16,"minecraft:chainmail_boots":1,"minecraft:smithing_table":1,"irons_spellbooks:affinity_ring":1,"minecraft:lead":1,"minecraft:enchanted_book":1,"minecraft:potion":1,"epicpaladins:arclight_hoe":1,"spawnersplus:spawner_fragment":4,"minecraft:amethyst_block":3,"minecraft:music_disc_cat":2,"minecraft:string":29,"minecraft:raw_copper":4,"minecraft:iron_leggings":2,"biomesoplenty:tall_lavender":2,"epicpaladins:bloodstone_gem":7,"deeperdarker:grime_ball":37,"irons_spellbooks:arcane_essence":31,"minecraft:diamond_leggings":3,"mysticalagriculture:inferium_essence":75,"minecraft:gold_nugget":53,"minecraft:cobbled_deepslate":113,"twigs:pebble":20,"minecraft:netherite_upgrade_smithing_template":1,"minecraft:cobblestone_slab":9,"irons_spellbooks:blank_rune":3,"minecraft:enchanted_golden_apple":2,"delightful:green_tea_leaf":5,"irons_spellbooks:inscription_table":2,"minecraft:iron_boots":2,"epicpaladins:arclight_gem":41,"minecraft:torch":96,"born_in_chaos_v1:flaming_evil_pumpkin":1,"mysticalagriculture:prosperity_shard":14,"born_in_chaos_v1:pileof_dark_metal":1,"aether:golden_gloves":1,"born_in_chaos_v1:nightmare_claw":1,"minecraft:diorite":9,"epicpaladins:moonlight_gem":3,"deeperdarker:echo_log":1,"minecraft:golden_chestplate":1,"quark:blossom_planks":17,"deeperdarker:soul_dust":5,"minecraft:rotten_flesh":155,"supplementaries:antique_ink":6,"quark:blossom_chest":1,"supplementaries:ash":113,"irons_spellbooks:arcane_debris":3,"minecraft:obsidian":25,"undead_revamp2:arapholia":2,"minecraft:cobblestone":390,"biomesoplenty:lavender":28,"minecraft:birch_log":1,"minecraft:pink_petals":16,"minecraft:magma_block":25,"deeperdarker:cobbled_sculk_stone":175,"minecraft:lilac":2,"deeperdarker:gloomy_cactus":1,"minecraft:andesite":3,"minecraft:potato":519,"minecraft:flint":2,"deeperdarker:echo_sapling":1,"minecraft:tuff":4,"supplementaries:flax_seeds":8,"undead_revamp2:huntereye":3,"minecraft:lapis_lazuli":327,"minecraft:dirt":11,"minecraft:disc_fragment_5":2,"minecraft:name_tag":2,"born_in_chaos_v1:monster_skin":4,"minecraft:leather_boots":1,"minecraft:bone":100,"minecraft:acacia_planks":4,"delightful:mini_melon":6,"minecraft:wheat_seeds":88,"minecraft:raw_gold":37,"mysticalagriculture:soulium_dust":9,"twigs:twig":10,"minecraft:oak_planks":2,"quark:ancient_chest":7,"deeperdarker:sculk_vines":4,"epicpaladins:arclight_sword":5,"minecraft:mossy_cobblestone":3,"undead_revamp2:heavytooth":2,"minecraft:bundle":1,"minecraft:diamond":44,"waystones:waystone":3,"minecraft:granite":5,"minecraft:emerald":47,"minecraft:chainmail_helmet":1,"minecraft:netherrack":991,"minecraft:oak_sapling":11,"twigs:rhyolite":19,"iceandfire:raw_silver":3,"minecraft:fishing_rod":1,"mysticalagriculture:soulstone_cobble":87,"born_in_chaos_v1:diamond_termite_shard":5,"minecraft:allium":4,"born_in_chaos_v1:missionary_hat_helmet":1,"deeperdarker:cobbled_gloomslate":20,"born_in_chaos_v1:seedof_chaos":1,"irons_spellbooks:tarnished_helmet":1,"minecraft:shield":3,"minecraft:cornflower":1,"minecraft:red_bed":4,"minecraft:iron_axe":1,"minecraft:flint_and_steel":1,"born_in_chaos_v1:intoxicating_decoction":2,"minecraft:compass":1,"minecraft:polished_blackstone_wall":3,"supplementaries:bomb":3,"minecraft:candle":59,"minecraft:echo_shard":6,"minecraft:iron_nugget":48,"minecraft:chest":1,"minecraft:phantom_membrane":1,"minecraft:diamond_hoe":1,"minecraft:raw_iron":97,"bygonenether:cobbled_blackstone":9,"minecraft:copper_ingot":4,"minecraft:polished_blackstone_bricks":4,"deeperdarker:sculk_tendrils":10,"born_in_chaos_v1:pieceofdarkmetal":10,"born_in_chaos_v1:charmof_endurance":1,"minecraft:carrot":14,"minecraft:redstone":77,"minecraft:arrow":8,"deeperdarker:sculk_gleam":19,"born_in_chaos_v1:wood_splitter_axe":1,"minecraft:hay_block":17,"minecraft:white_wool":1,"minecraft:cracked_deepslate_bricks":1,"minecraft:saddle":4,"minecraft:ward_armor_trim_smithing_template":1,"minecraft:black_banner":1,"minecraft:mutton":7,"born_in_chaos_v1:trident_hayfork":1,"minecraft:glow_berries":32,"irons_spellbooks:ancient_knowledge_fragment":7,"born_in_chaos_v1:fused_bone":5,"born_in_chaos_v1:corpse_maggot":8,"born_in_chaos_v1:monster_flesh":2,"minecraft:glow_ink_sac":1,"minecraft:leather":5,"irons_spellbooks:silver_ring":2,"minecraft:oak_log":38,"minecraft:ancient_debris":2,"minecraft:yellow_bed":4,"minecraft:gunpowder":1,"deeperdarker:echo_soil":3,"irons_spellbooks:rare_ink":1,"epicpaladins:arclight_pickaxe":1,"deeperdarker:warden_upgrade_smithing_template":2,"minecraft:stone_bricks":1,"minecraft:iron_ingot":69,"minecraft:glass_bottle":2,"iceandfire:sea_serpent_scales_deepblue":12,"minecraft:iron_sword":2,"minecraft:book":16,"minecraft:sculk_catalyst":1,"born_in_chaos_v1:death_totem":2,"minecraft:sculk":7,"minecraft:quartz":97,"born_in_chaos_v1:ethereal_spirit":2,"minecraft:dripstone_block":1,"minecraft:gravel":31,"minecraft:amethyst_shard":40,"minecraft:soul_torch":11,"minecraft:white_bed":5,"minecraft:crying_obsidian":1,"minecraft:green_carpet":3,"quark:oak_chest":2,"minecraft:spider_eye":1,"minecraft:leather_helmet":2,"deeperdarker:sculk_bone":118,"minecraft:iron_helmet":2,"minecraft:gray_wool":3,"minecraft:warped_roots":1,"minecraft:coal":129},"minecraft:used":{"irons_spellbooks:inscription_table":2,"minecraft:diamond_hoe":20432,"born_in_chaos_v1:intoxicating_decoction":1,"minecraft:chest":3,"minecraft:shield":1,"minecraft:iron_sword":314,"minecraft:rotten_flesh":2,"minecraft:sculk_sensor":12,"minecraft:iron_chestplate":1,"minecraft:carrot":14,"minecraft:allium":1,"minecraft:tuff":3,"epicpaladins:arclight_sword":680,"minecraft:obsidian":13,"born_in_chaos_v1:corpse_maggot":4,"delightful:green_tea_leaf":3,"minecraft:magma_block":4,"minecraft:bow":216,"epicpaladins:arclight_hoe":6244,"supplementaries:ash":14,"minecraft:oak_sapling":1,"minecraft:furnace":2,"minecraft:potato":11,"deeperdarker:gloomy_cactus":1,"minecraft:diorite":7,"minecraft:diamond_boots":2,"minecraft:oak_planks":18,"minecraft:ender_pearl":2,"biomesoplenty:rainbow_birch_sapling":1,"minecraft:glow_berries":2,"minecraft:lingering_potion":1,"waystones:waystone":3,"born_in_chaos_v1:monster_flesh":2,"minecraft:bread":51,"minecraft:melon_slice":12,"minecraft:string":1,"minecraft:gravel":2,"minecraft:lilac":1,"minecraft:andesite":1,"minecraft:bone_meal":453,"minecraft:experience_bottle":4,"minecraft:enchanting_table":1,"minecraft:flint_and_steel":26,"minecraft:redstone":1,"minecraft:dried_kelp":7,"minecraft:sculk":19,"minecraft:netherrack":216,"minecraft:torch":439,"minecraft:anvil":1,"minecraft:granite":4,"minecraft:bookshelf":2,"minecraft:iron_axe":61,"biomesoplenty:tall_lavender":1,"minecraft:iron_boots":2,"undead_revamp2:huntereye":1,"minecraft:diamond_chestplate":4,"quark:blossom_planks":24,"minecraft:cobbled_deepslate":32,"minecraft:iron_leggings":2,"deeperdarker:sculk_gleam":5,"born_in_chaos_v1:trident_hayfork":2,"minecraft:water_bucket":155,"minecraft:baked_potato":271,"minecraft:cobblestone_slab":97,"deeperdarker:echo_soil":2,"deeperdarker:cobbled_sculk_stone":26,"supplementaries:bomb":3,"minecraft:crafting_table":2,"minecraft:red_bed":4,"minecraft:white_bed":4,"born_in_chaos_v1:flaming_evil_pumpkin":1,"minecraft:smoker":2,"delightful:mini_melon":2,"epicpaladins:arclight_pickaxe":2137,"minecraft:cornflower":1,"minecraft:iron_pickaxe":481,"minecraft:pink_petals":13,"minecraft:green_carpet":3,"minecraft:cobblestone":260,"minecraft:bucket":155,"born_in_chaos_v1:wood_splitter_axe":4,"minecraft:yellow_bed":4,"quark:oak_chest":6,"alexsmobs:animal_dictionary":2,"minecraft:sculk_catalyst":6,"irons_spellbooks:arcane_anvil":1,"minecraft:soul_torch":2}},"DataVersion":3465}