{"stats":{"minecraft:killed":{"deeperdarker:sculk_centipede":1,"minecraft:cave_spider":3,"born_in_chaos_v1:zombie_lumberjack":3,"born_in_chaos_v1:restless_spirit":2,"undead_revamp2:axestrom":3,"born_in_chaos_v1:siamese_skeletonsright":2,"born_in_chaos_v1:baby_skeleton_minion":1,"undead_revamp2:theswarmer":2,"minecraft:skeleton":7,"deeperdarker:sculk_snapper":2,"minecraft:magma_cube":9,"born_in_chaos_v1:bone_imp":5,"minecraft:salmon":7,"stalwart_dungeons:giddy_blaze":1,"minecraft:iron_golem":3,"undead_revamp2:theheavy":1,"minecraft:zombie":49,"born_in_chaos_v1:corpse_fly":7,"born_in_chaos_v1:door_knight":3,"undead_revamp2:thehunter":13,"quark:toretoise":1,"undead_revamp2:thebidy":1,"born_in_chaos_v1:spiritof_chaos":1,"undead_revamp2:the_moonflower":19,"irons_spellbooks:citadel_keeper":1,"born_in_chaos_v1:decrepit_skeleton":7,"undead_revamp2:thesomnolence":11,"iceandfire:ghost":15,"deeperdarker:shriek_worm":3,"minecraft:enderman":1,"undead_revamp2:thewolf":1,"born_in_chaos_v1:zombie_clown":2,"alexsmobs:hummingbird":1,"minecraft:zombified_piglin":2,"minecraft:spider":5,"undead_revamp2:thesmoker":2,"deeperdarker:sculk_leech":6,"undead_revamp2:therod":1,"irons_spellbooks:summoned_skeleton":1,"minecraft:piglin_brute":5,"undead_revamp2:crackleball":1,"minecraft:piglin":7,"born_in_chaos_v1:bonescaller":1,"born_in_chaos_v1:diamond_termite":8,"minecraft:zombie_villager":12,"undead_revamp2:thebeartamer":1,"irons_spellbooks:necromancer":1,"minecraft:creeper":2,"minecraft:sheep":1,"undead_revamp2:theordure":1,"undead_revamp2:thebidyupside":2,"born_in_chaos_v1:zombie_fisherman":1,"born_in_chaos_v1:dread_hound":1,"undead_revamp2:theskeeper":1,"minecraft:blaze":1,"born_in_chaos_v1:siamese_skeletonsleft":2,"alexsmobs:dropbear":2,"born_in_chaos_v1:missioner":1,"undead_revamp2:thegliter":3,"minecraft:slime":13,"born_in_chaos_v1:zombie_bruiser":1,"born_in_chaos_v1:maggot":9,"minecraft:phantom":6,"iceandfire:fire_dragon":2,"deeperdarker:shattered":39,"minecraft:drowned":3,"undead_revamp2:thehorrors":1,"alexsmobs:skreecher":1,"undead_revamp2:sucker":9,"born_in_chaos_v1:fallen_chaos_knight":1,"born_in_chaos_v1:baby_skeleton":10,"born_in_chaos_v1:swarmer":1,"quark:foxhound":2,"minecraft:hoglin":3,"born_in_chaos_v1:nightmare_stalker":1,"minecraft:wither_skeleton":6},"minecraft:mined":{"minecraft:white_bed":7,"irons_spellbooks:armor_pile":1,"minecraft:red_nether_bricks":107,"minecraft:obsidian":21,"biomesoplenty:burning_blossom":2,"minecraft:granite":155,"deeperdarker:echo_soil":2,"minecraft:deepslate_bricks":1,"deeperdarker:gloomy_grass":103,"quark:ancient_chest":9,"minecraft:nether_wart":1,"mysticalagriculture:inferium_ore":11,"minecraft:spawner":4,"minecraft:polished_blackstone_bricks":155,"epicpaladins:moonlight_ore":6,"quark:blossom_chest":1,"minecraft:magma_block":37,"biomesoplenty:tall_lavender":4,"minecraft:fire":351,"minecraft:cobbled_deepslate":4,"biomesoplenty:lavender":42,"minecraft:deepslate_lapis_ore":3,"deeperdarker:sculk_stone_diamond_ore":14,"minecraft:nether_brick_stairs":6,"minecraft:sculk_shrieker":65,"deeperdarker:crystallized_amber":3,"minecraft:dirt_path":10,"minecraft:oak_stairs":1,"minecraft:green_carpet":4,"biomesoplenty:jacaranda_leaves":3,"minecraft:brown_mushroom":1,"quark:nether_brick_chest":1,"minecraft:red_bed":6,"minecraft:soul_fire":5,"deeperdarker:sculk_stone":120,"minecraft:powder_snow":21,"born_in_chaos_v1:infected_deepslate_diamond_ore":9,"minecraft:torch":10,"irons_spellbooks:arcane_debris":3,"minecraft:white_stained_glass_pane":2,"minecraft:amethyst_block":2,"deeperdarker:sculk_stone_lapis_ore":29,"mysticalagriculture:soulium_ore":5,"minecraft:wheat":1,"minecraft:lilac":2,"biomesoplenty:large_rose_quartz_bud":1,"minecraft:warped_fungus":1,"minecraft:grass":1050,"delightful:mini_melon":6,"deeperdarker:gloomy_cactus":1,"minecraft:smooth_basalt":4,"twigs:rhyolite":69,"mysticalagriculture:deepslate_inferium_ore":5,"epicpaladins:arclight_ore":13,"minecraft:deepslate":529,"minecraft:deepslate_tiles":7,"mysticalagriculture:soulstone":68,"iceandfire:silver_ore":1,"deeperdarker:gloomslate_lapis_ore":25,"deeperdarker:gloomslate":15,"minecraft:nether_bricks":63,"minecraft:allium":7,"minecraft:crimson_roots":1,"biomesoplenty:dead_grass":8,"minecraft:red_mushroom":1,"biomesoplenty:dune_grass":2,"epicpaladins:deepslate_arclight_ore":27,"minecraft:black_stained_glass_pane":5,"minecraft:andesite":3,"deeperdarker:sculk_tendrils":1,"biomesoplenty:brimstone_bud":50,"minecraft:cobblestone_slab":10,"minecraft:vine":2,"minecraft:respawn_anchor":1,"deeperdarker:sculk_tendrils_plant":7,"biomesoplenty:barley":217,"quark:permafrost":4,"irons_spellbooks:inscription_table":1,"minecraft:smithing_table":1,"minecraft:glass_pane":2,"quark:oak_chest":2,"minecraft:dandelion":1,"minecraft:cornflower":1,"minecraft:warped_roots":3,"minecraft:tall_grass":75,"minecraft:copper_ore":1,"minecraft:deepslate_gold_ore":36,"minecraft:cracked_deepslate_bricks":1,"minecraft:diorite":8,"minecraft:warped_wart_block":1,"minecraft:quartz_pillar":2,"minecraft:gravel":30,"minecraft:dripstone_block":1,"minecraft:cobweb":5,"minecraft:stone_bricks":3,"minecraft:polished_blackstone":2,"minecraft:gold_ore":5,"minecraft:iron_trapdoor":2,"minecraft:fern":3,"mysticalagriculture:prudentium_farmland":1,"minecraft:spruce_planks":1,"minecraft:sculk_vein":3003,"deeperdarker:sculk_vines_plant":2,"minecraft:grass_block":11,"minecraft:cracked_polished_blackstone_bricks":101,"deeperdarker:sculk_gleam":24,"biomesoplenty:bramble_leaves":4,"minecraft:sculk_catalyst":112,"minecraft:red_nether_brick_stairs":2,"minecraft:iron_ore":80,"quark:blossom_planks":1,"deeperdarker:sculk_grime":1,"minecraft:iron_bars":2,"deeperdarker:infested_sculk":8,"minecraft:deepslate_redstone_ore":16,"minecraft:polished_blackstone_wall":5,"minecraft:blackstone":19,"supplementaries:book_pile":1,"mysticalagriculture:inferium_crop":1,"minecraft:calcite":2,"minecraft:chest":1,"minecraft:nether_quartz_ore":484,"minecraft:cobblestone":30,"minecraft:grindstone":3,"minecraft:wall_torch":10,"minecraft:cauldron":1,"minecraft:pink_petals":10,"minecraft:warped_nylium":4,"epicpaladins:deepslate_cryorium_ore":1,"minecraft:blue_ice":1,"deeperdarker:gloomslate_diamond_ore":3,"born_in_chaos_v1:river_mint":2,"minecraft:oak_log":38,"minecraft:dirt":20,"mysticalagriculture:deepslate_prosperity_ore":1,"minecraft:ancient_debris":8,"minecraft:netherrack":3470,"minecraft:oak_leaves":17,"mysticalagriculture:prosperity_ore":8,"minecraft:nether_gold_ore":26,"minecraft:red_carpet":1,"minecraft:tuff":11,"minecraft:blackstone_wall":4,"minecraft:deepslate_diamond_ore":65,"minecraft:candle":19,"born_in_chaos_v1:infected_diamond_ore":4,"biomesoplenty:bush":200,"minecraft:black_banner":1,"minecraft:cracked_nether_bricks":6,"minecraft:hay_block":17,"deeperdarker:gloomy_sculk":5069,"minecraft:carrots":2,"minecraft:nether_sprouts":5,"minecraft:polished_basalt":1,"minecraft:chiseled_deepslate":1,"minecraft:gold_block":17,"biomesoplenty:sea_oats":19,"minecraft:bookshelf":2,"minecraft:deepslate_iron_ore":28,"minecraft:packed_ice":313,"minecraft:stone":969,"deeperdarker:sculk_stone_gold_ore":1,"minecraft:basalt":30,"minecraft:cyan_stained_glass_pane":3,"minecraft:light_gray_wall_banner":1,"minecraft:sculk_sensor":479,"twigs:petrified_lichen":1,"minecraft:quartz_bricks":41,"biomesoplenty:sprout":65,"dragonmounts:dragon_egg":3,"minecraft:sculk":28160,"supplementaries:urn":72,"minecraft:gray_wool":3,"minecraft:sweet_berry_bush":1,"minecraft:gray_bed":27,"minecraft:yellow_bed":4,"minecraft:coal_ore":94,"minecraft:cherry_leaves":3,"minecraft:cracked_stone_bricks":1,"deeperdarker:gloomy_geyser":23},"minecraft:used":{"irons_spellbooks:inscription_table":2,"minecraft:chest":3,"minecraft:rotten_flesh":2,"minecraft:allium":1,"epicpaladins:arclight_sword":1039,"minecraft:lava_bucket":1,"minecraft:quartz_block":36,"delightful:green_tea_leaf":3,"minecraft:bow":399,"minecraft:furnace":2,"supplementaries:ash":14,"minecraft:oak_sapling":1,"minecraft:potato":11,"stalwart_dungeons:tungsten_chestplate":1,"minecraft:diorite":7,"minecraft:golden_apple":3,"minecraft:glow_berries":2,"biomesoplenty:rainbow_birch_sapling":1,"minecraft:deepslate_tiles":1,"born_in_chaos_v1:monster_flesh":2,"minecraft:lilac":1,"minecraft:smithing_table":1,"twigs:bloodstone":18,"minecraft:enchanting_table":1,"minecraft:netherrack":1366,"minecraft:torch":461,"minecraft:warped_wart_block":1,"minecraft:anvil":1,"minecraft:iron_axe":61,"biomesoplenty:tall_lavender":1,"undead_revamp2:huntereye":1,"minecraft:diamond_chestplate":4,"minecraft:basalt":29,"quark:blossom_planks":24,"minecraft:cobbled_deepslate":84,"minecraft:water_bucket":236,"minecraft:polished_blackstone_bricks":149,"minecraft:cracked_stone_bricks":1,"deeperdarker:cobbled_sculk_stone":26,"minecraft:crafting_table":2,"minecraft:red_bed":6,"supplementaries:bomb":3,"minecraft:white_bed":6,"stalwart_dungeons:tungsten_leggings":2,"epicpaladins:arclight_pickaxe":6767,"minecraft:cornflower":2,"minecraft:iron_pickaxe":481,"minecraft:green_carpet":3,"minecraft:cobblestone":262,"quark:oak_chest":6,"irons_spellbooks:arcane_anvil":1,"minecraft:diamond_leggings":2,"epicpaladins:bloodstone_pickaxe":450,"quark:ancient_tome":1,"minecraft:diamond_hoe":30793,"born_in_chaos_v1:intoxicating_decoction":1,"minecraft:shield":1,"minecraft:iron_sword":314,"minecraft:sculk_sensor":12,"minecraft:iron_chestplate":1,"minecraft:carrot":14,"minecraft:tuff":3,"mysticalagriculture:inferium_seeds":1,"minecraft:obsidian":13,"born_in_chaos_v1:corpse_maggot":4,"minecraft:stone_bricks":1,"minecraft:magma_block":6,"epicpaladins:arclight_hoe":6244,"minecraft:gray_bed":26,"bygonenether:cobbled_blackstone":1,"deeperdarker:gloomy_cactus":2,"minecraft:diamond_boots":5,"minecraft:oak_planks":61,"minecraft:ender_pearl":6,"biomesoplenty:lavender":5,"undead_revamp2:bostroxset_chestplate":1,"minecraft:lingering_potion":1,"waystones:waystone":3,"minecraft:melon_slice":12,"minecraft:bread":51,"minecraft:string":1,"born_in_chaos_v1:smoked_monster_flesh":1,"minecraft:gravel":3,"iceandfire:dragon_skull_fire":4,"born_in_chaos_v1:river_mint":2,"minecraft:grindstone":3,"minecraft:andesite":1,"minecraft:bone_meal":468,"minecraft:experience_bottle":8,"minecraft:flint_and_steel":26,"minecraft:redstone":1,"minecraft:dried_kelp":7,"minecraft:sculk":19,"minecraft:dirt":7,"iceandfire:tide_deepblue_leggings":5,"minecraft:granite":4,"dragonmounts:dragon_egg":5,"minecraft:bookshelf":2,"minecraft:iron_boots":2,"minecraft:golden_carrot":5,"minecraft:enchanted_golden_apple":2,"minecraft:iron_leggings":2,"deeperdarker:sculk_gleam":5,"born_in_chaos_v1:trident_hayfork":2,"minecraft:baked_potato":442,"minecraft:red_nether_bricks":69,"minecraft:cobblestone_slab":97,"deeperdarker:echo_soil":2,"minecraft:glow_item_frame":1,"born_in_chaos_v1:flaming_evil_pumpkin":1,"minecraft:smoker":2,"delightful:mini_melon":2,"minecraft:cracked_polished_blackstone_bricks":41,"iceandfire:ash":1,"minecraft:pink_petals":13,"minecraft:bucket":236,"born_in_chaos_v1:wood_splitter_axe":4,"minecraft:yellow_bed":4,"alexsmobs:animal_dictionary":2,"minecraft:sculk_catalyst":6,"minecraft:soul_torch":2},"minecraft:broken":{"aether:golden_gloves":1,"minecraft:iron_boots":1,"minecraft:iron_leggings":3,"minecraft:iron_sword":1,"minecraft:iron_pickaxe":1,"epicpaladins:arclight_hoe":4,"minecraft:diamond_hoe":1,"minecraft:diamond_chestplate":1},"minecraft:custom":{"minecraft:interact_with_crafting_table":80,"minecraft:open_barrel":66,"goblintraders:trade_with_goblin":7,"minecraft:bell_ring":3,"minecraft:leave_game":7,"minecraft:time_since_death":234986,"minecraft:damage_blocked_by_shield":75,"minecraft:play_time":1059188,"minecraft:deaths":29,"minecraft:jump":25768,"minecraft:enchant_item":27,"minecraft:interact_with_furnace":44,"minecraft:traded_with_villager":72,"minecraft:sleep_in_bed":10,"minecraft:waystone_activated":5,"minecraft:damage_dealt":77917,"minecraft:interact_with_smoker":42,"minecraft:interact_with_smithing_table":11,"minecraft:interact_with_anvil":64,"minecraft:sneak_time":102543,"minecraft:interact_with_lectern":1,"minecraft:interact_with_blast_furnace":46,"minecraft:total_world_time":1059188,"minecraft:time_since_rest":235019,"twilightforest:life_charms_activated":1,"minecraft:swim_one_cm":93382,"minecraft:fly_one_cm":3902102,"minecraft:open_chest":652,"minecraft:fall_one_cm":918138,"minecraft:damage_resisted":194,"minecraft:sprint_one_cm":3143245,"minecraft:drop":813,"minecraft:talked_to_villager":18,"minecraft:interact_with_brewingstand":1,"minecraft:walk_on_water_one_cm":104399,"minecraft:interact_with_loom":1,"minecraft:crouch_one_cm":309537,"minecraft:mob_kills":408,"minecraft:damage_dealt_resisted":5125,"minecraft:climb_one_cm":18388,"minecraft:walk_one_cm":2208731,"minecraft:walk_under_water_one_cm":60089,"minecraft:interact_with_grindstone":12,"minecraft:damage_taken":30001,"minecraft:damage_absorbed":435,"minecraft:trigger_trapped_chest":5},"minecraft:crafted":{"epicpaladins:arclight_sword":3,"irons_spellbooks:fire_ale":1,"minecraft:quartz_block":36,"minecraft:diamond_leggings":1,"irons_spellbooks:scroll":2,"minecraft:emerald":71,"irons_spellbooks:arcane_anvil":1,"minecraft:stone_slab":6,"quark:oak_chest":5,"minecraft:iron_pickaxe":2,"minecraft:iron_block":6,"minecraft:gold_ingot":78,"minecraft:netherite_ingot":1,"minecraft:stone_shovel":24,"minecraft:bone_meal":468,"born_in_chaos_v1:smoked_monster_flesh":2,"minecraft:diamond_boots":2,"minecraft:wheat":138,"minecraft:enchanting_table":1,"minecraft:iron_leggings":2,"irons_spellbooks:wandering_magician_helmet":1,"minecraft:oak_planks":84,"minecraft:cobblestone_slab":90,"minecraft:melon_slice":12,"minecraft:stone":4,"epicpaladins:arclight_pickaxe":1,"minecraft:bow":1,"minecraft:iron_boots":2,"minecraft:chest":1,"minecraft:stone_hoe":12,"minecraft:smoker":2,"epicpaladins:arclight_hoe":3,"minecraft:arrow":1,"quark:blossom_planks":40,"minecraft:crafting_table":3,"minecraft:iron_helmet":1,"minecraft:baked_potato":441,"irons_spellbooks:furled_map":1,"iceandfire:tide_deepblue_leggings":1,"minecraft:birch_planks":4,"minecraft:iron_chestplate":1,"minecraft:stick":56,"minecraft:iron_ingot":64,"stalwart_dungeons:tungsten_leggings":1,"minecraft:fishing_rod":1,"irons_spellbooks:eldritch_manuscript":2,"minecraft:furnace":4,"minecraft:flint_and_steel":1,"minecraft:leather":8,"minecraft:polished_deepslate":8,"minecraft:iron_axe":1,"backpacked:backpack":1,"minecraft:netherite_scrap":8,"stalwart_dungeons:tungsten_ingot":26,"minecraft:iron_sword":2,"born_in_chaos_v1:bone_heart":1,"minecraft:bread":48,"minecraft:air":0,"stalwart_dungeons:tungsten_chestplate":1,"minecraft:anvil":2,"minecraft:torch":340,"minecraft:diamond_chestplate":3},"minecraft:picked_up":{"minecraft:chainmail_boots":2,"irons_spellbooks:affinity_ring":1,"minecraft:lead":1,"minecraft:smithing_table":1,"minecraft:enchanted_book":1,"epicpaladins:arclight_hoe":1,"spawnersplus:spawner_fragment":5,"minecraft:amethyst_block":3,"twigs:bloodstone":20,"minecraft:music_disc_cat":2,"minecraft:string":33,"minecraft:red_nether_bricks":171,"biomesoplenty:tall_lavender":4,"deeperdarker:grime_ball":37,"minecraft:diamond_leggings":3,"mysticalagriculture:inferium_essence":365,"minecraft:gold_nugget":336,"minecraft:cobbled_deepslate":314,"minecraft:netherite_upgrade_smithing_template":1,"irons_spellbooks:blank_rune":3,"minecraft:enchanted_golden_apple":2,"mysticalagriculture:prosperity_shard":14,"born_in_chaos_v1:pileof_dark_metal":1,"minecraft:golden_axe":2,"mysticalagriculture:inferium_seeds":1,"epicpaladins:moonlight_gem":11,"deeperdarker:echo_log":1,"minecraft:golden_chestplate":3,"iceandfire:fire_dragon_heart":2,"mysticalagriculture:prudentium_essence":1,"supplementaries:ash":115,"minecraft:blaze_rod":5,"biomesoplenty:lavender":159,"minecraft:birch_log":2,"minecraft:magma_block":63,"deeperdarker:gloomy_cactus":26,"minecraft:water_bucket":1,"minecraft:flint":2,"minecraft:disc_fragment_5":2,"stalwart_dungeons:blaze_armor_scrap":9,"undead_revamp2:blacpetalblock":1,"delightful:mini_melon":6,"mysticalagriculture:soulium_dust":38,"minecraft:warped_wart_block":1,"iceandfire:dragon_skull_fire":5,"epicpaladins:arclight_sword":5,"undead_revamp2:heavytooth":2,"minecraft:bundle":1,"minecraft:quartz_bricks":29,"dragonmounts:dragon_egg":3,"minecraft:granite":123,"minecraft:bread":1,"minecraft:chainmail_helmet":1,"twigs:rhyolite":69,"minecraft:crimson_roots":1,"iceandfire:raw_silver":3,"iceandfire:witherbone":7,"minecraft:nether_wart":12,"born_in_chaos_v1:seedof_chaos":1,"irons_spellbooks:tarnished_helmet":1,"born_in_chaos_v1:missionary_hat_helmet":1,"minecraft:cornflower":2,"minecraft:red_bed":6,"minecraft:flint_and_steel":1,"born_in_chaos_v1:intoxicating_decoction":2,"minecraft:compass":1,"minecraft:polished_blackstone_wall":11,"supplementaries:bomb":3,"minecraft:cracked_stone_bricks":1,"minecraft:respawn_anchor":1,"quark:permafrost":3,"minecraft:iron_nugget":88,"minecraft:chest":1,"minecraft:diamond_hoe":1,"minecraft:glow_item_frame":1,"deeperdarker:sculk_tendrils":24,"born_in_chaos_v1:pieceofdarkmetal":10,"minecraft:carrot":14,"minecraft:redstone":77,"born_in_chaos_v1:wood_splitter_axe":1,"minecraft:hay_block":17,"minecraft:cracked_deepslate_bricks":1,"minecraft:polished_blackstone":1,"minecraft:glow_berries":32,"minecraft:mutton":7,"irons_spellbooks:ancient_knowledge_fragment":7,"minecraft:white_wool":1,"born_in_chaos_v1:monster_flesh":2,"alexsmobs:skreecher_soul":1,"irons_spellbooks:silver_ring":2,"minecraft:oak_log":38,"minecraft:ancient_debris":8,"deeperdarker:echo_soil":3,"deeperdarker:warden_upgrade_smithing_template":2,"minecraft:stone_bricks":2,"minecraft:glass_bottle":2,"minecraft:gray_bed":27,"minecraft:iron_sword":2,"minecraft:sculk":7,"minecraft:sweet_berries":3,"born_in_chaos_v1:ethereal_spirit":4,"minecraft:cracked_nether_bricks":5,"minecraft:gravel":35,"minecraft:spruce_log":2,"minecraft:crying_obsidian":4,"cataclysm:flame_eye":2,"minecraft:leather_helmet":2,"minecraft:slime_ball":1,"deeperdarker:sculk_bone":126,"minecraft:gray_wool":3,"minecraft:warped_roots":3,"minecraft:baked_potato":35,"minecraft:ender_pearl":5,"irons_spellbooks:scroll":8,"minecraft:chiseled_deepslate":1,"minecraft:wheat":16,"minecraft:nether_brick_fence":1,"minecraft:iron_trapdoor":4,"alexscaves:cave_tablet":2,"minecraft:potion":1,"minecraft:nether_brick":25,"minecraft:raw_copper":4,"aether:diamond_gloves":1,"minecraft:iron_leggings":3,"minecraft:netherite_ingot":1,"epicpaladins:bloodstone_gem":7,"alexsmobs:dropbear_claw":2,"irons_spellbooks:arcane_essence":31,"minecraft:deepslate_tiles":7,"delightful:acorn":9,"twigs:pebble":27,"minecraft:cobblestone_slab":9,"delightful:green_tea_leaf":5,"irons_spellbooks:inscription_table":2,"minecraft:iron_boots":2,"epicpaladins:arclight_gem":41,"minecraft:torch":112,"born_in_chaos_v1:flaming_evil_pumpkin":1,"aether:golden_gloves":1,"minecraft:diorite":9,"born_in_chaos_v1:nightmare_claw":1,"quark:blossom_planks":17,"quark:ancient_tome":1,"minecraft:rotten_flesh":183,"deeperdarker:soul_dust":5,"supplementaries:antique_ink":6,"quark:blossom_chest":1,"irons_spellbooks:arcane_debris":3,"minecraft:obsidian":30,"undead_revamp2:arapholia":3,"minecraft:cobblestone":808,"minecraft:pink_petals":50,"deeperdarker:cobbled_sculk_stone":175,"minecraft:lilac":2,"minecraft:magma_cream":4,"minecraft:andesite":3,"minecraft:golden_leggings":3,"minecraft:potato":570,"deeperdarker:echo_sapling":1,"minecraft:tuff":4,"supplementaries:flax_seeds":8,"undead_revamp2:huntereye":3,"minecraft:lapis_lazuli":389,"minecraft:dirt":21,"minecraft:name_tag":2,"born_in_chaos_v1:monster_skin":5,"minecraft:leather_boots":1,"irons_spellbooks:hogskin":1,"minecraft:bone":128,"minecraft:acacia_planks":4,"minecraft:wheat_seeds":144,"minecraft:raw_gold":45,"minecraft:grindstone":3,"twigs:twig":10,"minecraft:oak_planks":2,"quark:ancient_chest":7,"deeperdarker:sculk_vines":4,"minecraft:poisonous_potato":1,"minecraft:nether_brick_stairs":7,"minecraft:mossy_cobblestone":3,"born_in_chaos_v1:fire_dust":3,"minecraft:diamond":111,"waystones:waystone":3,"minecraft:cracked_polished_blackstone_bricks":42,"minecraft:crossbow":3,"minecraft:emerald":47,"minecraft:oak_sapling":11,"minecraft:netherrack":3996,"minecraft:andesite_slab":2,"nethersdelight:hoglin_loin":5,"undead_revamp2:bostroxingot":3,"minecraft:fishing_rod":1,"born_in_chaos_v1:diamond_termite_shard":6,"minecraft:allium":4,"mysticalagriculture:soulstone_cobble":137,"born_in_chaos_v1:river_mint":2,"deeperdarker:cobbled_gloomslate":20,"minecraft:gold_block":19,"epicpaladins:bloodstone_pickaxe":1,"minecraft:shield":3,"minecraft:iron_axe":1,"minecraft:candle":59,"minecraft:echo_shard":6,"minecraft:phantom_membrane":1,"minecraft:raw_iron":101,"iceandfire:dragonbone":18,"iceandfire:dragonscales_green":23,"bygonenether:cobbled_blackstone":34,"minecraft:copper_ingot":4,"minecraft:bowl":1,"minecraft:polished_blackstone_bricks":157,"minecraft:quartz_pillar":3,"born_in_chaos_v1:charmof_endurance":1,"minecraft:arrow":15,"deeperdarker:sculk_gleam":19,"stalwart_dungeons:raw_tungsten":70,"minecraft:nether_bricks":69,"minecraft:saddle":4,"minecraft:ward_armor_trim_smithing_template":1,"minecraft:black_banner":1,"born_in_chaos_v1:trident_hayfork":1,"born_in_chaos_v1:fused_bone":5,"born_in_chaos_v1:corpse_maggot":8,"minecraft:basalt":39,"minecraft:salmon":7,"minecraft:glow_ink_sac":1,"minecraft:leather":9,"iceandfire:ectoplasm":2,"minecraft:nether_wart_block":1,"minecraft:yellow_bed":4,"minecraft:gunpowder":1,"irons_spellbooks:rare_ink":1,"minecraft:red_nether_brick_stairs":1,"epicpaladins:arclight_pickaxe":1,"minecraft:iron_ingot":70,"iceandfire:sea_serpent_scales_deepblue":12,"irons_spellbooks:cinder_essence":1,"iceandfire:fire_dragon_flesh":11,"minecraft:book":17,"minecraft:sculk_catalyst":1,"minecraft:warped_fungus":1,"born_in_chaos_v1:death_totem":2,"iceandfire:ash":1,"minecraft:quartz":967,"minecraft:dripstone_block":1,"minecraft:amethyst_shard":40,"minecraft:soul_torch":11,"minecraft:white_bed":7,"minecraft:spider_eye":1,"quark:oak_chest":2,"minecraft:green_carpet":3,"minecraft:spruce_door":1,"minecraft:iron_helmet":2,"minecraft:coal":152},"minecraft:killed_by":{"undead_revamp2:theskeeper":1,"minecraft:zombie":1,"born_in_chaos_v1:lifestealer_true_form":1,"born_in_chaos_v1:restless_spirit":1,"undead_revamp2:thesomnolence":1,"minecraft:warden":2,"born_in_chaos_v1:corpse_fly":1,"iceandfire:fire_dragon":6,"minecraft:player":1,"born_in_chaos_v1:bone_imp":1,"minecraft:iron_golem":1,"undead_revamp2:thehorrors":1,"undead_revamp2:thehunter":1,"irons_spellbooks:necromancer":1,"minecraft:skeleton":2},"minecraft:dropped":{"minecraft:iron_sword":3,"minecraft:porkchop":6,"irons_spellbooks:rare_ink":2,"quark:permafrost":3,"minecraft:lapis_lazuli":65,"minecraft:glow_ink_sac":1,"minecraft:glass_bottle":4,"minecraft:crafting_table":2,"irons_spellbooks:fireward_ring":1,"minecraft:crossbow":3,"minecraft:glow_berries":78,"minecraft:warped_roots":3,"iceandfire:ectoplasm":2,"minecraft:saddle":5,"born_in_chaos_v1:missionary_hat_helmet":1,"minecraft:quartz_pillar":3,"irons_spellbooks:tarnished_helmet":1,"minecraft:leather_helmet":2,"minecraft:emerald":13,"minecraft:gold_block":4,"twigs:pebble":27,"minecraft:dirt":31,"irons_spellbooks:silver_ring":2,"irons_spellbooks:arcane_essence":7,"minecraft:gold_nugget":335,"minecraft:phantom_membrane":1,"minecraft:iron_pickaxe":2,"born_in_chaos_v1:death_totem":1,"undead_revamp2:blacpetalblock":1,"mysticalagriculture:soulstone_cobble":137,"minecraft:fermented_spider_eye":1,"minecraft:fishing_rod":1,"minecraft:white_wool":2,"quark:oak_chest":2,"spawnersplus:spawner_fragment":5,"quark:ancient_tome":1,"minecraft:bone":44,"deeperdarker:sculk_tendrils":10,"minecraft:polished_blackstone_wall":11,"epicpaladins:arclight_sword":6,"undead_revamp2:huntereye":1,"minecraft:compass":3,"minecraft:iron_nugget":101,"minecraft:golden_chestplate":3,"minecraft:cobbled_deepslate":172,"minecraft:nether_brick":25,"alexscaves:cave_tablet":2,"minecraft:wheat":11,"minecraft:obsidian":13,"undead_revamp2:arapholia":2,"quark:ancient_chest":7,"minecraft:rotten_flesh":215,"deeperdarker:sculk_gleam":14,"minecraft:oak_planks":4,"minecraft:quartz_bricks":8,"minecraft:nether_brick_fence":1,"minecraft:white_bed":1,"minecraft:chiseled_deepslate":1,"quark:blossom_chest":1,"supplementaries:flax_seeds":11,"minecraft:deepslate_tiles":6,"mysticalagriculture:inferium_essence":77,"minecraft:leather_boots":1,"farmersdelight:rope":7,"deeperdarker:grime_ball":37,"minecraft:red_nether_bricks":102,"minecraft:beef":2,"minecraft:ghast_tear":1,"biomesoplenty:tall_lavender":3,"minecraft:enchanted_book":3,"minecraft:iron_ingot":2,"born_in_chaos_v1:intoxicating_decoction":1,"minecraft:wheat_seeds":145,"minecraft:polished_blackstone":1,"biomesoplenty:lavender":153,"minecraft:iron_helmet":2,"minecraft:cobblestone":141,"minecraft:book":8,"epicpaladins:bloodstone_pickaxe":1,"minecraft:granite":65,"deeperdarker:echo_soil":1,"minecraft:spruce_door":1,"minecraft:disc_fragment_5":9,"minecraft:chainmail_helmet":2,"bygonenether:cobbled_blackstone":34,"minecraft:diamond_horse_armor":3,"minecraft:gray_wool":3,"minecraft:iron_trapdoor":4,"minecraft:diamond_helmet":1,"delightful:acorn":10,"minecraft:string":33,"born_in_chaos_v1:flaming_evil_pumpkin":1,"minecraft:acacia_planks":4,"iceandfire:dragon_skull_fire":1,"twigs:rhyolite":75,"minecraft:furnace":1,"cataclysm:flame_eye":2,"minecraft:soul_torch":15,"minecraft:stone_sword":1,"minecraft:bowl":1,"minecraft:stone_shovel":24,"born_in_chaos_v1:rotten_fish":3,"minecraft:iron_boots":3,"deeperdarker:gloomy_cactus":24,"minecraft:stone_slab":6,"minecraft:name_tag":2,"minecraft:nether_bricks":9,"deeperdarker:echo_log":1,"minecraft:cobblestone_slab":2,"minecraft:potato":67,"minecraft:stone":1,"minecraft:allium":3,"minecraft:stone_bricks":1,"minecraft:spider_eye":2,"minecraft:magma_block":57,"minecraft:nether_brick_stairs":7,"minecraft:candle":27,"minecraft:warped_fungus":1,"minecraft:oak_log":1,"minecraft:baked_potato":1,"minecraft:leather":7,"minecraft:honeycomb":10,"minecraft:black_banner":1,"farmersdelight:rice":2,"minecraft:music_disc_13":1,"minecraft:cracked_polished_blackstone_bricks":4,"minecraft:netherite_scrap":4,"born_in_chaos_v1:monster_skin":1,"minecraft:mutton":2,"minecraft:snowball":49,"minecraft:amethyst_shard":40,"minecraft:polished_blackstone_bricks":8,"minecraft:birch_log":1,"twigs:twig":14,"minecraft:gold_ingot":6,"minecraft:gravel":29,"born_in_chaos_v1:fire_dust":3,"minecraft:andesite_slab":1,"born_in_chaos_v1:ethereal_spirit":1,"minecraft:carrot":14,"patchouli:guide_book":1,"supplementaries:antique_ink":12,"supplementaries:ash":77,"minecraft:gunpowder":16,"born_in_chaos_v1:corpse_maggot":8,"born_in_chaos_v1:diamond_termite_shard":1,"irons_spellbooks:arcane_debris":3,"minecraft:chest":1,"minecraft:chainmail_boots":2,"epicpaladins:arclight_pickaxe":1,"minecraft:basalt":10,"minecraft:arrow":5,"minecraft:cracked_nether_bricks":5,"minecraft:quartz":797,"minecraft:netherrack":2147,"epicpaladins:moonlight_gem":2,"minecraft:stone_hoe":12,"deeperdarker:cobbled_gloomslate":20,"minecraft:bread":1,"minecraft:lilac":1,"minecraft:mossy_cobblestone":3,"quark:blossom_planks":11,"minecraft:poisonous_potato":1,"minecraft:diamond_leggings":1,"deeperdarker:sculk_bone":62,"minecraft:golden_axe":2,"minecraft:lead":1,"delightful:green_tea_leaf":4,"minecraft:copper_ingot":5,"mysticalagriculture:soulium_dust":29,"minecraft:stick":1,"deeperdarker:echo_sapling":1,"irons_spellbooks:scroll":3,"twigs:bloodstone":2,"irons_spellbooks:affinity_ring":2,"minecraft:diorite":2,"minecraft:nether_wart_block":1,"born_in_chaos_v1:fused_bone":4,"minecraft:iron_leggings":5,"born_in_chaos_v1:lifestealer_bone":3,"irons_spellbooks:common_ink":6,"minecraft:iron_axe":2,"minecraft:pink_petals":37,"minecraft:music_disc_cat":2,"minecraft:dandelion":2,"minecraft:redstone":1,"minecraft:polished_deepslate":6,"minecraft:sweet_berries":3,"minecraft:nether_wart":12,"minecraft:blaze_rod":1,"minecraft:raw_copper":4,"minecraft:tuff":1,"iceandfire:witherbone":7,"minecraft:raw_iron":2,"deeperdarker:sculk_vines":4,"undead_revamp2:bostroxingot":3,"minecraft:flint_and_steel":2,"minecraft:red_nether_brick_stairs":1,"minecraft:filled_map":1,"minecraft:shield":2,"minecraft:diamond_chestplate":3,"aether:diamond_gloves":2,"minecraft:iron_chestplate":2,"minecraft:andesite":2,"minecraft:golden_leggings":3,"minecraft:oak_sapling":10,"minecraft:spruce_log":2,"minecraft:slime_ball":6,"minecraft:raw_gold":5,"minecraft:magma_cream":4,"minecraft:cracked_deepslate_bricks":1,"deeperdarker:cobbled_sculk_stone":149}},"DataVersion":3465}