{"stats":{"minecraft:mined":{"minecraft:tall_grass":13,"minecraft:grass":77},"minecraft:custom":{"minecraft:jump":63,"minecraft:time_since_rest":1819,"minecraft:leave_game":1,"minecraft:sprint_one_cm":7191,"minecraft:deaths":1,"minecraft:play_time":2144,"minecraft:damage_taken":380,"minecraft:time_since_death":1794,"minecraft:walk_one_cm":2030,"minecraft:total_world_time":2144,"minecraft:drop":1,"minecraft:fall_one_cm":2032,"minecraft:fly_one_cm":12645},"minecraft:picked_up":{"minecraft:wheat_seeds":9},"minecraft:killed_by":{"undead_revamp2:thehorrors":1},"minecraft:dropped":{"minecraft:wheat_seeds":9}},"DataVersion":3465}