{"stats":{"minecraft:mined":{"minecraft:sculk_vein":1450,"minecraft:obsidian":4,"minecraft:granite":5,"minecraft:grass_block":3,"minecraft:deepslate_bricks":1,"quark:ancient_chest":9,"mysticalagriculture:inferium_ore":2,"minecraft:spawner":1,"minecraft:magma_block":22,"quark:blossom_chest":1,"biomesoplenty:tall_lavender":3,"minecraft:sculk_catalyst":74,"minecraft:iron_ore":71,"minecraft:cobbled_deepslate":2,"biomesoplenty:lavender":8,"quark:blossom_planks":1,"minecraft:sculk_shrieker":33,"minecraft:dirt_path":10,"minecraft:oak_stairs":1,"minecraft:green_carpet":4,"minecraft:red_bed":4,"minecraft:soul_fire":2,"born_in_chaos_v1:infected_deepslate_diamond_ore":6,"minecraft:torch":6,"irons_spellbooks:arcane_debris":2,"minecraft:calcite":2,"minecraft:chest":1,"minecraft:cobblestone":26,"minecraft:wall_torch":5,"minecraft:amethyst_block":2,"minecraft:pink_petals":4,"minecraft:wheat":1,"epicpaladins:deepslate_cryorium_ore":1,"minecraft:lilac":1,"minecraft:grass":316,"minecraft:oak_log":38,"delightful:mini_melon":6,"minecraft:dirt":5,"minecraft:smooth_basalt":4,"mysticalagriculture:deepslate_prosperity_ore":1,"twigs:rhyolite":18,"minecraft:netherrack":435,"minecraft:oak_leaves":12,"epicpaladins:arclight_ore":13,"minecraft:deepslate":58,"mysticalagriculture:prosperity_ore":8,"minecraft:tuff":10,"minecraft:red_carpet":1,"iceandfire:silver_ore":1,"minecraft:deepslate_diamond_ore":27,"minecraft:candle":19,"born_in_chaos_v1:infected_diamond_ore":4,"biomesoplenty:bush":30,"minecraft:allium":3,"minecraft:black_banner":1,"biomesoplenty:dune_grass":2,"epicpaladins:deepslate_arclight_ore":19,"minecraft:hay_block":17,"minecraft:andesite":3,"minecraft:chiseled_deepslate":1,"biomesoplenty:sea_oats":19,"minecraft:bookshelf":2,"minecraft:cobblestone_slab":10,"minecraft:deepslate_iron_ore":27,"minecraft:vine":1,"biomesoplenty:barley":150,"irons_spellbooks:inscription_table":1,"minecraft:stone":341,"quark:oak_chest":2,"minecraft:sculk_sensor":287,"twigs:petrified_lichen":1,"minecraft:tall_grass":33,"minecraft:copper_ore":1,"minecraft:deepslate_gold_ore":24,"minecraft:sculk":13496,"minecraft:diorite":8,"supplementaries:urn":68,"minecraft:gray_wool":2,"minecraft:coal_ore":77,"minecraft:cherry_leaves":3,"minecraft:cobweb":1,"minecraft:gold_ore":5},"minecraft:killed":{"minecraft:cave_spider":2,"born_in_chaos_v1:zombie_lumberjack":2,"minecraft:spider":4,"born_in_chaos_v1:siamese_skeletonsright":1,"undead_revamp2:theswarmer":1,"minecraft:skeleton":5,"undead_revamp2:therod":1,"irons_spellbooks:summoned_skeleton":1,"born_in_chaos_v1:diamond_termite":7,"minecraft:zombie_villager":2,"minecraft:iron_golem":1,"undead_revamp2:theheavy":1,"irons_spellbooks:necromancer":1,"minecraft:creeper":1,"undead_revamp2:thebidyupside":1,"minecraft:zombie":36,"born_in_chaos_v1:dread_hound":1,"born_in_chaos_v1:corpse_fly":1,"born_in_chaos_v1:door_knight":2,"born_in_chaos_v1:siamese_skeletonsleft":1,"undead_revamp2:thehunter":8,"undead_revamp2:thegliter":3,"quark:toretoise":1,"minecraft:slime":2,"born_in_chaos_v1:zombie_bruiser":1,"born_in_chaos_v1:maggot":7,"undead_revamp2:thebidy":1,"minecraft:drowned":3,"undead_revamp2:thehorrors":1,"undead_revamp2:sucker":6,"undead_revamp2:the_moonflower":7,"born_in_chaos_v1:decrepit_skeleton":6,"undead_revamp2:thesomnolence":2},"minecraft:used":{"irons_spellbooks:inscription_table":2,"minecraft:diamond_hoe":9105,"minecraft:chest":3,"minecraft:shield":1,"minecraft:iron_sword":314,"minecraft:rotten_flesh":2,"minecraft:sculk_sensor":12,"minecraft:iron_chestplate":1,"minecraft:carrot":14,"minecraft:allium":1,"minecraft:tuff":2,"minecraft:obsidian":1,"epicpaladins:arclight_sword":299,"born_in_chaos_v1:corpse_maggot":4,"delightful:green_tea_leaf":3,"epicpaladins:arclight_hoe":6244,"supplementaries:ash":7,"minecraft:oak_sapling":1,"minecraft:furnace":2,"minecraft:potato":5,"minecraft:diorite":7,"minecraft:oak_planks":18,"minecraft:ender_pearl":2,"minecraft:glow_berries":2,"biomesoplenty:rainbow_birch_sapling":1,"waystones:waystone":3,"born_in_chaos_v1:monster_flesh":1,"minecraft:melon_slice":12,"minecraft:bread":51,"minecraft:string":1,"minecraft:andesite":1,"minecraft:bone_meal":453,"minecraft:experience_bottle":4,"minecraft:enchanting_table":1,"minecraft:dried_kelp":7,"minecraft:sculk":19,"minecraft:netherrack":111,"minecraft:torch":341,"minecraft:anvil":1,"minecraft:granite":4,"minecraft:bookshelf":2,"minecraft:iron_axe":61,"biomesoplenty:tall_lavender":1,"minecraft:iron_boots":2,"minecraft:diamond_chestplate":2,"quark:blossom_planks":24,"minecraft:cobbled_deepslate":10,"minecraft:iron_leggings":2,"born_in_chaos_v1:trident_hayfork":2,"minecraft:water_bucket":58,"minecraft:baked_potato":160,"minecraft:cobblestone_slab":97,"minecraft:crafting_table":2,"minecraft:red_bed":4,"supplementaries:bomb":3,"born_in_chaos_v1:flaming_evil_pumpkin":1,"minecraft:smoker":2,"delightful:mini_melon":2,"epicpaladins:arclight_pickaxe":863,"minecraft:cornflower":1,"minecraft:iron_pickaxe":481,"minecraft:pink_petals":13,"minecraft:green_carpet":3,"minecraft:cobblestone":246,"minecraft:bucket":57,"born_in_chaos_v1:wood_splitter_axe":4,"quark:oak_chest":6,"alexsmobs:animal_dictionary":2,"irons_spellbooks:arcane_anvil":1,"minecraft:sculk_catalyst":5},"minecraft:broken":{"minecraft:iron_boots":1,"minecraft:iron_leggings":1,"minecraft:iron_sword":1,"minecraft:iron_pickaxe":1,"epicpaladins:arclight_hoe":4},"minecraft:custom":{"minecraft:interact_with_crafting_table":58,"minecraft:open_barrel":38,"minecraft:bell_ring":3,"minecraft:leave_game":2,"minecraft:time_since_death":66841,"minecraft:damage_resisted":4,"minecraft:sprint_one_cm":1251001,"minecraft:damage_blocked_by_shield":75,"minecraft:drop":328,"minecraft:talked_to_villager":10,"minecraft:play_time":461627,"minecraft:deaths":16,"minecraft:jump":10827,"minecraft:walk_on_water_one_cm":67070,"minecraft:enchant_item":7,"minecraft:interact_with_furnace":41,"minecraft:traded_with_villager":36,"minecraft:sleep_in_bed":6,"minecraft:waystone_activated":4,"minecraft:damage_dealt":28838,"minecraft:crouch_one_cm":171665,"minecraft:interact_with_smoker":30,"minecraft:interact_with_smithing_table":4,"minecraft:interact_with_anvil":23,"minecraft:mob_kills":128,"minecraft:damage_dealt_resisted":3174,"minecraft:climb_one_cm":8475,"minecraft:walk_one_cm":954293,"minecraft:sneak_time":52735,"minecraft:walk_under_water_one_cm":24819,"minecraft:interact_with_lectern":1,"minecraft:interact_with_blast_furnace":24,"minecraft:total_world_time":461627,"minecraft:time_since_rest":66906,"minecraft:damage_taken":14281,"twilightforest:life_charms_activated":1,"minecraft:swim_one_cm":29708,"minecraft:fly_one_cm":1670859,"minecraft:open_chest":260,"minecraft:fall_one_cm":358970},"minecraft:crafted":{"epicpaladins:arclight_sword":1,"minecraft:oak_planks":84,"minecraft:cobblestone_slab":90,"minecraft:melon_slice":12,"minecraft:stone":3,"epicpaladins:arclight_pickaxe":1,"irons_spellbooks:fire_ale":1,"minecraft:diamond_leggings":1,"minecraft:iron_boots":2,"minecraft:chest":1,"minecraft:smoker":2,"epicpaladins:arclight_hoe":3,"irons_spellbooks:scroll":2,"minecraft:emerald":64,"quark:blossom_planks":40,"minecraft:crafting_table":3,"minecraft:iron_helmet":1,"minecraft:baked_potato":313,"irons_spellbooks:furled_map":1,"iceandfire:tide_deepblue_leggings":1,"minecraft:birch_planks":4,"irons_spellbooks:arcane_anvil":1,"minecraft:iron_chestplate":1,"minecraft:stone_slab":6,"minecraft:stick":52,"quark:oak_chest":5,"minecraft:iron_ingot":64,"minecraft:iron_pickaxe":2,"minecraft:iron_block":6,"minecraft:gold_ingot":69,"minecraft:furnace":4,"minecraft:bone_meal":453,"minecraft:leather":8,"minecraft:polished_deepslate":8,"minecraft:iron_axe":1,"minecraft:diamond_boots":1,"backpacked:backpack":1,"minecraft:wheat":138,"minecraft:enchanting_table":1,"minecraft:iron_sword":2,"born_in_chaos_v1:bone_heart":1,"minecraft:bread":48,"minecraft:air":0,"minecraft:iron_leggings":2,"minecraft:anvil":2,"minecraft:torch":264,"minecraft:diamond_chestplate":1},"minecraft:picked_up":{"irons_spellbooks:scroll":7,"minecraft:chiseled_deepslate":1,"minecraft:wheat":15,"minecraft:chainmail_boots":1,"irons_spellbooks:affinity_ring":1,"minecraft:lead":1,"minecraft:potion":1,"minecraft:enchanted_book":1,"epicpaladins:arclight_hoe":1,"minecraft:amethyst_block":3,"minecraft:music_disc_cat":2,"minecraft:string":24,"minecraft:raw_copper":4,"minecraft:iron_leggings":2,"biomesoplenty:tall_lavender":2,"epicpaladins:bloodstone_gem":7,"irons_spellbooks:arcane_essence":28,"minecraft:diamond_leggings":3,"mysticalagriculture:inferium_essence":35,"minecraft:gold_nugget":52,"minecraft:cobbled_deepslate":50,"twigs:pebble":1,"minecraft:iron_boots":1,"minecraft:cobblestone_slab":9,"irons_spellbooks:blank_rune":3,"minecraft:enchanted_golden_apple":2,"delightful:green_tea_leaf":5,"irons_spellbooks:inscription_table":2,"epicpaladins:arclight_gem":33,"minecraft:torch":74,"born_in_chaos_v1:flaming_evil_pumpkin":1,"mysticalagriculture:prosperity_shard":14,"minecraft:diorite":9,"quark:blossom_planks":17,"minecraft:rotten_flesh":119,"supplementaries:antique_ink":6,"quark:blossom_chest":1,"irons_spellbooks:arcane_debris":2,"supplementaries:ash":96,"minecraft:obsidian":8,"undead_revamp2:arapholia":2,"minecraft:cobblestone":367,"biomesoplenty:lavender":28,"minecraft:birch_log":1,"minecraft:pink_petals":16,"minecraft:magma_block":13,"minecraft:lilac":1,"minecraft:andesite":3,"minecraft:potato":513,"minecraft:tuff":3,"supplementaries:flax_seeds":8,"undead_revamp2:huntereye":1,"minecraft:lapis_lazuli":18,"minecraft:dirt":8,"minecraft:disc_fragment_5":2,"minecraft:name_tag":2,"born_in_chaos_v1:monster_skin":4,"minecraft:leather_boots":1,"minecraft:bone":87,"minecraft:acacia_planks":4,"delightful:mini_melon":6,"minecraft:wheat_seeds":61,"minecraft:raw_gold":29,"twigs:twig":10,"minecraft:oak_planks":2,"quark:ancient_chest":7,"epicpaladins:arclight_sword":2,"minecraft:mossy_cobblestone":3,"undead_revamp2:heavytooth":2,"minecraft:bundle":1,"minecraft:diamond":28,"waystones:waystone":3,"minecraft:granite":5,"minecraft:chainmail_helmet":1,"minecraft:emerald":47,"minecraft:oak_sapling":11,"twigs:rhyolite":18,"minecraft:netherrack":255,"iceandfire:raw_silver":3,"born_in_chaos_v1:diamond_termite_shard":5,"minecraft:allium":2,"irons_spellbooks:tarnished_helmet":1,"minecraft:shield":3,"minecraft:cornflower":1,"minecraft:red_bed":4,"minecraft:iron_axe":1,"minecraft:flint_and_steel":1,"minecraft:compass":1,"supplementaries:bomb":3,"minecraft:candle":59,"minecraft:echo_shard":6,"minecraft:iron_nugget":48,"minecraft:chest":1,"minecraft:diamond_hoe":1,"minecraft:raw_iron":97,"minecraft:copper_ingot":4,"minecraft:carrot":2,"minecraft:arrow":8,"born_in_chaos_v1:wood_splitter_axe":1,"minecraft:hay_block":17,"minecraft:saddle":4,"minecraft:ward_armor_trim_smithing_template":1,"minecraft:black_banner":1,"born_in_chaos_v1:trident_hayfork":1,"minecraft:glow_berries":32,"irons_spellbooks:ancient_knowledge_fragment":7,"born_in_chaos_v1:fused_bone":3,"born_in_chaos_v1:corpse_maggot":7,"born_in_chaos_v1:monster_flesh":1,"minecraft:glow_ink_sac":1,"minecraft:leather":2,"irons_spellbooks:silver_ring":2,"minecraft:oak_log":38,"minecraft:gunpowder":1,"irons_spellbooks:rare_ink":1,"deeperdarker:warden_upgrade_smithing_template":2,"minecraft:iron_ingot":57,"minecraft:glass_bottle":2,"iceandfire:sea_serpent_scales_deepblue":12,"minecraft:iron_sword":2,"minecraft:book":16,"minecraft:sculk_catalyst":1,"minecraft:sculk":7,"born_in_chaos_v1:ethereal_spirit":1,"minecraft:dripstone_block":1,"minecraft:amethyst_shard":40,"minecraft:soul_torch":11,"minecraft:crying_obsidian":1,"quark:oak_chest":2,"minecraft:green_carpet":3,"minecraft:leather_helmet":2,"minecraft:iron_helmet":2,"minecraft:gray_wool":2,"minecraft:coal":105},"minecraft:killed_by":{"undead_revamp2:theskeeper":1,"born_in_chaos_v1:corpse_fly":1,"minecraft:zombie":1,"born_in_chaos_v1:lifestealer_true_form":1,"minecraft:player":1,"born_in_chaos_v1:restless_spirit":1,"minecraft:iron_golem":1,"undead_revamp2:thesomnolence":1,"undead_revamp2:thehorrors":1,"undead_revamp2:thehunter":1,"minecraft:warden":2,"minecraft:skeleton":2},"minecraft:dropped":{"minecraft:iron_sword":3,"minecraft:candle":27,"minecraft:porkchop":6,"irons_spellbooks:rare_ink":2,"minecraft:lapis_lazuli":1,"minecraft:oak_log":1,"minecraft:glow_ink_sac":1,"minecraft:glass_bottle":3,"minecraft:crafting_table":2,"minecraft:glow_berries":60,"minecraft:leather":2,"minecraft:honeycomb":10,"minecraft:saddle":5,"irons_spellbooks:tarnished_helmet":1,"minecraft:black_banner":1,"minecraft:leather_helmet":2,"farmersdelight:rice":2,"minecraft:music_disc_13":1,"minecraft:emerald":13,"twigs:pebble":1,"minecraft:dirt":26,"irons_spellbooks:silver_ring":2,"minecraft:snowball":49,"irons_spellbooks:arcane_essence":4,"minecraft:gold_nugget":75,"minecraft:amethyst_shard":40,"minecraft:iron_pickaxe":1,"minecraft:fermented_spider_eye":1,"minecraft:white_wool":1,"quark:oak_chest":2,"twigs:twig":14,"minecraft:bone":23,"epicpaladins:arclight_sword":3,"minecraft:compass":3,"minecraft:iron_nugget":61,"minecraft:cobbled_deepslate":32,"minecraft:wheat":10,"minecraft:obsidian":3,"undead_revamp2:arapholia":1,"quark:ancient_chest":7,"minecraft:rotten_flesh":158,"minecraft:oak_planks":4,"minecraft:carrot":2,"supplementaries:antique_ink":12,"minecraft:chiseled_deepslate":1,"quark:blossom_chest":1,"supplementaries:flax_seeds":11,"supplementaries:ash":65,"minecraft:gunpowder":16,"mysticalagriculture:inferium_essence":13,"born_in_chaos_v1:corpse_maggot":7,"minecraft:leather_boots":1,"irons_spellbooks:arcane_debris":2,"minecraft:chest":1,"minecraft:chainmail_boots":1,"farmersdelight:rope":7,"minecraft:arrow":5,"minecraft:beef":2,"minecraft:ghast_tear":1,"minecraft:netherrack":169,"biomesoplenty:tall_lavender":1,"minecraft:enchanted_book":3,"minecraft:wheat_seeds":63,"minecraft:lilac":1,"minecraft:mossy_cobblestone":3,"quark:blossom_planks":11,"minecraft:lead":1,"biomesoplenty:lavender":28,"minecraft:book":6,"minecraft:cobblestone":52,"minecraft:iron_helmet":2,"delightful:green_tea_leaf":4,"minecraft:granite":1,"minecraft:copper_ingot":5,"minecraft:disc_fragment_5":9,"minecraft:chainmail_helmet":2,"irons_spellbooks:scroll":1,"minecraft:diamond_horse_armor":2,"minecraft:gray_wool":2,"irons_spellbooks:affinity_ring":1,"minecraft:diorite":2,"born_in_chaos_v1:fused_bone":2,"delightful:acorn":1,"minecraft:iron_leggings":3,"born_in_chaos_v1:lifestealer_bone":3,"irons_spellbooks:common_ink":6,"minecraft:iron_axe":2,"minecraft:pink_petals":3,"minecraft:string":26,"born_in_chaos_v1:flaming_evil_pumpkin":1,"minecraft:acacia_planks":4,"minecraft:music_disc_cat":2,"minecraft:dandelion":2,"minecraft:polished_deepslate":6,"twigs:rhyolite":24,"minecraft:furnace":1,"minecraft:soul_torch":15,"minecraft:stone_sword":1,"minecraft:raw_copper":4,"minecraft:tuff":1,"minecraft:raw_iron":2,"born_in_chaos_v1:rotten_fish":3,"minecraft:iron_boots":1,"minecraft:name_tag":2,"minecraft:flint_and_steel":1,"minecraft:filled_map":1,"minecraft:cobblestone_slab":2,"minecraft:potato":67,"minecraft:shield":2,"minecraft:allium":1,"minecraft:diamond_chestplate":1,"minecraft:iron_chestplate":2,"minecraft:andesite":2,"minecraft:oak_sapling":10,"minecraft:spider_eye":1,"minecraft:slime_ball":5,"minecraft:raw_gold":3,"minecraft:magma_block":13}},"DataVersion":3465}