{"stats":{"minecraft:mined":{"minecraft:sculk_vein":170,"minecraft:obsidian":4,"minecraft:granite":2,"minecraft:grass_block":3,"mysticalagriculture:inferium_ore":2,"minecraft:spawner":1,"minecraft:magma_block":22,"biomesoplenty:tall_lavender":3,"minecraft:sculk_catalyst":4,"minecraft:iron_ore":52,"biomesoplenty:lavender":8,"quark:blossom_planks":1,"minecraft:sculk_shrieker":2,"minecraft:dirt_path":10,"minecraft:green_carpet":4,"minecraft:red_bed":4,"born_in_chaos_v1:infected_deepslate_diamond_ore":2,"minecraft:torch":5,"minecraft:calcite":2,"minecraft:cobblestone":26,"minecraft:wall_torch":5,"minecraft:amethyst_block":2,"minecraft:pink_petals":4,"minecraft:wheat":1,"minecraft:lilac":1,"minecraft:grass":310,"minecraft:oak_log":6,"delightful:mini_melon":6,"mysticalagriculture:deepslate_prosperity_ore":1,"minecraft:smooth_basalt":4,"twigs:rhyolite":18,"minecraft:netherrack":433,"epicpaladins:arclight_ore":13,"minecraft:oak_leaves":12,"minecraft:deepslate":28,"mysticalagriculture:prosperity_ore":8,"minecraft:red_carpet":1,"minecraft:tuff":1,"iceandfire:silver_ore":1,"minecraft:deepslate_diamond_ore":10,"minecraft:candle":19,"born_in_chaos_v1:infected_diamond_ore":4,"biomesoplenty:bush":25,"minecraft:allium":3,"biomesoplenty:dune_grass":2,"epicpaladins:deepslate_arclight_ore":5,"minecraft:hay_block":17,"minecraft:andesite":3,"biomesoplenty:sea_oats":19,"minecraft:bookshelf":2,"minecraft:cobblestone_slab":10,"minecraft:vine":1,"biomesoplenty:barley":150,"irons_spellbooks:inscription_table":1,"minecraft:stone":272,"minecraft:sculk_sensor":10,"minecraft:tall_grass":33,"minecraft:copper_ore":1,"minecraft:deepslate_gold_ore":6,"minecraft:sculk":1685,"minecraft:diorite":8,"supplementaries:urn":64,"minecraft:coal_ore":66,"minecraft:cherry_leaves":3,"minecraft:cobweb":1,"minecraft:gold_ore":5},"minecraft:killed":{"minecraft:cave_spider":2,"born_in_chaos_v1:zombie_lumberjack":2,"minecraft:spider":3,"born_in_chaos_v1:siamese_skeletonsright":1,"undead_revamp2:theswarmer":1,"minecraft:skeleton":5,"minecraft:zombie_villager":2,"minecraft:iron_golem":1,"undead_revamp2:theheavy":1,"minecraft:creeper":1,"undead_revamp2:thebidyupside":1,"minecraft:zombie":31,"born_in_chaos_v1:dread_hound":1,"born_in_chaos_v1:corpse_fly":1,"born_in_chaos_v1:door_knight":2,"born_in_chaos_v1:siamese_skeletonsleft":1,"undead_revamp2:thehunter":6,"undead_revamp2:thegliter":3,"minecraft:slime":1,"born_in_chaos_v1:zombie_bruiser":1,"born_in_chaos_v1:maggot":7,"undead_revamp2:thebidy":1,"minecraft:drowned":3,"undead_revamp2:thehorrors":1,"undead_revamp2:sucker":5,"undead_revamp2:the_moonflower":3,"born_in_chaos_v1:decrepit_skeleton":6,"undead_revamp2:thesomnolence":2},"minecraft:used":{"irons_spellbooks:inscription_table":2,"minecraft:shield":1,"minecraft:iron_sword":314,"minecraft:rotten_flesh":2,"minecraft:iron_chestplate":1,"minecraft:carrot":14,"minecraft:allium":1,"minecraft:tuff":1,"epicpaladins:arclight_sword":220,"born_in_chaos_v1:corpse_maggot":4,"delightful:green_tea_leaf":3,"epicpaladins:arclight_hoe":1877,"supplementaries:ash":5,"minecraft:oak_sapling":1,"minecraft:furnace":1,"minecraft:potato":1,"minecraft:diorite":7,"minecraft:oak_planks":18,"minecraft:ender_pearl":2,"biomesoplenty:rainbow_birch_sapling":1,"minecraft:glow_berries":2,"waystones:waystone":3,"born_in_chaos_v1:monster_flesh":1,"minecraft:melon_slice":12,"minecraft:bread":51,"minecraft:string":1,"minecraft:andesite":1,"minecraft:bone_meal":210,"minecraft:enchanting_table":1,"minecraft:dried_kelp":7,"minecraft:torch":310,"minecraft:granite":1,"minecraft:bookshelf":2,"minecraft:iron_axe":9,"biomesoplenty:tall_lavender":1,"minecraft:iron_boots":2,"minecraft:diamond_chestplate":1,"quark:blossom_planks":24,"minecraft:cobbled_deepslate":8,"minecraft:iron_leggings":2,"born_in_chaos_v1:trident_hayfork":2,"minecraft:water_bucket":50,"minecraft:baked_potato":81,"minecraft:cobblestone_slab":93,"minecraft:crafting_table":2,"minecraft:red_bed":4,"supplementaries:bomb":3,"born_in_chaos_v1:flaming_evil_pumpkin":1,"delightful:mini_melon":2,"epicpaladins:arclight_pickaxe":615,"minecraft:cornflower":1,"minecraft:iron_pickaxe":481,"minecraft:pink_petals":13,"minecraft:green_carpet":3,"minecraft:cobblestone":225,"minecraft:bucket":50,"alexsmobs:animal_dictionary":2,"irons_spellbooks:arcane_anvil":1},"minecraft:broken":{"minecraft:iron_boots":1,"minecraft:iron_leggings":1,"minecraft:iron_sword":1,"minecraft:iron_pickaxe":1,"epicpaladins:arclight_hoe":1},"minecraft:custom":{"minecraft:interact_with_crafting_table":31,"minecraft:open_barrel":38,"minecraft:bell_ring":3,"minecraft:leave_game":1,"minecraft:time_since_death":28738,"minecraft:damage_resisted":4,"minecraft:sprint_one_cm":698714,"minecraft:damage_blocked_by_shield":75,"minecraft:drop":158,"minecraft:talked_to_villager":9,"minecraft:play_time":236075,"minecraft:deaths":14,"minecraft:jump":5727,"minecraft:walk_on_water_one_cm":62064,"minecraft:interact_with_furnace":31,"minecraft:traded_with_villager":36,"minecraft:sleep_in_bed":5,"minecraft:waystone_activated":4,"minecraft:damage_dealt":23556,"minecraft:crouch_one_cm":65355,"minecraft:interact_with_smoker":14,"minecraft:interact_with_smithing_table":1,"minecraft:mob_kills":101,"minecraft:interact_with_anvil":5,"minecraft:damage_dealt_resisted":3154,"minecraft:climb_one_cm":1386,"minecraft:walk_one_cm":383468,"minecraft:sneak_time":21469,"minecraft:walk_under_water_one_cm":19613,"minecraft:interact_with_lectern":1,"minecraft:interact_with_blast_furnace":6,"minecraft:total_world_time":236075,"minecraft:time_since_rest":28762,"minecraft:damage_taken":10733,"twilightforest:life_charms_activated":1,"minecraft:swim_one_cm":23608,"minecraft:fly_one_cm":969426,"minecraft:open_chest":114,"minecraft:fall_one_cm":204965},"minecraft:crafted":{"epicpaladins:arclight_sword":1,"minecraft:oak_planks":32,"minecraft:cobblestone_slab":84,"minecraft:melon_slice":12,"epicpaladins:arclight_pickaxe":1,"irons_spellbooks:fire_ale":1,"minecraft:iron_boots":2,"epicpaladins:arclight_hoe":1,"irons_spellbooks:scroll":2,"minecraft:emerald":64,"quark:blossom_planks":40,"minecraft:crafting_table":3,"minecraft:iron_helmet":1,"minecraft:baked_potato":163,"irons_spellbooks:furled_map":1,"minecraft:birch_planks":4,"irons_spellbooks:arcane_anvil":1,"minecraft:iron_chestplate":1,"minecraft:stick":52,"minecraft:iron_ingot":20,"minecraft:iron_pickaxe":2,"minecraft:iron_block":3,"minecraft:gold_ingot":19,"minecraft:furnace":1,"minecraft:bone_meal":210,"minecraft:leather":8,"minecraft:polished_deepslate":8,"minecraft:iron_axe":1,"backpacked:backpack":1,"minecraft:wheat":138,"minecraft:enchanting_table":1,"minecraft:iron_sword":2,"born_in_chaos_v1:bone_heart":1,"minecraft:bread":48,"minecraft:air":0,"minecraft:iron_leggings":2,"minecraft:anvil":1,"minecraft:torch":240},"minecraft:picked_up":{"irons_spellbooks:scroll":2,"minecraft:wheat":15,"minecraft:chainmail_boots":1,"irons_spellbooks:affinity_ring":1,"epicpaladins:arclight_hoe":1,"minecraft:amethyst_block":3,"minecraft:string":24,"minecraft:raw_copper":4,"biomesoplenty:tall_lavender":2,"epicpaladins:bloodstone_gem":7,"mysticalagriculture:inferium_essence":28,"minecraft:gold_nugget":52,"minecraft:cobbled_deepslate":32,"twigs:pebble":1,"minecraft:cobblestone_slab":9,"delightful:green_tea_leaf":3,"irons_spellbooks:inscription_table":2,"epicpaladins:arclight_gem":19,"minecraft:torch":68,"born_in_chaos_v1:flaming_evil_pumpkin":1,"mysticalagriculture:prosperity_shard":14,"minecraft:diorite":9,"quark:blossom_planks":17,"minecraft:rotten_flesh":98,"supplementaries:antique_ink":6,"supplementaries:ash":85,"minecraft:obsidian":8,"undead_revamp2:arapholia":2,"minecraft:cobblestone":294,"biomesoplenty:lavender":28,"minecraft:birch_log":1,"minecraft:pink_petals":16,"minecraft:magma_block":13,"minecraft:lilac":1,"minecraft:andesite":3,"minecraft:potato":253,"minecraft:tuff":2,"supplementaries:flax_seeds":8,"minecraft:dirt":3,"minecraft:lapis_lazuli":8,"minecraft:bone":70,"born_in_chaos_v1:monster_skin":4,"minecraft:leather_boots":1,"delightful:mini_melon":6,"minecraft:wheat_seeds":60,"minecraft:raw_gold":11,"minecraft:oak_planks":2,"epicpaladins:arclight_sword":1,"minecraft:mossy_cobblestone":3,"undead_revamp2:heavytooth":2,"minecraft:bundle":1,"minecraft:diamond":10,"waystones:waystone":3,"minecraft:granite":2,"minecraft:emerald":45,"minecraft:netherrack":253,"minecraft:oak_sapling":1,"twigs:rhyolite":18,"iceandfire:raw_silver":3,"minecraft:allium":2,"minecraft:shield":3,"minecraft:cornflower":1,"minecraft:red_bed":4,"minecraft:iron_axe":1,"supplementaries:bomb":3,"minecraft:candle":56,"minecraft:iron_nugget":29,"minecraft:raw_iron":51,"minecraft:copper_ingot":2,"minecraft:carrot":2,"minecraft:arrow":8,"born_in_chaos_v1:wood_splitter_axe":1,"minecraft:hay_block":17,"born_in_chaos_v1:trident_hayfork":1,"minecraft:glow_berries":2,"born_in_chaos_v1:fused_bone":3,"born_in_chaos_v1:corpse_maggot":7,"born_in_chaos_v1:monster_flesh":1,"minecraft:leather":2,"minecraft:oak_log":7,"minecraft:iron_ingot":57,"minecraft:glass_bottle":1,"minecraft:iron_sword":1,"minecraft:book":6,"born_in_chaos_v1:ethereal_spirit":1,"minecraft:amethyst_shard":40,"minecraft:crying_obsidian":1,"minecraft:green_carpet":3,"minecraft:leather_helmet":2,"minecraft:iron_helmet":2,"minecraft:coal":64},"minecraft:killed_by":{"undead_revamp2:theskeeper":1,"born_in_chaos_v1:corpse_fly":1,"minecraft:zombie":1,"born_in_chaos_v1:lifestealer_true_form":1,"minecraft:iron_golem":1,"undead_revamp2:thesomnolence":1,"undead_revamp2:thehorrors":1,"undead_revamp2:thehunter":1,"minecraft:warden":2,"minecraft:skeleton":2},"minecraft:dropped":{"minecraft:iron_sword":1,"minecraft:candle":24,"minecraft:oak_log":1,"minecraft:glass_bottle":2,"minecraft:crafting_table":1,"minecraft:leather":2,"minecraft:honeycomb":10,"minecraft:leather_helmet":2,"farmersdelight:rice":2,"minecraft:emerald":11,"twigs:pebble":1,"minecraft:dirt":2,"minecraft:gold_nugget":75,"minecraft:amethyst_shard":40,"minecraft:fermented_spider_eye":1,"minecraft:white_wool":1,"minecraft:bone":16,"epicpaladins:arclight_sword":2,"minecraft:iron_nugget":41,"minecraft:cobbled_deepslate":16,"minecraft:wheat":7,"undead_revamp2:arapholia":1,"minecraft:rotten_flesh":129,"minecraft:oak_planks":4,"minecraft:carrot":1,"supplementaries:antique_ink":9,"supplementaries:flax_seeds":8,"supplementaries:ash":39,"minecraft:gunpowder":9,"mysticalagriculture:inferium_essence":6,"born_in_chaos_v1:corpse_maggot":1,"minecraft:leather_boots":1,"minecraft:chainmail_boots":1,"farmersdelight:rope":7,"minecraft:arrow":3,"minecraft:ghast_tear":1,"biomesoplenty:tall_lavender":1,"minecraft:wheat_seeds":57,"minecraft:mossy_cobblestone":3,"quark:blossom_planks":2,"biomesoplenty:lavender":28,"minecraft:cobblestone":27,"minecraft:book":2,"minecraft:granite":1,"minecraft:copper_ingot":3,"irons_spellbooks:scroll":1,"irons_spellbooks:affinity_ring":1,"minecraft:diorite":2,"born_in_chaos_v1:fused_bone":2,"born_in_chaos_v1:lifestealer_bone":3,"irons_spellbooks:common_ink":6,"minecraft:iron_axe":1,"minecraft:string":22,"minecraft:pink_petals":3,"born_in_chaos_v1:flaming_evil_pumpkin":1,"minecraft:stone_sword":1,"minecraft:raw_copper":4,"minecraft:tuff":1,"minecraft:filled_map":1,"minecraft:shield":1,"minecraft:allium":1,"minecraft:iron_chestplate":1,"minecraft:andesite":2,"minecraft:spider_eye":1,"minecraft:slime_ball":5}},"DataVersion":3465}