{"stats":{"minecraft:killed":{"minecraft:cave_spider":1,"undead_revamp2:thehunter":2,"born_in_chaos_v1:zombie_lumberjack":1,"born_in_chaos_v1:maggot":5,"minecraft:skeleton":1,"undead_revamp2:thehorrors":1,"undead_revamp2:sucker":2,"minecraft:iron_golem":1,"born_in_chaos_v1:decrepit_skeleton":3,"undead_revamp2:thesomnolence":2,"minecraft:zombie":10,"born_in_chaos_v1:door_knight":1},"minecraft:mined":{"minecraft:red_carpet":1,"iceandfire:silver_ore":1,"minecraft:candle":19,"biomesoplenty:bush":11,"minecraft:allium":1,"minecraft:grass_block":1,"biomesoplenty:dune_grass":2,"minecraft:hay_block":17,"biomesoplenty:tall_lavender":3,"minecraft:iron_ore":7,"biomesoplenty:lavender":8,"biomesoplenty:sea_oats":19,"minecraft:bookshelf":1,"minecraft:vine":1,"minecraft:dirt_path":1,"minecraft:green_carpet":4,"biomesoplenty:barley":150,"irons_spellbooks:inscription_table":1,"minecraft:stone":7,"minecraft:red_bed":4,"minecraft:tall_grass":32,"minecraft:cobblestone":1,"minecraft:wall_torch":2,"minecraft:pink_petals":4,"minecraft:wheat":1,"minecraft:grass":248,"minecraft:coal_ore":32,"minecraft:oak_log":6,"delightful:mini_melon":6,"minecraft:cherry_leaves":3,"minecraft:cobweb":1,"minecraft:oak_leaves":6},"minecraft:used":{"irons_spellbooks:inscription_table":2,"minecraft:dried_kelp":7,"minecraft:iron_sword":181,"minecraft:iron_chestplate":1,"minecraft:torch":60,"minecraft:carrot":14,"born_in_chaos_v1:corpse_maggot":3,"minecraft:bookshelf":1,"minecraft:iron_axe":9,"biomesoplenty:tall_lavender":1,"minecraft:iron_boots":1,"delightful:green_tea_leaf":3,"minecraft:oak_sapling":1,"quark:blossom_planks":24,"minecraft:iron_leggings":1,"minecraft:water_bucket":17,"minecraft:oak_planks":11,"minecraft:cobblestone_slab":1,"biomesoplenty:rainbow_birch_sapling":1,"minecraft:crafting_table":1,"minecraft:red_bed":4,"born_in_chaos_v1:flaming_evil_pumpkin":1,"delightful:mini_melon":2,"waystones:waystone":2,"minecraft:cornflower":1,"minecraft:bread":27,"minecraft:melon_slice":12,"minecraft:string":1,"minecraft:iron_pickaxe":52,"minecraft:pink_petals":13,"minecraft:green_carpet":3,"minecraft:bucket":17,"alexsmobs:animal_dictionary":2},"minecraft:custom":{"minecraft:interact_with_smithing_table":1,"minecraft:mob_kills":30,"minecraft:interact_with_crafting_table":7,"minecraft:open_barrel":38,"minecraft:bell_ring":3,"minecraft:damage_dealt_resisted":1635,"minecraft:leave_game":1,"minecraft:time_since_death":61725,"minecraft:climb_one_cm":656,"minecraft:sprint_one_cm":166204,"minecraft:walk_one_cm":97088,"minecraft:drop":48,"minecraft:play_time":62075,"minecraft:deaths":1,"minecraft:sneak_time":2164,"minecraft:walk_under_water_one_cm":7758,"minecraft:interact_with_lectern":1,"minecraft:jump":1415,"minecraft:walk_on_water_one_cm":29802,"minecraft:total_world_time":62075,"minecraft:traded_with_villager":36,"minecraft:sleep_in_bed":4,"minecraft:time_since_rest":12578,"minecraft:waystone_activated":2,"minecraft:damage_taken":2375,"minecraft:damage_dealt":6218,"twilightforest:life_charms_activated":1,"minecraft:swim_one_cm":19104,"minecraft:fly_one_cm":262181,"minecraft:open_chest":20,"minecraft:crouch_one_cm":5345,"minecraft:fall_one_cm":45826},"minecraft:crafted":{"minecraft:oak_planks":32,"minecraft:melon_slice":12,"irons_spellbooks:fire_ale":1,"minecraft:iron_boots":1,"minecraft:iron_axe":1,"minecraft:wheat":138,"irons_spellbooks:scroll":2,"minecraft:emerald":64,"quark:blossom_planks":40,"minecraft:crafting_table":2,"minecraft:iron_helmet":1,"minecraft:iron_sword":1,"irons_spellbooks:furled_map":1,"minecraft:bread":48,"minecraft:air":0,"minecraft:iron_chestplate":1,"minecraft:stick":40,"minecraft:iron_pickaxe":1,"minecraft:iron_leggings":1,"minecraft:torch":68},"minecraft:picked_up":{"irons_spellbooks:scroll":1,"minecraft:allium":1,"minecraft:wheat":12,"minecraft:chainmail_boots":1,"minecraft:cornflower":1,"minecraft:string":16,"minecraft:red_bed":4,"biomesoplenty:tall_lavender":2,"mysticalagriculture:inferium_essence":7,"minecraft:candle":56,"twigs:pebble":1,"minecraft:cobblestone_slab":1,"delightful:green_tea_leaf":3,"irons_spellbooks:inscription_table":2,"minecraft:raw_iron":7,"minecraft:torch":5,"born_in_chaos_v1:flaming_evil_pumpkin":1,"minecraft:carrot":1,"quark:blossom_planks":1,"minecraft:arrow":2,"minecraft:rotten_flesh":31,"minecraft:hay_block":17,"minecraft:cobblestone":7,"born_in_chaos_v1:fused_bone":2,"biomesoplenty:lavender":28,"minecraft:birch_log":1,"minecraft:pink_petals":16,"born_in_chaos_v1:corpse_maggot":4,"minecraft:oak_log":6,"minecraft:bone":6,"delightful:mini_melon":6,"minecraft:wheat_seeds":56,"minecraft:iron_ingot":4,"minecraft:oak_planks":2,"minecraft:book":3,"minecraft:green_carpet":3,"waystones:waystone":3,"minecraft:emerald":20,"minecraft:oak_sapling":1,"minecraft:coal":32,"iceandfire:raw_silver":1},"minecraft:killed_by":{"undead_revamp2:thehorrors":1},"minecraft:dropped":{"minecraft:candle":24,"minecraft:wheat_seeds":56,"minecraft:glass_bottle":1,"minecraft:crafting_table":1,"quark:blossom_planks":1,"biomesoplenty:lavender":28,"minecraft:cobblestone":4,"farmersdelight:rice":2,"born_in_chaos_v1:fused_bone":2,"minecraft:gold_nugget":10,"minecraft:string":22,"minecraft:pink_petals":3,"born_in_chaos_v1:flaming_evil_pumpkin":1,"minecraft:rotten_flesh":47,"minecraft:oak_planks":4,"minecraft:filled_map":1,"minecraft:allium":1,"mysticalagriculture:inferium_essence":1,"minecraft:chainmail_boots":1,"minecraft:arrow":2,"minecraft:ghast_tear":1,"biomesoplenty:tall_lavender":1}},"DataVersion":3465}