{"stats":{"minecraft:killed":{"minecraft:cave_spider":1,"undead_revamp2:thehunter":2,"born_in_chaos_v1:zombie_lumberjack":1,"born_in_chaos_v1:maggot":5,"minecraft:skeleton":2,"undead_revamp2:thehorrors":1,"undead_revamp2:sucker":2,"undead_revamp2:the_moonflower":1,"minecraft:iron_golem":1,"undead_revamp2:theheavy":1,"minecraft:creeper":1,"born_in_chaos_v1:decrepit_skeleton":4,"undead_revamp2:thesomnolence":2,"minecraft:zombie":10,"born_in_chaos_v1:door_knight":1},"minecraft:mined":{"mysticalagriculture:prosperity_ore":2,"minecraft:red_carpet":1,"iceandfire:silver_ore":1,"minecraft:candle":19,"minecraft:granite":1,"biomesoplenty:bush":11,"minecraft:allium":1,"minecraft:grass_block":1,"biomesoplenty:dune_grass":2,"minecraft:hay_block":17,"biomesoplenty:tall_lavender":3,"minecraft:iron_ore":36,"biomesoplenty:lavender":8,"minecraft:andesite":1,"biomesoplenty:sea_oats":19,"minecraft:bookshelf":1,"minecraft:vine":1,"minecraft:dirt_path":1,"minecraft:green_carpet":4,"biomesoplenty:barley":150,"irons_spellbooks:inscription_table":1,"minecraft:stone":30,"minecraft:red_bed":4,"minecraft:tall_grass":32,"minecraft:cobblestone":3,"minecraft:diorite":2,"minecraft:wall_torch":2,"supplementaries:urn":3,"minecraft:pink_petals":4,"minecraft:wheat":1,"minecraft:grass":248,"minecraft:coal_ore":66,"minecraft:oak_log":6,"delightful:mini_melon":6,"minecraft:cherry_leaves":3,"minecraft:cobweb":1,"minecraft:oak_leaves":6},"minecraft:used":{"irons_spellbooks:inscription_table":2,"minecraft:dried_kelp":7,"minecraft:iron_sword":240,"minecraft:iron_chestplate":1,"minecraft:torch":114,"minecraft:carrot":14,"born_in_chaos_v1:corpse_maggot":3,"minecraft:bookshelf":1,"minecraft:iron_axe":9,"biomesoplenty:tall_lavender":1,"minecraft:iron_boots":1,"delightful:green_tea_leaf":3,"minecraft:oak_sapling":1,"quark:blossom_planks":24,"minecraft:iron_leggings":1,"minecraft:water_bucket":19,"minecraft:oak_planks":17,"minecraft:cobblestone_slab":1,"biomesoplenty:rainbow_birch_sapling":1,"minecraft:crafting_table":1,"minecraft:red_bed":4,"born_in_chaos_v1:flaming_evil_pumpkin":1,"delightful:mini_melon":2,"waystones:waystone":2,"minecraft:cornflower":1,"minecraft:bread":34,"minecraft:melon_slice":12,"minecraft:string":1,"minecraft:iron_pickaxe":148,"minecraft:pink_petals":13,"minecraft:green_carpet":3,"minecraft:cobblestone":16,"minecraft:bucket":19,"alexsmobs:animal_dictionary":2},"minecraft:custom":{"minecraft:interact_with_smithing_table":1,"minecraft:mob_kills":35,"minecraft:interact_with_crafting_table":7,"minecraft:open_barrel":38,"minecraft:bell_ring":3,"minecraft:damage_dealt_resisted":2464,"minecraft:leave_game":1,"minecraft:time_since_death":19419,"minecraft:climb_one_cm":656,"minecraft:sprint_one_cm":219916,"minecraft:walk_one_cm":110869,"minecraft:drop":52,"minecraft:play_time":86075,"minecraft:deaths":2,"minecraft:sneak_time":4182,"minecraft:walk_under_water_one_cm":7758,"minecraft:interact_with_lectern":1,"minecraft:jump":1710,"minecraft:walk_on_water_one_cm":30688,"minecraft:total_world_time":86075,"minecraft:traded_with_villager":36,"minecraft:sleep_in_bed":4,"minecraft:time_since_rest":19442,"minecraft:waystone_activated":2,"minecraft:damage_taken":2772,"minecraft:damage_dealt":8173,"twilightforest:life_charms_activated":1,"minecraft:swim_one_cm":19104,"minecraft:fly_one_cm":304868,"minecraft:open_chest":20,"minecraft:crouch_one_cm":9020,"minecraft:fall_one_cm":54987},"minecraft:crafted":{"minecraft:oak_planks":32,"minecraft:melon_slice":12,"irons_spellbooks:fire_ale":1,"minecraft:iron_boots":1,"minecraft:iron_axe":1,"minecraft:wheat":138,"irons_spellbooks:scroll":2,"minecraft:emerald":64,"quark:blossom_planks":40,"minecraft:crafting_table":2,"minecraft:iron_helmet":1,"minecraft:iron_sword":1,"irons_spellbooks:furled_map":1,"minecraft:birch_planks":4,"minecraft:bread":48,"minecraft:air":0,"minecraft:iron_chestplate":1,"minecraft:stick":48,"minecraft:iron_pickaxe":1,"minecraft:iron_leggings":1,"minecraft:torch":120},"minecraft:picked_up":{"irons_spellbooks:scroll":1,"minecraft:allium":1,"minecraft:wheat":12,"minecraft:chainmail_boots":1,"irons_spellbooks:affinity_ring":1,"minecraft:cornflower":1,"minecraft:string":16,"minecraft:red_bed":4,"biomesoplenty:tall_lavender":2,"mysticalagriculture:inferium_essence":8,"minecraft:candle":56,"twigs:pebble":1,"minecraft:cobblestone_slab":1,"delightful:green_tea_leaf":3,"irons_spellbooks:inscription_table":2,"minecraft:raw_iron":36,"mysticalagriculture:prosperity_shard":1,"minecraft:torch":6,"born_in_chaos_v1:flaming_evil_pumpkin":1,"minecraft:diorite":3,"minecraft:carrot":1,"quark:blossom_planks":1,"minecraft:arrow":2,"minecraft:rotten_flesh":40,"minecraft:hay_block":17,"supplementaries:ash":8,"undead_revamp2:arapholia":2,"minecraft:cobblestone":35,"born_in_chaos_v1:fused_bone":2,"biomesoplenty:lavender":28,"minecraft:birch_log":1,"minecraft:pink_petals":16,"born_in_chaos_v1:corpse_maggot":4,"minecraft:andesite":1,"minecraft:oak_log":6,"minecraft:bone":8,"delightful:mini_melon":6,"minecraft:wheat_seeds":56,"minecraft:iron_ingot":4,"minecraft:oak_planks":2,"minecraft:book":3,"minecraft:green_carpet":3,"undead_revamp2:heavytooth":2,"waystones:waystone":3,"minecraft:granite":1,"minecraft:emerald":20,"minecraft:oak_sapling":1,"minecraft:coal":64,"iceandfire:raw_silver":1},"minecraft:killed_by":{"undead_revamp2:thehorrors":1,"minecraft:zombie":1},"minecraft:dropped":{"minecraft:candle":24,"minecraft:wheat_seeds":56,"minecraft:glass_bottle":1,"minecraft:crafting_table":1,"quark:blossom_planks":1,"biomesoplenty:lavender":28,"minecraft:cobblestone":4,"farmersdelight:rice":2,"irons_spellbooks:affinity_ring":1,"born_in_chaos_v1:fused_bone":2,"minecraft:gold_nugget":10,"minecraft:string":22,"minecraft:pink_petals":3,"born_in_chaos_v1:flaming_evil_pumpkin":1,"undead_revamp2:arapholia":1,"minecraft:rotten_flesh":47,"minecraft:oak_planks":4,"minecraft:filled_map":1,"supplementaries:ash":8,"minecraft:allium":1,"mysticalagriculture:inferium_essence":1,"minecraft:chainmail_boots":1,"minecraft:arrow":2,"minecraft:ghast_tear":1,"biomesoplenty:tall_lavender":1}},"DataVersion":3465}