{"stats":{"minecraft:killed":{"minecraft:cave_spider":2,"undead_revamp2:thehunter":3,"born_in_chaos_v1:zombie_lumberjack":1,"minecraft:spider":3,"born_in_chaos_v1:maggot":6,"minecraft:skeleton":2,"undead_revamp2:thehorrors":1,"undead_revamp2:sucker":3,"undead_revamp2:the_moonflower":1,"minecraft:iron_golem":1,"undead_revamp2:theheavy":1,"minecraft:creeper":1,"born_in_chaos_v1:decrepit_skeleton":4,"undead_revamp2:thesomnolence":2,"minecraft:zombie":14,"born_in_chaos_v1:door_knight":2},"minecraft:mined":{"mysticalagriculture:prosperity_ore":8,"minecraft:red_carpet":1,"iceandfire:silver_ore":1,"minecraft:candle":19,"minecraft:granite":2,"biomesoplenty:bush":11,"minecraft:allium":1,"minecraft:grass_block":3,"biomesoplenty:dune_grass":2,"mysticalagriculture:inferium_ore":2,"minecraft:spawner":1,"minecraft:hay_block":17,"biomesoplenty:tall_lavender":3,"minecraft:iron_ore":52,"biomesoplenty:lavender":8,"minecraft:andesite":1,"quark:blossom_planks":1,"biomesoplenty:sea_oats":19,"minecraft:bookshelf":1,"minecraft:cobblestone_slab":10,"minecraft:vine":1,"minecraft:dirt_path":10,"minecraft:green_carpet":4,"biomesoplenty:barley":150,"irons_spellbooks:inscription_table":1,"minecraft:stone":247,"minecraft:red_bed":4,"minecraft:torch":3,"minecraft:calcite":2,"minecraft:tall_grass":32,"minecraft:cobblestone":21,"minecraft:amethyst_block":2,"minecraft:diorite":3,"minecraft:wall_torch":4,"supplementaries:urn":29,"minecraft:pink_petals":4,"minecraft:wheat":1,"minecraft:grass":253,"minecraft:coal_ore":66,"minecraft:oak_log":6,"delightful:mini_melon":6,"minecraft:cherry_leaves":3,"minecraft:smooth_basalt":4,"minecraft:cobweb":1,"minecraft:gold_ore":5,"minecraft:deepslate":10,"minecraft:oak_leaves":6,"epicpaladins:arclight_ore":13},"minecraft:used":{"irons_spellbooks:inscription_table":2,"minecraft:dried_kelp":7,"minecraft:iron_sword":314,"minecraft:iron_chestplate":1,"minecraft:torch":196,"minecraft:carrot":14,"minecraft:granite":1,"epicpaladins:arclight_sword":10,"born_in_chaos_v1:corpse_maggot":3,"minecraft:bookshelf":1,"minecraft:iron_axe":9,"biomesoplenty:tall_lavender":1,"minecraft:iron_boots":1,"delightful:green_tea_leaf":3,"minecraft:furnace":1,"minecraft:oak_sapling":1,"quark:blossom_planks":24,"minecraft:iron_leggings":1,"born_in_chaos_v1:trident_hayfork":2,"minecraft:water_bucket":25,"minecraft:diorite":3,"minecraft:baked_potato":15,"minecraft:oak_planks":18,"minecraft:cobblestone_slab":93,"biomesoplenty:rainbow_birch_sapling":1,"minecraft:crafting_table":2,"minecraft:red_bed":4,"born_in_chaos_v1:flaming_evil_pumpkin":1,"delightful:mini_melon":2,"waystones:waystone":3,"minecraft:cornflower":1,"minecraft:bread":51,"minecraft:melon_slice":12,"minecraft:string":1,"minecraft:iron_pickaxe":481,"minecraft:pink_petals":13,"minecraft:green_carpet":3,"minecraft:cobblestone":205,"minecraft:andesite":1,"minecraft:bucket":25,"alexsmobs:animal_dictionary":2,"irons_spellbooks:arcane_anvil":1,"minecraft:bone_meal":24},"minecraft:broken":{"minecraft:iron_sword":1,"minecraft:iron_pickaxe":1},"minecraft:custom":{"minecraft:interact_with_smithing_table":1,"minecraft:interact_with_anvil":3,"minecraft:mob_kills":48,"minecraft:interact_with_crafting_table":22,"minecraft:open_barrel":38,"minecraft:bell_ring":3,"minecraft:damage_dealt_resisted":3124,"minecraft:leave_game":1,"minecraft:time_since_death":31332,"minecraft:climb_one_cm":656,"minecraft:sprint_one_cm":346070,"minecraft:walk_one_cm":189884,"minecraft:drop":71,"minecraft:play_time":134075,"minecraft:deaths":3,"minecraft:sneak_time":13466,"minecraft:walk_under_water_one_cm":10232,"minecraft:interact_with_lectern":1,"minecraft:jump":2721,"minecraft:walk_on_water_one_cm":37323,"minecraft:total_world_time":134075,"minecraft:interact_with_furnace":17,"minecraft:traded_with_villager":36,"minecraft:sleep_in_bed":5,"minecraft:time_since_rest":31383,"minecraft:waystone_activated":3,"minecraft:damage_taken":4832,"minecraft:damage_dealt":11358,"twilightforest:life_charms_activated":1,"minecraft:swim_one_cm":19104,"minecraft:fly_one_cm":459055,"minecraft:open_chest":33,"minecraft:crouch_one_cm":40634,"minecraft:fall_one_cm":85288},"minecraft:crafted":{"epicpaladins:arclight_sword":1,"minecraft:oak_planks":32,"minecraft:cobblestone_slab":84,"minecraft:melon_slice":12,"minecraft:furnace":1,"minecraft:bone_meal":24,"irons_spellbooks:fire_ale":1,"minecraft:iron_boots":1,"minecraft:polished_deepslate":8,"minecraft:iron_axe":1,"minecraft:wheat":138,"irons_spellbooks:scroll":2,"minecraft:emerald":64,"quark:blossom_planks":40,"minecraft:crafting_table":3,"minecraft:baked_potato":15,"minecraft:iron_helmet":1,"minecraft:iron_sword":2,"irons_spellbooks:furled_map":1,"minecraft:birch_planks":4,"irons_spellbooks:arcane_anvil":1,"minecraft:bread":48,"minecraft:air":0,"minecraft:iron_chestplate":1,"minecraft:stick":52,"minecraft:iron_ingot":6,"minecraft:iron_pickaxe":2,"minecraft:iron_block":3,"minecraft:iron_leggings":1,"minecraft:anvil":1,"minecraft:torch":160},"minecraft:picked_up":{"irons_spellbooks:scroll":2,"minecraft:allium":1,"minecraft:wheat":12,"minecraft:chainmail_boots":1,"irons_spellbooks:affinity_ring":1,"minecraft:shield":1,"minecraft:amethyst_block":3,"minecraft:cornflower":1,"minecraft:string":24,"minecraft:red_bed":4,"minecraft:iron_axe":1,"biomesoplenty:tall_lavender":2,"minecraft:gold_nugget":30,"mysticalagriculture:inferium_essence":20,"minecraft:candle":56,"minecraft:cobbled_deepslate":10,"twigs:pebble":1,"minecraft:cobblestone_slab":9,"minecraft:iron_nugget":29,"delightful:green_tea_leaf":3,"irons_spellbooks:inscription_table":2,"minecraft:raw_iron":51,"epicpaladins:arclight_gem":13,"mysticalagriculture:prosperity_shard":14,"minecraft:torch":33,"born_in_chaos_v1:flaming_evil_pumpkin":1,"minecraft:diorite":4,"minecraft:carrot":1,"quark:blossom_planks":17,"minecraft:arrow":4,"minecraft:rotten_flesh":46,"minecraft:hay_block":17,"supplementaries:ash":54,"born_in_chaos_v1:trident_hayfork":1,"undead_revamp2:arapholia":2,"minecraft:cobblestone":263,"born_in_chaos_v1:fused_bone":2,"biomesoplenty:lavender":28,"minecraft:birch_log":1,"minecraft:pink_petals":16,"born_in_chaos_v1:corpse_maggot":5,"minecraft:andesite":1,"minecraft:potato":29,"minecraft:oak_log":6,"supplementaries:flax_seeds":4,"minecraft:lapis_lazuli":8,"minecraft:dirt":3,"minecraft:bone":22,"delightful:mini_melon":6,"minecraft:wheat_seeds":57,"minecraft:raw_gold":5,"minecraft:iron_ingot":4,"minecraft:iron_sword":1,"minecraft:oak_planks":2,"minecraft:book":3,"epicpaladins:arclight_sword":1,"minecraft:green_carpet":3,"undead_revamp2:heavytooth":2,"waystones:waystone":3,"minecraft:iron_helmet":1,"minecraft:granite":2,"minecraft:emerald":25,"minecraft:oak_sapling":1,"minecraft:coal":64,"iceandfire:raw_silver":3},"minecraft:killed_by":{"undead_revamp2:theskeeper":1,"undead_revamp2:thehorrors":1,"minecraft:zombie":1},"minecraft:dropped":{"minecraft:iron_sword":1,"minecraft:candle":24,"minecraft:wheat_seeds":57,"minecraft:glass_bottle":1,"minecraft:crafting_table":1,"quark:blossom_planks":2,"biomesoplenty:lavender":28,"minecraft:cobblestone":9,"minecraft:granite":1,"farmersdelight:rice":2,"irons_spellbooks:scroll":1,"minecraft:dirt":2,"irons_spellbooks:affinity_ring":1,"minecraft:diorite":1,"born_in_chaos_v1:fused_bone":2,"minecraft:gold_nugget":40,"minecraft:string":22,"minecraft:pink_petals":3,"born_in_chaos_v1:flaming_evil_pumpkin":1,"epicpaladins:arclight_sword":1,"minecraft:iron_nugget":29,"minecraft:cobbled_deepslate":2,"undead_revamp2:arapholia":1,"minecraft:rotten_flesh":62,"minecraft:oak_planks":4,"minecraft:filled_map":1,"supplementaries:flax_seeds":4,"supplementaries:ash":8,"minecraft:allium":1,"mysticalagriculture:inferium_essence":1,"minecraft:chainmail_boots":1,"minecraft:arrow":2,"minecraft:ghast_tear":1,"biomesoplenty:tall_lavender":1}},"DataVersion":3465}