{"stats":{"minecraft:killed":{"minecraft:iron_golem":1},"minecraft:mined":{"minecraft:red_bed":2,"minecraft:candle":12,"biomesoplenty:lavender":1,"biomesoplenty:sea_oats":19,"minecraft:grass":159,"minecraft:vine":1,"minecraft:green_carpet":4,"minecraft:tall_grass":23,"biomesoplenty:barley":149,"biomesoplenty:dune_grass":2,"minecraft:oak_leaves":2,"minecraft:wall_torch":2},"minecraft:used":{"minecraft:water_bucket":5,"minecraft:dried_kelp":7,"minecraft:iron_sword":28,"minecraft:iron_chestplate":1,"delightful:green_tea_leaf":3,"minecraft:green_carpet":3,"minecraft:torch":6,"biomesoplenty:rainbow_birch_sapling":1,"minecraft:red_bed":1,"minecraft:carrot":14,"minecraft:bucket":5,"born_in_chaos_v1:flaming_evil_pumpkin":1,"quark:blossom_planks":3,"alexsmobs:animal_dictionary":2,"minecraft:iron_leggings":1},"minecraft:custom":{"minecraft:time_since_rest":5205,"minecraft:interact_with_smithing_table":1,"minecraft:sprint_one_cm":51164,"minecraft:damage_taken":693,"minecraft:walk_one_cm":21273,"minecraft:mob_kills":1,"minecraft:drop":11,"minecraft:damage_dealt":1070,"minecraft:traded_with_villager":19,"minecraft:swim_one_cm":780,"minecraft:interact_with_crafting_table":2,"minecraft:fly_one_cm":76449,"minecraft:open_barrel":25,"minecraft:open_chest":12,"minecraft:crouch_one_cm":80,"minecraft:play_time":14075,"minecraft:deaths":1,"minecraft:sneak_time":103,"minecraft:bell_ring":3,"minecraft:walk_under_water_one_cm":1373,"minecraft:jump":359,"minecraft:leave_game":1,"minecraft:walk_on_water_one_cm":3286,"minecraft:time_since_death":13725,"minecraft:sleep_in_bed":1,"minecraft:climb_one_cm":393,"minecraft:total_world_time":14075,"minecraft:fall_one_cm":11266},"minecraft:crafted":{"irons_spellbooks:scroll":1,"minecraft:emerald":32,"quark:blossom_planks":40,"minecraft:iron_chestplate":1,"minecraft:stick":24,"minecraft:iron_helmet":1,"minecraft:iron_pickaxe":1,"irons_spellbooks:furled_map":1,"minecraft:iron_sword":1,"minecraft:iron_leggings":1,"irons_spellbooks:fire_ale":1,"minecraft:air":0},"minecraft:picked_up":{"irons_spellbooks:scroll":1,"biomesoplenty:lavender":20,"minecraft:torch":4,"born_in_chaos_v1:flaming_evil_pumpkin":1,"minecraft:green_carpet":3,"minecraft:red_bed":2,"minecraft:wheat_seeds":43,"minecraft:candle":27,"minecraft:iron_ingot":4,"minecraft:emerald":20,"delightful:green_tea_leaf":3},"minecraft:killed_by":{"undead_revamp2:thehorrors":1},"minecraft:dropped":{"minecraft:candle":11,"minecraft:wheat_seeds":43,"born_in_chaos_v1:flaming_evil_pumpkin":1}},"DataVersion":3465}