{"stats":{"minecraft:killed":{"minecraft:iron_golem":1,"born_in_chaos_v1:door_knight":1,"undead_revamp2:sucker":1},"minecraft:mined":{"minecraft:red_carpet":1,"minecraft:red_bed":4,"minecraft:candle":19,"minecraft:allium":1,"biomesoplenty:bush":11,"minecraft:grass_block":1,"minecraft:cobblestone":1,"minecraft:tall_grass":31,"biomesoplenty:dune_grass":2,"minecraft:wall_torch":2,"minecraft:pink_petals":4,"minecraft:hay_block":17,"biomesoplenty:tall_lavender":3,"biomesoplenty:lavender":8,"minecraft:bookshelf":1,"biomesoplenty:sea_oats":19,"minecraft:grass":244,"minecraft:coal_ore":5,"delightful:mini_melon":6,"minecraft:vine":1,"minecraft:cherry_leaves":3,"minecraft:green_carpet":4,"biomesoplenty:barley":150,"irons_spellbooks:inscription_table":1,"minecraft:stone":1,"minecraft:oak_leaves":5},"minecraft:used":{"minecraft:water_bucket":16,"minecraft:dried_kelp":7,"minecraft:oak_planks":2,"minecraft:iron_sword":61,"minecraft:cobblestone_slab":1,"minecraft:iron_chestplate":1,"minecraft:torch":6,"biomesoplenty:rainbow_birch_sapling":1,"minecraft:red_bed":3,"minecraft:carrot":14,"born_in_chaos_v1:flaming_evil_pumpkin":1,"delightful:mini_melon":2,"minecraft:cornflower":1,"minecraft:bookshelf":1,"minecraft:melon_slice":12,"minecraft:bread":3,"biomesoplenty:tall_lavender":1,"minecraft:string":1,"minecraft:iron_pickaxe":9,"minecraft:pink_petals":13,"delightful:green_tea_leaf":3,"minecraft:green_carpet":3,"minecraft:oak_sapling":1,"minecraft:bucket":16,"quark:blossom_planks":22,"alexsmobs:animal_dictionary":2,"minecraft:iron_leggings":1,"irons_spellbooks:inscription_table":2},"minecraft:custom":{"minecraft:interact_with_smithing_table":1,"minecraft:mob_kills":3,"minecraft:traded_with_villager":36,"minecraft:interact_with_crafting_table":2,"minecraft:open_barrel":38,"minecraft:bell_ring":3,"minecraft:damage_dealt_resisted":1065,"minecraft:leave_game":1,"minecraft:time_since_death":37725,"minecraft:sleep_in_bed":3,"minecraft:climb_one_cm":656,"minecraft:time_since_rest":11829,"minecraft:sprint_one_cm":107460,"minecraft:damage_taken":1131,"minecraft:walk_one_cm":56792,"minecraft:drop":29,"minecraft:damage_dealt":1523,"twilightforest:life_charms_activated":1,"minecraft:swim_one_cm":18804,"minecraft:fly_one_cm":163705,"minecraft:open_chest":15,"minecraft:play_time":38075,"minecraft:crouch_one_cm":1021,"minecraft:deaths":1,"minecraft:sneak_time":527,"minecraft:walk_under_water_one_cm":4172,"minecraft:interact_with_lectern":1,"minecraft:jump":896,"minecraft:walk_on_water_one_cm":7518,"minecraft:total_world_time":38075,"minecraft:fall_one_cm":29733},"minecraft:crafted":{"irons_spellbooks:scroll":2,"minecraft:emerald":64,"quark:blossom_planks":40,"minecraft:melon_slice":12,"minecraft:iron_helmet":1,"minecraft:iron_sword":1,"irons_spellbooks:furled_map":1,"irons_spellbooks:fire_ale":1,"minecraft:air":0,"minecraft:iron_chestplate":1,"minecraft:stick":24,"minecraft:iron_pickaxe":1,"minecraft:iron_leggings":1},"minecraft:picked_up":{"biomesoplenty:lavender":28,"irons_spellbooks:scroll":1,"minecraft:pink_petals":16,"minecraft:allium":1,"minecraft:cornflower":1,"minecraft:string":11,"minecraft:red_bed":4,"biomesoplenty:tall_lavender":2,"delightful:mini_melon":6,"minecraft:wheat_seeds":56,"minecraft:candle":56,"twigs:pebble":1,"minecraft:iron_ingot":4,"minecraft:cobblestone_slab":1,"minecraft:oak_planks":2,"delightful:green_tea_leaf":3,"irons_spellbooks:inscription_table":2,"minecraft:book":3,"minecraft:torch":4,"born_in_chaos_v1:flaming_evil_pumpkin":1,"minecraft:green_carpet":3,"minecraft:rotten_flesh":3,"waystones:waystone":1,"minecraft:hay_block":17,"minecraft:emerald":20,"minecraft:oak_sapling":1,"minecraft:coal":5,"minecraft:cobblestone":3},"minecraft:killed_by":{"undead_revamp2:thehorrors":1},"minecraft:dropped":{"minecraft:candle":11,"minecraft:wheat_seeds":45,"minecraft:glass_bottle":1,"biomesoplenty:lavender":28,"minecraft:cobblestone":3,"minecraft:rotten_flesh":16,"farmersdelight:rice":2,"minecraft:filled_map":1,"minecraft:allium":1,"minecraft:gold_nugget":10,"minecraft:ghast_tear":1,"minecraft:string":21,"minecraft:pink_petals":3,"biomesoplenty:tall_lavender":1,"born_in_chaos_v1:flaming_evil_pumpkin":1}},"DataVersion":3465}