{"stats":{"minecraft:killed":{"minecraft:cave_spider":2,"undead_revamp2:thehunter":4,"undead_revamp2:thegliter":2,"born_in_chaos_v1:zombie_lumberjack":2,"minecraft:spider":3,"born_in_chaos_v1:siamese_skeletonsright":1,"undead_revamp2:theswarmer":1,"born_in_chaos_v1:maggot":6,"minecraft:skeleton":4,"minecraft:drowned":3,"undead_revamp2:thehorrors":1,"undead_revamp2:sucker":3,"minecraft:zombie_villager":2,"undead_revamp2:the_moonflower":1,"minecraft:iron_golem":1,"undead_revamp2:theheavy":1,"minecraft:creeper":1,"born_in_chaos_v1:decrepit_skeleton":5,"undead_revamp2:thebidyupside":1,"undead_revamp2:thesomnolence":2,"minecraft:zombie":27,"born_in_chaos_v1:dread_hound":1,"born_in_chaos_v1:corpse_fly":1,"born_in_chaos_v1:door_knight":2,"born_in_chaos_v1:siamese_skeletonsleft":1},"minecraft:mined":{"mysticalagriculture:prosperity_ore":8,"minecraft:red_carpet":1,"iceandfire:silver_ore":1,"minecraft:deepslate_diamond_ore":10,"minecraft:candle":19,"minecraft:granite":2,"biomesoplenty:bush":11,"minecraft:allium":1,"minecraft:grass_block":3,"biomesoplenty:dune_grass":2,"mysticalagriculture:inferium_ore":2,"minecraft:spawner":1,"epicpaladins:deepslate_arclight_ore":3,"minecraft:hay_block":17,"biomesoplenty:tall_lavender":3,"minecraft:iron_ore":52,"biomesoplenty:lavender":8,"minecraft:andesite":3,"quark:blossom_planks":1,"biomesoplenty:sea_oats":19,"minecraft:bookshelf":1,"minecraft:cobblestone_slab":10,"minecraft:vine":1,"minecraft:dirt_path":10,"minecraft:green_carpet":4,"biomesoplenty:barley":150,"irons_spellbooks:inscription_table":1,"minecraft:stone":258,"minecraft:red_bed":4,"born_in_chaos_v1:infected_deepslate_diamond_ore":2,"minecraft:torch":4,"minecraft:calcite":2,"minecraft:copper_ore":1,"minecraft:tall_grass":32,"minecraft:cobblestone":24,"minecraft:deepslate_gold_ore":1,"minecraft:amethyst_block":2,"minecraft:diorite":8,"minecraft:wall_torch":5,"supplementaries:urn":50,"minecraft:pink_petals":4,"minecraft:wheat":1,"minecraft:grass":253,"minecraft:coal_ore":66,"minecraft:oak_log":6,"delightful:mini_melon":6,"minecraft:cherry_leaves":3,"mysticalagriculture:deepslate_prosperity_ore":1,"minecraft:smooth_basalt":4,"minecraft:cobweb":1,"twigs:rhyolite":18,"minecraft:gold_ore":5,"minecraft:deepslate":17,"minecraft:oak_leaves":6,"epicpaladins:arclight_ore":13},"minecraft:used":{"irons_spellbooks:inscription_table":2,"minecraft:dried_kelp":7,"minecraft:iron_sword":314,"minecraft:rotten_flesh":2,"minecraft:iron_chestplate":1,"minecraft:torch":291,"minecraft:carrot":14,"minecraft:granite":1,"epicpaladins:arclight_sword":135,"born_in_chaos_v1:corpse_maggot":4,"minecraft:bookshelf":1,"minecraft:iron_axe":9,"biomesoplenty:tall_lavender":1,"minecraft:iron_boots":1,"delightful:green_tea_leaf":3,"minecraft:furnace":1,"minecraft:oak_sapling":1,"quark:blossom_planks":24,"minecraft:cobbled_deepslate":5,"minecraft:iron_leggings":1,"born_in_chaos_v1:trident_hayfork":2,"minecraft:water_bucket":28,"minecraft:diorite":5,"minecraft:baked_potato":33,"minecraft:oak_planks":18,"minecraft:cobblestone_slab":93,"minecraft:glow_berries":1,"biomesoplenty:rainbow_birch_sapling":1,"minecraft:crafting_table":2,"minecraft:red_bed":4,"born_in_chaos_v1:flaming_evil_pumpkin":1,"delightful:mini_melon":2,"waystones:waystone":3,"epicpaladins:arclight_pickaxe":85,"minecraft:cornflower":1,"born_in_chaos_v1:monster_flesh":1,"minecraft:bread":51,"minecraft:melon_slice":12,"minecraft:string":1,"minecraft:iron_pickaxe":481,"minecraft:pink_petals":13,"minecraft:green_carpet":3,"minecraft:cobblestone":224,"minecraft:andesite":1,"minecraft:bucket":28,"alexsmobs:animal_dictionary":2,"irons_spellbooks:arcane_anvil":1,"minecraft:bone_meal":102},"minecraft:broken":{"minecraft:iron_sword":1,"minecraft:iron_pickaxe":1},"minecraft:custom":{"minecraft:interact_with_smithing_table":1,"minecraft:interact_with_anvil":3,"minecraft:mob_kills":83,"minecraft:interact_with_crafting_table":23,"minecraft:open_barrel":38,"minecraft:bell_ring":3,"minecraft:damage_dealt_resisted":3154,"minecraft:leave_game":1,"minecraft:time_since_death":8666,"minecraft:climb_one_cm":656,"minecraft:sprint_one_cm":463651,"minecraft:walk_one_cm":236210,"minecraft:drop":73,"minecraft:play_time":164075,"minecraft:deaths":8,"minecraft:sneak_time":16321,"minecraft:walk_under_water_one_cm":16175,"minecraft:interact_with_lectern":1,"minecraft:jump":3560,"minecraft:interact_with_blast_furnace":1,"minecraft:walk_on_water_one_cm":47520,"minecraft:total_world_time":164075,"minecraft:interact_with_furnace":25,"minecraft:traded_with_villager":36,"minecraft:sleep_in_bed":5,"minecraft:time_since_rest":8695,"minecraft:waystone_activated":3,"minecraft:damage_taken":7107,"minecraft:damage_dealt":18471,"twilightforest:life_charms_activated":1,"minecraft:swim_one_cm":23608,"minecraft:fly_one_cm":603452,"minecraft:open_chest":53,"minecraft:crouch_one_cm":46913,"minecraft:interact_with_smoker":5,"minecraft:fall_one_cm":120970},"minecraft:crafted":{"epicpaladins:arclight_sword":1,"minecraft:oak_planks":32,"minecraft:cobblestone_slab":84,"minecraft:melon_slice":12,"minecraft:furnace":1,"epicpaladins:arclight_pickaxe":1,"minecraft:bone_meal":102,"irons_spellbooks:fire_ale":1,"minecraft:iron_boots":1,"minecraft:polished_deepslate":8,"minecraft:iron_axe":1,"minecraft:wheat":138,"irons_spellbooks:scroll":2,"minecraft:emerald":64,"quark:blossom_planks":40,"minecraft:crafting_table":3,"minecraft:baked_potato":33,"minecraft:iron_helmet":1,"minecraft:iron_sword":2,"irons_spellbooks:furled_map":1,"minecraft:birch_planks":4,"irons_spellbooks:arcane_anvil":1,"minecraft:bread":48,"minecraft:air":0,"minecraft:iron_chestplate":1,"minecraft:stick":52,"minecraft:iron_ingot":18,"minecraft:iron_pickaxe":2,"minecraft:iron_block":3,"minecraft:iron_leggings":1,"minecraft:anvil":1,"minecraft:torch":240},"minecraft:picked_up":{"irons_spellbooks:scroll":2,"minecraft:allium":1,"minecraft:wheat":12,"minecraft:chainmail_boots":1,"irons_spellbooks:affinity_ring":1,"minecraft:shield":2,"minecraft:amethyst_block":3,"minecraft:cornflower":1,"minecraft:string":24,"minecraft:red_bed":4,"minecraft:raw_copper":4,"minecraft:iron_axe":1,"biomesoplenty:tall_lavender":2,"minecraft:gold_nugget":30,"mysticalagriculture:inferium_essence":24,"minecraft:candle":56,"minecraft:cobbled_deepslate":16,"twigs:pebble":1,"minecraft:cobblestone_slab":9,"minecraft:iron_nugget":29,"delightful:green_tea_leaf":3,"irons_spellbooks:inscription_table":2,"minecraft:raw_iron":51,"epicpaladins:arclight_gem":16,"minecraft:copper_ingot":1,"mysticalagriculture:prosperity_shard":14,"minecraft:torch":62,"born_in_chaos_v1:flaming_evil_pumpkin":1,"minecraft:diorite":9,"minecraft:carrot":1,"quark:blossom_planks":17,"minecraft:arrow":7,"minecraft:rotten_flesh":62,"born_in_chaos_v1:wood_splitter_axe":1,"supplementaries:antique_ink":1,"minecraft:hay_block":17,"supplementaries:ash":85,"born_in_chaos_v1:trident_hayfork":1,"minecraft:glow_berries":1,"undead_revamp2:arapholia":2,"minecraft:cobblestone":276,"born_in_chaos_v1:fused_bone":3,"biomesoplenty:lavender":28,"minecraft:birch_log":1,"minecraft:pink_petals":16,"born_in_chaos_v1:corpse_maggot":7,"born_in_chaos_v1:monster_flesh":1,"minecraft:andesite":3,"minecraft:potato":125,"minecraft:oak_log":6,"supplementaries:flax_seeds":4,"minecraft:lapis_lazuli":8,"minecraft:dirt":3,"minecraft:leather_boots":1,"born_in_chaos_v1:monster_skin":4,"minecraft:bone":41,"delightful:mini_melon":6,"minecraft:wheat_seeds":57,"minecraft:raw_gold":6,"minecraft:iron_ingot":4,"minecraft:iron_sword":1,"minecraft:oak_planks":2,"minecraft:book":3,"born_in_chaos_v1:ethereal_spirit":1,"epicpaladins:arclight_sword":1,"minecraft:green_carpet":3,"minecraft:leather_helmet":2,"undead_revamp2:heavytooth":2,"minecraft:diamond":10,"waystones:waystone":3,"minecraft:iron_helmet":2,"minecraft:granite":2,"minecraft:emerald":34,"twigs:rhyolite":18,"minecraft:oak_sapling":1,"minecraft:coal":64,"iceandfire:raw_silver":3},"minecraft:killed_by":{"undead_revamp2:theskeeper":1,"minecraft:iron_golem":1,"undead_revamp2:thesomnolence":1,"undead_revamp2:thehorrors":1,"undead_revamp2:thehunter":1,"minecraft:skeleton":1,"minecraft:zombie":1},"minecraft:dropped":{"minecraft:iron_sword":1,"minecraft:candle":24,"minecraft:wheat_seeds":57,"minecraft:glass_bottle":1,"minecraft:crafting_table":1,"quark:blossom_planks":2,"biomesoplenty:lavender":28,"minecraft:cobblestone":9,"minecraft:granite":1,"minecraft:copper_ingot":1,"farmersdelight:rice":2,"irons_spellbooks:scroll":1,"minecraft:dirt":2,"irons_spellbooks:affinity_ring":1,"minecraft:diorite":1,"born_in_chaos_v1:fused_bone":2,"minecraft:gold_nugget":40,"minecraft:string":22,"minecraft:pink_petals":3,"born_in_chaos_v1:flaming_evil_pumpkin":1,"minecraft:bone":1,"epicpaladins:arclight_sword":1,"minecraft:iron_nugget":29,"minecraft:cobbled_deepslate":2,"undead_revamp2:arapholia":1,"minecraft:rotten_flesh":62,"minecraft:oak_planks":4,"minecraft:filled_map":1,"supplementaries:flax_seeds":4,"supplementaries:ash":8,"minecraft:allium":1,"mysticalagriculture:inferium_essence":1,"minecraft:chainmail_boots":1,"minecraft:arrow":2,"minecraft:ghast_tear":1,"biomesoplenty:tall_lavender":1}},"DataVersion":3465}