{"stats":{"minecraft:mined":{"minecraft:dark_oak_planks":38,"minecraft:polished_granite_slab":1,"epicpaladins:cryorium_ore":20,"minecraft:sculk_vein":74,"minecraft:brewing_stand":1,"minecraft:obsidian":10,"born_in_chaos_v1:dark_metal_deposit":10,"minecraft:grass_block":17,"minecraft:mud_bricks":68,"mysticalagriculture:inferium_ore":70,"minecraft:spawner":9,"minecraft:magma_block":2,"minecraft:sculk_catalyst":2,"minecraft:dark_oak_trapdoor":1,"minecraft:cobbled_deepslate":6,"minecraft:fire":10,"minecraft:iron_ore":47,"born_in_chaos_v1:black_argillite_brick_slab":1,"quark:blossom_planks":7,"minecraft:deepslate_lapis_ore":19,"minecraft:dark_oak_stairs":4,"minecraft:sculk_shrieker":5,"minecraft:pointed_dripstone":1,"minecraft:dirt_path":2,"biomesoplenty:webbing":1,"minecraft:iron_bars":2,"minecraft:iron_block":2,"minecraft:spruce_slab":1,"minecraft:deepslate_redstone_ore":4,"minecraft:red_bed":3,"minecraft:amethyst_cluster":5,"born_in_chaos_v1:infected_deepslate_diamond_ore":5,"minecraft:torch":4,"minecraft:blast_furnace":1,"minecraft:mud_brick_stairs":1,"minecraft:calcite":1,"quark:blossom_log":58,"minecraft:white_candle":1,"minecraft:cobblestone":29,"minecraft:oak_planks":4,"minecraft:bricks":1,"minecraft:wall_torch":3,"minecraft:wheat":1,"epicpaladins:deepslate_cryorium_ore":7,"minecraft:tnt":3,"born_in_chaos_v1:black_argillite_brick":1,"minecraft:potted_poppy":1,"minecraft:cracked_deepslate_tiles":1,"minecraft:grass":202,"minecraft:oak_log":15,"twigs:schist":3,"minecraft:dirt":26,"mysticalagriculture:deepslate_prosperity_ore":71,"twigs:rhyolite":7,"minecraft:tripwire_hook":4,"minecraft:netherrack":13,"mysticalagriculture:deepslate_inferium_ore":52,"epicpaladins:arclight_ore":13,"minecraft:deepslate":194,"minecraft:deepslate_tiles":2,"mysticalagriculture:prosperity_ore":12,"minecraft:crying_obsidian":1,"minecraft:tuff":7,"iceandfire:silver_ore":2,"minecraft:mossy_cobblestone":1,"minecraft:deepslate_diamond_ore":15,"minecraft:dark_oak_log":2,"minecraft:glow_lichen":1,"biomesoplenty:bush":1,"born_in_chaos_v1:black_argillite":2,"minecraft:cartography_table":1,"epicpaladins:deepslate_arclight_ore":11,"minecraft:hay_block":18,"minecraft:furnace":1,"minecraft:packed_mud":19,"minecraft:andesite":1,"minecraft:gold_block":1,"biomesoplenty:sea_oats":2,"minecraft:bookshelf":35,"minecraft:potatoes":21,"minecraft:cobblestone_slab":4,"minecraft:stripped_oak_log":2,"biomesoplenty:barley":4,"irons_spellbooks:inscription_table":1,"minecraft:stone":112,"biomesoplenty:spider_egg":2,"minecraft:podzol":2,"minecraft:smithing_table":1,"twigs:pebble":1,"epicpaladins:deepslate_bloodstone_ore":31,"minecraft:crafting_table":3,"born_in_chaos_v1:black_argillite_brick_n":1,"minecraft:sculk_sensor":29,"twigs:petrified_lichen":3,"minecraft:tall_grass":22,"born_in_chaos_v1:chipped_black_argillite_brick":1,"minecraft:deepslate_gold_ore":112,"minecraft:sculk":1133,"minecraft:diorite":5,"supplementaries:urn":58,"minecraft:gray_wool":23,"minecraft:red_terracotta":2,"minecraft:coal_ore":159,"minecraft:sunflower":1,"minecraft:gravel":9,"minecraft:cobweb":4,"minecraft:cracked_stone_bricks":8,"minecraft:terracotta":3,"minecraft:stone_bricks":6,"minecraft:mossy_stone_bricks":2,"minecraft:gold_ore":14,"minecraft:fern":1},"minecraft:killed":{"born_in_chaos_v1:lifestealer_true_form":1,"born_in_chaos_v1:zombie_clown":2,"minecraft:cave_spider":9,"born_in_chaos_v1:restless_spirit":2,"born_in_chaos_v1:zombie_lumberjack":3,"born_in_chaos_v1:skeleton_demoman":1,"minecraft:spider":20,"undead_revamp2:thesmoker":2,"born_in_chaos_v1:siamese_skeletonsright":2,"born_in_chaos_v1:baby_skeleton_minion":5,"minecraft:skeleton":35,"minecraft:bee":1,"born_in_chaos_v1:skeleton_thrasher":1,"undead_revamp2:therod":1,"undead_revamp2:thepregnant":2,"born_in_chaos_v1:supreme_bonescaller_stage_2":1,"undead_revamp2:thespitter":3,"born_in_chaos_v1:diamond_termite":11,"irons_spellbooks:necromancer":1,"minecraft:creeper":7,"minecraft:sheep":4,"undead_revamp2:thebidyupside":3,"minecraft:pillager":1,"minecraft:zombie":59,"minecraft:stray":5,"undead_revamp2:theskeeper":2,"born_in_chaos_v1:door_knight":1,"born_in_chaos_v1:siamese_skeletonsleft":2,"undead_revamp2:thehunter":9,"undead_revamp2:thegliter":4,"minecraft:vindicator":1,"quark:toretoise":1,"undead_revamp2:bomber":1,"born_in_chaos_v1:zombie_bruiser":2,"born_in_chaos_v1:maggot":36,"born_in_chaos_v1:corpse_fish":3,"born_in_chaos_v1:seared_spirit_not_despawn":1,"undead_revamp2:sucker":9,"born_in_chaos_v1:barrel_zombie":1,"born_in_chaos_v1:spiritof_chaos":2,"born_in_chaos_v1:bone_imp_minion":3,"born_in_chaos_v1:baby_skeleton":1,"iceandfire:troll":1,"undead_revamp2:the_moonflower":15,"born_in_chaos_v1:decrepit_skeleton":7,"undead_revamp2:thesomnolence":18,"born_in_chaos_v1:decaying_zombie":1,"alexsmobs:cockroach":1,"born_in_chaos_v1:bonescaller_not_despawn":2,"born_in_chaos_v1:nightmare_stalker":1,"minecraft:player":1,"minecraft:enderman":1},"minecraft:used":{"epicpaladins:bloodstone_pickaxe":670,"minecraft:shield":12,"minecraft:iron_sword":247,"minecraft:iron_chestplate":1,"minecraft:carrot":3,"minecraft:lava_bucket":5,"minecraft:packed_mud":8,"minecraft:iron_helmet":1,"epicpaladins:bloodstone_shovel":26,"quark:blossom_chest":7,"minecraft:bow":26,"epicpaladins:arclight_hoe":1248,"minecraft:furnace":2,"minecraft:cooked_cod":20,"minecraft:egg":1,"minecraft:potato":23,"minecraft:dark_oak_stairs":1,"minecraft:mossy_stone_bricks":1,"minecraft:diorite":1,"minecraft:oak_planks":12,"minecraft:ender_pearl":3,"minecraft:wooden_pickaxe":11,"epicpaladins:cryorium_axe":103,"minecraft:golden_apple":11,"alexscaves:cave_book":1,"minecraft:mushroom_stew":2,"minecraft:blast_furnace":1,"waystones:waystone":1,"minecraft:dark_oak_log":2,"minecraft:bread":63,"minecraft:bone_meal":51,"minecraft:experience_bottle":1,"delightful:acorn":1,"minecraft:cooked_salmon":19,"minecraft:cooked_chicken":1,"minecraft:torch":530,"minecraft:dirt":19,"minecraft:brewing_stand":1,"minecraft:wooden_axe":2,"minecraft:dark_oak_planks":28,"minecraft:bookshelf":30,"minecraft:iron_axe":385,"minecraft:iron_boots":2,"minecraft:mud_bricks":26,"minecraft:barrel":2,"quark:blossom_planks":23,"minecraft:cobbled_deepslate":55,"minecraft:iron_leggings":2,"minecraft:cooked_mutton":6,"minecraft:water_bucket":114,"minecraft:baked_potato":92,"born_in_chaos_v1:stimulating_decoction":1,"minecraft:terracotta":2,"minecraft:crafting_table":12,"minecraft:red_bed":3,"minecraft:white_bed":1,"minecraft:smoker":1,"minecraft:apple":1,"minecraft:iron_pickaxe":664,"minecraft:golden_leggings":1,"minecraft:cobblestone":55,"minecraft:potion":1,"minecraft:cooked_porkchop":1,"epicpaladins:bloodstone_sword":231,"minecraft:red_banner":1,"minecraft:bucket":118,"minecraft:gray_wool":17,"minecraft:soul_torch":1},"minecraft:broken":{"minecraft:iron_boots":1,"minecraft:iron_chestplate":1,"minecraft:iron_leggings":1,"minecraft:chainmail_boots":1,"minecraft:golden_leggings":1,"minecraft:iron_sword":1,"minecraft:iron_axe":1,"minecraft:iron_helmet":2},"minecraft:custom":{"minecraft:interact_with_crafting_table":62,"minecraft:open_barrel":155,"minecraft:eat_cake_slice":3,"minecraft:leave_game":2,"minecraft:time_since_death":110150,"minecraft:sprint_one_cm":990757,"minecraft:damage_blocked_by_shield":780,"minecraft:drop":254,"minecraft:talked_to_villager":5,"minecraft:play_time":352258,"minecraft:deaths":29,"minecraft:jump":9105,"minecraft:interact_with_brewingstand":5,"minecraft:enchant_item":3,"minecraft:walk_on_water_one_cm":94975,"minecraft:interact_with_furnace":68,"minecraft:sleep_in_bed":6,"minecraft:waystone_activated":3,"minecraft:damage_dealt":54492,"minecraft:player_kills":1,"minecraft:crouch_one_cm":247203,"minecraft:interact_with_smoker":11,"minecraft:interact_with_anvil":7,"minecraft:mob_kills":317,"minecraft:damage_dealt_resisted":2173,"minecraft:climb_one_cm":6669,"minecraft:walk_one_cm":836279,"minecraft:damage_dealt_absorbed":68,"minecraft:sneak_time":68505,"minecraft:walk_under_water_one_cm":56762,"minecraft:interact_with_blast_furnace":18,"minecraft:total_world_time":352258,"minecraft:tune_noteblock":1,"minecraft:time_since_rest":110176,"minecraft:damage_absorbed":399,"minecraft:damage_taken":19274,"twilightforest:life_charms_activated":1,"minecraft:swim_one_cm":134674,"minecraft:fly_one_cm":1784131,"minecraft:open_chest":190,"minecraft:fall_one_cm":310996},"minecraft:crafted":{"mysticalagriculture:upgrade_base":1,"minecraft:oak_planks":60,"patchouli:guide_book":1,"minecraft:cooked_mutton":6,"minecraft:iron_boots":2,"born_in_chaos_v1:pileof_dark_metal":2,"minecraft:smoker":1,"epicpaladins:arclight_hoe":2,"quark:blossom_planks":176,"minecraft:cooked_porkchop":1,"minecraft:crafting_table":10,"minecraft:spruce_planks":8,"minecraft:wooden_pickaxe":1,"minecraft:baked_potato":28,"minecraft:iron_helmet":3,"minecraft:iron_chestplate":2,"minecraft:golden_leggings":1,"minecraft:shield":1,"minecraft:stick":208,"minecraft:iron_ingot":97,"minecraft:iron_pickaxe":3,"minecraft:gold_ingot":40,"minecraft:wooden_sword":1,"epicpaladins:bloodstone_shovel":1,"mysticalagriculture:prosperity_ingot":4,"minecraft:furnace":2,"mysticalagriculture:prosperity_block":2,"minecraft:bone_meal":51,"quark:blossom_chest":7,"epicpaladins:bloodstone_sword":1,"minecraft:iron_axe":3,"minecraft:wheat":162,"minecraft:cooked_cod":20,"minecraft:iron_sword":1,"minecraft:cooked_salmon":19,"minecraft:mangrove_planks":8,"epicpaladins:cryorium_axe":1,"minecraft:amethyst_block":5,"minecraft:bread":61,"minecraft:air":0,"minecraft:golden_apple":10,"epicpaladins:bloodstone_pickaxe":1,"minecraft:wooden_axe":1,"minecraft:iron_leggings":2,"minecraft:white_bed":1,"minecraft:acacia_planks":12,"minecraft:torch":488,"minecraft:diamond_chestplate":1},"minecraft:picked_up":{"minecraft:iron_chestplate":1,"minecraft:wheat":1,"minecraft:chainmail_boots":1,"minecraft:flower_pot":2,"minecraft:smithing_table":1,"aether:iron_gloves":1,"epicpaladins:arclight_hoe":1,"minecraft:brewing_stand":1,"spawnersplus:spawner_fragment":7,"born_in_chaos_v1:black_argillite":2,"minecraft:string":56,"minecraft:dark_oak_trapdoor":1,"minecraft:iron_leggings":1,"biomesoplenty:tall_lavender":1,"epicpaladins:bloodstone_gem":31,"minecraft:deepslate_tiles":1,"mysticalagriculture:inferium_essence":417,"minecraft:gold_nugget":13,"minecraft:cobbled_deepslate":198,"minecraft:bucket":1,"delightful:acorn":1,"quark:cyan_shard":8,"minecraft:cobblestone_slab":3,"born_in_chaos_v1:stimulating_decoction":1,"delightful:green_tea_leaf":2,"irons_spellbooks:inscription_table":1,"minecraft:mangrove_log":2,"minecraft:furnace":1,"minecraft:stick":2,"born_in_chaos_v1:shattered_skull":3,"epicpaladins:arclight_gem":24,"minecraft:acacia_log":3,"minecraft:torch":58,"born_in_chaos_v1:flaming_evil_pumpkin":2,"mysticalagriculture:prosperity_shard":221,"quark:blossom_log":99,"minecraft:cherry_log":2,"minecraft:pointed_dripstone":2,"minecraft:diorite":4,"quark:blossom_planks":7,"minecraft:stone_sword":1,"minecraft:rotten_flesh":139,"epicpaladins:cryorium_gem":19,"supplementaries:antique_ink":14,"minecraft:iron_block":2,"minecraft:bookshelf":32,"supplementaries:ash":92,"minecraft:obsidian":6,"minecraft:iron_bars":2,"minecraft:cobblestone":100,"biomesoplenty:lavender":12,"minecraft:leather_chestplate":1,"minecraft:potato":72,"minecraft:flint":2,"minecraft:tuff":2,"supplementaries:flax_seeds":9,"undead_revamp2:huntereye":1,"minecraft:lapis_lazuli":120,"minecraft:dirt":36,"minecraft:bone":108,"undead_revamp2:blacpetalblock":1,"minecraft:bow":1,"minecraft:wheat_seeds":33,"minecraft:raw_gold":126,"minecraft:dark_oak_sign":4,"minecraft:mossy_stone_bricks":5,"minecraft:oak_planks":3,"irons_spellbooks:frozen_bone":5,"epicpaladins:arclight_sword":1,"minecraft:grass_block":1,"minecraft:dark_oak_log":2,"minecraft:red_terracotta":1,"minecraft:mossy_cobblestone":2,"born_in_chaos_v1:fire_dust":3,"minecraft:diamond":14,"waystones:waystone":2,"minecraft:granite":9,"minecraft:emerald":13,"minecraft:chainmail_helmet":3,"minecraft:netherrack":25,"born_in_chaos_v1:rotten_fish":3,"minecraft:oak_sapling":3,"twigs:rhyolite":6,"iceandfire:raw_silver":2,"born_in_chaos_v1:diamond_termite_shard":9,"minecraft:charcoal":7,"minecraft:crafting_table":3,"twigs:petrified_lichen":3,"born_in_chaos_v1:seedof_chaos":3,"minecraft:gold_block":1,"minecraft:chain":1,"minecraft:red_bed":3,"minecraft:iron_axe":1,"born_in_chaos_v1:intoxicating_decoction":2,"minecraft:cartography_table":1,"minecraft:iron_nugget":28,"minecraft:poppy":2,"quark:yellow_blossom_sapling":6,"minecraft:egg":1,"minecraft:raw_iron":47,"minecraft:copper_ingot":2,"born_in_chaos_v1:pieceofdarkmetal":21,"minecraft:carrot":2,"minecraft:redstone":18,"minecraft:dark_oak_planks":37,"minecraft:diamond_chestplate":1,"minecraft:arrow":42,"minecraft:hay_block":18,"minecraft:black_banner":1,"minecraft:cracked_deepslate_tiles":1,"minecraft:stripped_oak_log":2,"minecraft:glow_berries":1,"minecraft:mutton":6,"minecraft:white_wool":4,"born_in_chaos_v1:fused_bone":3,"born_in_chaos_v1:corpse_maggot":13,"minecraft:mud_bricks":58,"minecraft:tripwire_hook":2,"iceandfire:troll_leather_mountain":1,"minecraft:filled_map":1,"minecraft:packed_mud":15,"minecraft:oak_log":16,"minecraft:gunpowder":24,"minecraft:paper":23,"minecraft:apple":2,"alexsmobs:cockroach_wing_fragment":1,"minecraft:iron_ingot":5,"minecraft:cooked_chicken":1,"minecraft:dark_oak_stairs":3,"minecraft:book":11,"minecraft:smooth_basalt":1,"born_in_chaos_v1:lifestealer_bone":3,"born_in_chaos_v1:ethereal_spirit":1,"minecraft:dandelion":7,"minecraft:gravel":7,"minecraft:amethyst_shard":40,"minecraft:red_banner":2,"minecraft:blast_furnace":1,"minecraft:spruce_log":2,"minecraft:green_carpet":2,"minecraft:spider_eye":3,"minecraft:leather_helmet":1,"minecraft:slime_ball":5,"minecraft:gray_wool":23,"minecraft:terracotta":2,"minecraft:coal":158,"minecraft:ender_pearl":1},"minecraft:killed_by":{"undead_revamp2:sucker":1,"irons_spellbooks:pyromancer":1,"born_in_chaos_v1:supreme_bonescaller_not_despawn":1,"minecraft:zombie":11,"iceandfire:fire_dragon":1,"born_in_chaos_v1:lifestealer_true_form":1,"minecraft:stray":2,"minecraft:enderman":1,"undead_revamp2:thehunter":1,"minecraft:skeleton":2,"born_in_chaos_v1:door_knight":1},"minecraft:dropped":{"iceandfire:raw_silver":2,"minecraft:dark_oak_stairs":1,"minecraft:porkchop":2,"minecraft:lapis_lazuli":10,"minecraft:oak_log":3,"minecraft:glass_bottle":10,"minecraft:glow_berries":1,"minecraft:emerald":5,"minecraft:dirt":2,"minecraft:packed_mud":7,"minecraft:cracked_deepslate_tiles":1,"minecraft:chain":1,"minecraft:wooden_sword":1,"minecraft:bone_meal":1,"minecraft:iron_pickaxe":2,"undead_revamp2:blacpetalblock":1,"minecraft:dark_oak_planks":3,"spawnersplus:spawner_fragment":5,"minecraft:bone":43,"minecraft:gravel":7,"minecraft:iron_nugget":3,"minecraft:cobbled_deepslate":5,"minecraft:wheat":2,"minecraft:pointed_dripstone":2,"minecraft:rotten_flesh":77,"minecraft:oak_planks":1,"irons_spellbooks:inscription_table":1,"minecraft:carrot":2,"supplementaries:antique_ink":3,"minecraft:poppy":1,"minecraft:leather_chestplate":1,"supplementaries:flax_seeds":6,"supplementaries:ash":49,"minecraft:deepslate_tiles":1,"minecraft:gunpowder":14,"minecraft:charcoal":2,"mysticalagriculture:inferium_essence":2,"born_in_chaos_v1:corpse_maggot":7,"minecraft:iron_bars":2,"minecraft:arrow":3,"biomesoplenty:tall_lavender":1,"minecraft:iron_ingot":65,"minecraft:bread":8,"born_in_chaos_v1:shattered_skull":2,"minecraft:wheat_seeds":32,"minecraft:mossy_cobblestone":2,"quark:blossom_planks":15,"minecraft:diamond_leggings":1,"biomesoplenty:lavender":2,"minecraft:cobblestone":17,"minecraft:book":2,"minecraft:amethyst_block":3,"delightful:green_tea_leaf":2,"minecraft:granite":9,"minecraft:copper_ingot":1,"minecraft:chainmail_helmet":2,"irons_spellbooks:ancient_knowledge_fragment":2,"minecraft:stick":3,"irons_spellbooks:scroll":1,"minecraft:diorite":3,"quark:blossom_log":41,"minecraft:torch":27,"minecraft:wooden_axe":1,"born_in_chaos_v1:fused_bone":3,"minecraft:potion":1,"minecraft:green_carpet":2,"minecraft:iron_axe":2,"minecraft:string":15,"irons_spellbooks:frozen_bone":5,"minecraft:tripwire_hook":2,"minecraft:bucket":1,"born_in_chaos_v1:flaming_evil_pumpkin":1,"minecraft:acacia_planks":8,"epicpaladins:arclight_gem":1,"epicpaladins:arclight_hoe":2,"minecraft:dandelion":7,"minecraft:smooth_basalt":1,"twigs:petrified_lichen":3,"minecraft:soul_torch":3,"minecraft:dark_oak_sign":4,"minecraft:bowl":1,"minecraft:tuff":2,"epicpaladins:bloodstone_gem":7,"minecraft:cobblestone_slab":3,"minecraft:mud_bricks":26,"alexsmobs:cockroach_wing_fragment":1,"minecraft:mossy_stone_bricks":3,"minecraft:oak_sapling":3,"quark:cyan_shard":8,"minecraft:spider_eye":2,"minecraft:wooden_pickaxe":1,"waystones:waystone":1}},"DataVersion":3465}