{"stats":{"minecraft:killed":{"born_in_chaos_v1:zombie_clown":1,"minecraft:cave_spider":6,"undead_revamp2:thehunter":1,"minecraft:spider":15,"minecraft:vindicator":1,"undead_revamp2:thesmoker":1,"born_in_chaos_v1:siamese_skeletonsright":1,"born_in_chaos_v1:zombie_bruiser":1,"born_in_chaos_v1:baby_skeleton_minion":5,"born_in_chaos_v1:maggot":17,"minecraft:skeleton":19,"undead_revamp2:thepregnant":1,"born_in_chaos_v1:seared_spirit_not_despawn":1,"born_in_chaos_v1:supreme_bonescaller_stage_2":1,"undead_revamp2:sucker":1,"undead_revamp2:thespitter":2,"born_in_chaos_v1:barrel_zombie":1,"born_in_chaos_v1:bone_imp_minion":3,"undead_revamp2:the_moonflower":4,"minecraft:creeper":2,"born_in_chaos_v1:decrepit_skeleton":4,"minecraft:sheep":4,"minecraft:pillager":1,"undead_revamp2:thesomnolence":1,"born_in_chaos_v1:decaying_zombie":1,"minecraft:zombie":34,"born_in_chaos_v1:bonescaller_not_despawn":2,"minecraft:stray":5,"born_in_chaos_v1:door_knight":1,"born_in_chaos_v1:siamese_skeletonsleft":1,"minecraft:enderman":1},"minecraft:mined":{"minecraft:dark_oak_planks":38,"minecraft:polished_granite_slab":1,"minecraft:tuff":4,"minecraft:dark_oak_log":2,"minecraft:brewing_stand":1,"biomesoplenty:bush":1,"minecraft:grass_block":16,"born_in_chaos_v1:dark_metal_deposit":10,"born_in_chaos_v1:black_argillite":2,"minecraft:mud_bricks":68,"minecraft:cartography_table":1,"mysticalagriculture:inferium_ore":9,"minecraft:spawner":8,"minecraft:hay_block":18,"minecraft:magma_block":2,"minecraft:packed_mud":19,"minecraft:dark_oak_trapdoor":1,"born_in_chaos_v1:black_argillite_brick_slab":1,"minecraft:fire":10,"minecraft:andesite":1,"quark:blossom_planks":7,"minecraft:dark_oak_stairs":4,"biomesoplenty:sea_oats":2,"minecraft:bookshelf":31,"minecraft:cobblestone_slab":4,"minecraft:iron_bars":2,"biomesoplenty:webbing":1,"biomesoplenty:barley":4,"irons_spellbooks:inscription_table":1,"minecraft:stone":54,"minecraft:iron_block":2,"minecraft:spruce_slab":1,"minecraft:smithing_table":1,"minecraft:podzol":2,"twigs:pebble":1,"minecraft:red_bed":3,"minecraft:crafting_table":1,"minecraft:torch":2,"minecraft:blast_furnace":1,"minecraft:mud_brick_stairs":1,"born_in_chaos_v1:black_argillite_brick_n":1,"quark:blossom_log":58,"minecraft:tall_grass":22,"minecraft:cobblestone":24,"born_in_chaos_v1:chipped_black_argillite_brick":1,"minecraft:oak_planks":4,"minecraft:bricks":1,"minecraft:diorite":2,"minecraft:wall_torch":2,"minecraft:red_terracotta":2,"minecraft:wheat":1,"born_in_chaos_v1:black_argillite_brick":1,"minecraft:potted_poppy":1,"minecraft:grass":202,"minecraft:coal_ore":49,"minecraft:oak_log":13,"minecraft:sunflower":1,"minecraft:dirt":12,"minecraft:cracked_stone_bricks":8,"minecraft:terracotta":3,"minecraft:tripwire_hook":4,"minecraft:stone_bricks":6,"minecraft:mossy_stone_bricks":2,"minecraft:fern":1},"minecraft:used":{"minecraft:shield":8,"minecraft:iron_sword":247,"minecraft:cooked_salmon":3,"minecraft:cooked_chicken":1,"minecraft:iron_chestplate":1,"minecraft:torch":100,"minecraft:brewing_stand":1,"minecraft:dirt":19,"minecraft:carrot":3,"minecraft:dark_oak_planks":28,"minecraft:wooden_axe":2,"minecraft:iron_axe":328,"minecraft:packed_mud":8,"minecraft:iron_boots":1,"minecraft:mud_bricks":26,"minecraft:barrel":2,"quark:blossom_chest":7,"minecraft:furnace":2,"minecraft:cooked_cod":17,"quark:blossom_planks":10,"minecraft:egg":1,"minecraft:potato":2,"minecraft:iron_leggings":1,"minecraft:dark_oak_stairs":1,"minecraft:water_bucket":34,"minecraft:mossy_stone_bricks":1,"minecraft:oak_planks":12,"minecraft:ender_pearl":2,"minecraft:wooden_pickaxe":11,"minecraft:golden_apple":5,"minecraft:terracotta":2,"minecraft:crafting_table":8,"minecraft:red_bed":3,"minecraft:mushroom_stew":2,"minecraft:apple":1,"minecraft:dark_oak_log":2,"minecraft:bread":63,"minecraft:iron_pickaxe":336,"minecraft:golden_leggings":1,"minecraft:cobblestone":16,"minecraft:potion":1,"minecraft:cooked_porkchop":1,"minecraft:red_banner":1,"minecraft:bucket":32,"delightful:acorn":1,"minecraft:experience_bottle":1},"minecraft:broken":{"minecraft:iron_boots":1,"minecraft:iron_chestplate":1,"minecraft:golden_leggings":1,"minecraft:iron_axe":1,"minecraft:iron_sword":1,"minecraft:iron_helmet":1},"minecraft:custom":{"minecraft:mob_kills":141,"minecraft:interact_with_crafting_table":29,"minecraft:open_barrel":151,"minecraft:damage_dealt_resisted":1472,"minecraft:eat_cake_slice":3,"minecraft:leave_game":2,"minecraft:time_since_death":1268,"minecraft:climb_one_cm":6168,"minecraft:sprint_one_cm":429231,"minecraft:walk_one_cm":384745,"minecraft:damage_blocked_by_shield":630,"minecraft:drop":150,"minecraft:damage_dealt_absorbed":68,"minecraft:talked_to_villager":3,"minecraft:play_time":154258,"minecraft:deaths":19,"minecraft:sneak_time":25821,"minecraft:walk_under_water_one_cm":36139,"minecraft:interact_with_brewingstand":5,"minecraft:jump":4013,"minecraft:walk_on_water_one_cm":59555,"minecraft:total_world_time":154258,"minecraft:interact_with_furnace":27,"minecraft:tune_noteblock":1,"minecraft:sleep_in_bed":5,"minecraft:time_since_rest":1296,"minecraft:damage_taken":10135,"minecraft:damage_absorbed":200,"minecraft:damage_dealt":24498,"twilightforest:life_charms_activated":1,"minecraft:fly_one_cm":909360,"minecraft:swim_one_cm":84482,"minecraft:open_chest":69,"minecraft:crouch_one_cm":75033,"minecraft:interact_with_smoker":1,"minecraft:fall_one_cm":120957},"minecraft:crafted":{"minecraft:wooden_sword":1,"minecraft:oak_planks":60,"minecraft:furnace":2,"quark:blossom_chest":7,"minecraft:iron_boots":1,"minecraft:iron_axe":2,"minecraft:wheat":162,"minecraft:cooked_cod":20,"quark:blossom_planks":132,"minecraft:cooked_porkchop":1,"minecraft:crafting_table":7,"minecraft:wooden_pickaxe":1,"minecraft:iron_helmet":1,"minecraft:iron_sword":1,"minecraft:cooked_salmon":19,"minecraft:mangrove_planks":8,"minecraft:bread":61,"minecraft:air":0,"minecraft:iron_chestplate":1,"minecraft:golden_apple":5,"minecraft:golden_leggings":1,"minecraft:shield":1,"minecraft:stick":84,"minecraft:iron_ingot":23,"minecraft:iron_pickaxe":2,"minecraft:wooden_axe":1,"minecraft:iron_leggings":1,"minecraft:torch":112},"minecraft:picked_up":{"minecraft:charcoal":7,"minecraft:crafting_table":1,"minecraft:chainmail_boots":1,"minecraft:flower_pot":2,"minecraft:smithing_table":1,"aether:iron_gloves":1,"minecraft:chain":1,"minecraft:brewing_stand":1,"spawnersplus:spawner_fragment":5,"born_in_chaos_v1:black_argillite":2,"minecraft:string":40,"minecraft:dark_oak_trapdoor":1,"minecraft:red_bed":3,"minecraft:iron_axe":1,"biomesoplenty:tall_lavender":1,"minecraft:cartography_table":1,"mysticalagriculture:inferium_essence":53,"delightful:acorn":1,"quark:cyan_shard":8,"minecraft:cobblestone_slab":1,"minecraft:poppy":2,"quark:yellow_blossom_sapling":6,"delightful:green_tea_leaf":2,"irons_spellbooks:inscription_table":1,"minecraft:mangrove_log":2,"minecraft:egg":1,"born_in_chaos_v1:shattered_skull":2,"born_in_chaos_v1:flaming_evil_pumpkin":2,"minecraft:torch":13,"quark:blossom_log":99,"born_in_chaos_v1:pieceofdarkmetal":10,"minecraft:carrot":1,"quark:blossom_planks":7,"minecraft:dark_oak_planks":37,"minecraft:arrow":23,"minecraft:rotten_flesh":58,"minecraft:hay_block":18,"minecraft:iron_block":2,"minecraft:bookshelf":28,"minecraft:mutton":6,"born_in_chaos_v1:fused_bone":1,"minecraft:iron_bars":2,"minecraft:white_wool":4,"minecraft:cobblestone":46,"biomesoplenty:lavender":12,"born_in_chaos_v1:corpse_maggot":7,"minecraft:mud_bricks":58,"minecraft:tripwire_hook":2,"minecraft:filled_map":1,"minecraft:packed_mud":15,"minecraft:oak_log":16,"minecraft:gunpowder":10,"minecraft:paper":23,"minecraft:dirt":20,"minecraft:bone":17,"minecraft:apple":2,"minecraft:wheat_seeds":31,"minecraft:iron_ingot":2,"minecraft:cooked_chicken":1,"minecraft:dark_oak_sign":4,"minecraft:mossy_stone_bricks":5,"minecraft:oak_planks":3,"minecraft:dark_oak_stairs":3,"minecraft:book":9,"irons_spellbooks:frozen_bone":5,"minecraft:dandelion":7,"minecraft:red_banner":2,"minecraft:blast_furnace":1,"minecraft:dark_oak_log":2,"minecraft:red_terracotta":1,"minecraft:grass_block":1,"minecraft:green_carpet":2,"minecraft:spider_eye":1,"born_in_chaos_v1:fire_dust":3,"waystones:waystone":1,"minecraft:granite":9,"minecraft:emerald":2,"minecraft:terracotta":2,"minecraft:oak_sapling":3,"minecraft:coal":48,"minecraft:ender_pearl":1},"minecraft:killed_by":{"irons_spellbooks:pyromancer":1,"minecraft:stray":2,"minecraft:enderman":1,"minecraft:skeleton":1,"born_in_chaos_v1:supreme_bonescaller_not_despawn":1,"minecraft:zombie":8,"born_in_chaos_v1:door_knight":1,"iceandfire:fire_dragon":1},"minecraft:dropped":{"minecraft:iron_ingot":10,"minecraft:bread":8,"minecraft:porkchop":2,"minecraft:dark_oak_stairs":1,"born_in_chaos_v1:shattered_skull":1,"minecraft:wheat_seeds":30,"minecraft:oak_log":3,"minecraft:glass_bottle":9,"biomesoplenty:lavender":2,"minecraft:cobblestone":3,"delightful:green_tea_leaf":2,"minecraft:granite":9,"minecraft:emerald":5,"irons_spellbooks:scroll":1,"minecraft:packed_mud":7,"minecraft:dirt":1,"quark:blossom_log":41,"minecraft:wooden_axe":1,"born_in_chaos_v1:fused_bone":1,"minecraft:potion":1,"minecraft:green_carpet":2,"minecraft:chain":1,"minecraft:wooden_sword":1,"minecraft:bone_meal":1,"minecraft:iron_axe":1,"minecraft:iron_pickaxe":1,"born_in_chaos_v1:flaming_evil_pumpkin":1,"minecraft:tripwire_hook":2,"irons_spellbooks:frozen_bone":5,"minecraft:bucket":1,"minecraft:string":15,"minecraft:dark_oak_planks":3,"minecraft:bone":10,"spawnersplus:spawner_fragment":3,"minecraft:dandelion":7,"minecraft:iron_nugget":3,"minecraft:dark_oak_sign":4,"minecraft:bowl":1,"minecraft:wheat":2,"minecraft:rotten_flesh":27,"minecraft:oak_planks":1,"irons_spellbooks:inscription_table":1,"minecraft:carrot":1,"minecraft:poppy":1,"minecraft:cobblestone_slab":1,"minecraft:mud_bricks":26,"minecraft:gunpowder":6,"minecraft:mossy_stone_bricks":3,"minecraft:charcoal":2,"born_in_chaos_v1:corpse_maggot":4,"minecraft:oak_sapling":3,"quark:cyan_shard":8,"minecraft:spider_eye":1,"minecraft:iron_bars":2,"minecraft:wooden_pickaxe":1,"waystones:waystone":1,"biomesoplenty:tall_lavender":1}},"DataVersion":3465}