{"stats":{"minecraft:killed":{"deeperdarker:sculk_centipede":4,"minecraft:cave_spider":9,"born_in_chaos_v1:zombie_lumberjack":3,"born_in_chaos_v1:restless_spirit":2,"born_in_chaos_v1:skeleton_demoman":2,"born_in_chaos_v1:siamese_skeletonsright":3,"born_in_chaos_v1:baby_skeleton_minion":7,"undead_revamp2:theswarmer":2,"minecraft:skeleton":37,"minecraft:chicken":4,"born_in_chaos_v1:skeleton_thrasher":1,"undead_revamp2:thepregnant":2,"born_in_chaos_v1:supreme_bonescaller_stage_2":1,"undead_revamp2:thespitter":3,"minecraft:pillager":3,"minecraft:zombie":66,"born_in_chaos_v1:corpse_fly":7,"born_in_chaos_v1:door_knight":3,"iceandfire:sea_serpent":1,"minecraft:cow":9,"undead_revamp2:thehunter":12,"minecraft:vindicator":2,"quark:toretoise":2,"alexsmobs:seagull":1,"undead_revamp2:bomber":3,"born_in_chaos_v1:seared_spirit_not_despawn":1,"minecraft:warden":1,"born_in_chaos_v1:barrel_zombie":1,"born_in_chaos_v1:spiritof_chaos":2,"born_in_chaos_v1:bone_imp_minion":3,"undead_revamp2:the_moonflower":23,"born_in_chaos_v1:decrepit_skeleton":8,"undead_revamp2:thesomnolence":27,"iceandfire:ghost":2,"deeperdarker:shriek_worm":1,"minecraft:enderman":1,"born_in_chaos_v1:lifestealer_true_form":1,"undead_revamp2:thewolf":1,"born_in_chaos_v1:zombie_clown":2,"minecraft:spider":22,"undead_revamp2:thesmoker":4,"born_in_chaos_v1:scarlet_persecutor":4,"minecraft:bee":3,"undead_revamp2:therod":1,"irons_spellbooks:summoned_skeleton":1,"born_in_chaos_v1:firelight_not_despawn":3,"born_in_chaos_v1:bonescaller":1,"born_in_chaos_v1:diamond_termite":14,"irons_spellbooks:necromancer":3,"minecraft:creeper":11,"minecraft:sheep":4,"undead_revamp2:thebidyupside":3,"born_in_chaos_v1:dread_hound":1,"minecraft:stray":5,"undead_revamp2:theskeeper":3,"iceandfire:pixie":1,"born_in_chaos_v1:siamese_skeletonsleft":3,"irons_spellbooks:summoned_zombie":6,"undead_revamp2:thegliter":5,"minecraft:slime":20,"born_in_chaos_v1:zombie_bruiser":2,"born_in_chaos_v1:maggot":42,"minecraft:phantom":19,"iceandfire:fire_dragon":1,"deeperdarker:shattered":23,"born_in_chaos_v1:corpse_fish":3,"undead_revamp2:sucker":13,"born_in_chaos_v1:baby_skeleton":6,"iceandfire:troll":1,"born_in_chaos_v1:decaying_zombie":1,"alexsmobs:cockroach":1,"born_in_chaos_v1:bonescaller_not_despawn":2,"born_in_chaos_v1:nightmare_stalker":3,"minecraft:player":1},"minecraft:dropped":{"iceandfire:raw_silver":2,"minecraft:porkchop":2,"minecraft:lapis_lazuli":25,"minecraft:glass_bottle":11,"minecraft:glow_berries":2,"minecraft:saddle":1,"minecraft:emerald":5,"born_in_chaos_v1:monster_flesh":4,"minecraft:packed_mud":7,"minecraft:dirt":13,"minecraft:cracked_deepslate_tiles":1,"minecraft:chain":1,"minecraft:wooden_sword":1,"minecraft:bone_meal":1,"minecraft:iron_pickaxe":2,"born_in_chaos_v1:death_totem":1,"undead_revamp2:blacpetalblock":2,"minecraft:dark_oak_planks":3,"minecraft:fishing_rod":1,"spawnersplus:spawner_fragment":5,"minecraft:bone":72,"epicpaladins:arclight_sword":1,"minecraft:iron_nugget":3,"minecraft:cobbled_deepslate":20,"minecraft:wheat":5,"iceandfire:sea_serpent_scales_deepblue":24,"minecraft:rotten_flesh":95,"minecraft:oak_planks":3,"minecraft:blaze_powder":2,"irons_spellbooks:inscription_table":1,"supplementaries:flax_seeds":7,"minecraft:deepslate_tiles":3,"minecraft:charcoal":2,"mysticalagriculture:inferium_essence":13,"deeperdarker:grime_ball":6,"biomesoplenty:tall_lavender":1,"minecraft:iron_ingot":65,"born_in_chaos_v1:shattered_skull":2,"minecraft:wheat_seeds":37,"biomesoplenty:lavender":2,"minecraft:cobblestone":19,"minecraft:book":2,"minecraft:granite":9,"minecraft:chainmail_helmet":2,"minecraft:coal_block":1,"minecraft:gray_wool":6,"minecraft:wooden_axe":1,"minecraft:potion":1,"delightful:acorn":1,"minecraft:string":18,"born_in_chaos_v1:flaming_evil_pumpkin":1,"minecraft:acacia_planks":8,"iceandfire:dragon_skull_fire":1,"epicpaladins:arclight_hoe":2,"minecraft:soul_torch":19,"minecraft:dark_oak_sign":4,"minecraft:bowl":1,"minecraft:chicken":8,"minecraft:name_tag":2,"minecraft:cobblestone_slab":3,"alexsmobs:cockroach_wing_fragment":1,"minecraft:spider_eye":2,"waystones:waystone":1,"minecraft:soul_sand":7,"minecraft:dark_oak_stairs":1,"biomesoplenty:pink_daffodil":1,"minecraft:oak_log":3,"minecraft:baked_potato":3,"iceandfire:fire_dragon_flesh":3,"minecraft:flint":1,"minecraft:mutton":3,"minecraft:snowball":140,"iceandfire:ash":2,"twigs:twig":3,"minecraft:gravel":8,"born_in_chaos_v1:fire_dust":22,"minecraft:pointed_dripstone":2,"minecraft:carrot":2,"supplementaries:antique_ink":3,"minecraft:poppy":3,"minecraft:oak_fence_gate":1,"minecraft:leather_chestplate":1,"supplementaries:ash":56,"minecraft:gunpowder":26,"born_in_chaos_v1:corpse_maggot":11,"minecraft:iron_bars":2,"minecraft:arrow":3,"minecraft:bread":8,"minecraft:mossy_cobblestone":2,"quark:blossom_planks":15,"minecraft:diamond_leggings":1,"minecraft:amethyst_block":3,"delightful:green_tea_leaf":3,"minecraft:copper_ingot":1,"irons_spellbooks:ancient_knowledge_fragment":2,"minecraft:stick":20,"irons_spellbooks:scroll":1,"minecraft:diorite":3,"quark:blossom_log":41,"minecraft:torch":27,"born_in_chaos_v1:fused_bone":3,"minecraft:green_carpet":2,"minecraft:iron_axe":2,"irons_spellbooks:frozen_bone":5,"minecraft:tripwire_hook":2,"minecraft:bucket":1,"epicpaladins:arclight_gem":1,"minecraft:dandelion":10,"minecraft:smooth_basalt":1,"minecraft:redstone":17,"twigs:petrified_lichen":3,"minecraft:tuff":3,"epicpaladins:bloodstone_gem":7,"minecraft:deepslate_bricks":6,"minecraft:mud_bricks":26,"minecraft:shield":1,"minecraft:mossy_stone_bricks":3,"minecraft:oak_sapling":3,"quark:cyan_shard":8,"iceandfire:fire_dragon_heart":1,"minecraft:wooden_pickaxe":1,"minecraft:magma_cream":3},"minecraft:mined":{"minecraft:dark_oak_planks":38,"minecraft:polished_granite_slab":1,"deeperdarker:sculk_stone_emerald_ore":1,"epicpaladins:cryorium_ore":20,"minecraft:obsidian":10,"minecraft:deepslate_tile_wall":1,"born_in_chaos_v1:dark_metal_deposit":13,"deeperdarker:echo_soil":77,"minecraft:deepslate_bricks":34,"deeperdarker:gloomy_grass":2,"mysticalagriculture:inferium_ore":70,"minecraft:spawner":10,"minecraft:magma_block":3,"minecraft:dark_oak_trapdoor":1,"minecraft:fire":18,"minecraft:cobbled_deepslate":17,"biomesoplenty:lavender":1,"minecraft:deepslate_lapis_ore":19,"deeperdarker:sculk_stone_diamond_ore":2,"minecraft:enchanting_table":1,"minecraft:sculk_shrieker":18,"iceandfire:gold_pile":33,"minecraft:dirt_path":2,"biomesoplenty:webbing":1,"minecraft:iron_block":2,"minecraft:red_bed":3,"minecraft:soul_fire":27,"minecraft:amethyst_cluster":5,"deeperdarker:sculk_stone":11,"born_in_chaos_v1:infected_deepslate_diamond_ore":7,"minecraft:torch":5,"minecraft:blast_furnace":2,"minecraft:mud_brick_stairs":1,"born_in_chaos_v1:smoldering_scorched_log":4,"quark:blossom_log":58,"minecraft:white_candle":2,"minecraft:bricks":1,"deeperdarker:sculk_stone_lapis_ore":12,"minecraft:wheat":1,"minecraft:lilac":1,"born_in_chaos_v1:black_argillite_brick":1,"minecraft:potted_poppy":1,"minecraft:grass":385,"minecraft:oak_fence_gate":1,"twigs:schist":3,"deeperdarker:gloomy_cactus":1,"twigs:rhyolite":24,"mysticalagriculture:deepslate_inferium_ore":52,"epicpaladins:arclight_ore":13,"minecraft:deepslate":362,"minecraft:deepslate_tiles":11,"iceandfire:silver_ore":2,"minecraft:mossy_cobblestone":1,"minecraft:dark_oak_log":2,"minecraft:dark_oak_fence":1,"born_in_chaos_v1:black_argillite":4,"minecraft:moss_block":1,"minecraft:cartography_table":1,"epicpaladins:deepslate_arclight_ore":11,"minecraft:redstone_ore":1,"minecraft:packed_mud":19,"minecraft:snow":60,"iceandfire:chared_gravel":1,"minecraft:andesite":1,"deeperdarker:sculk_tendrils":1,"minecraft:potatoes":21,"biomesoplenty:high_grass":9,"minecraft:cobblestone_slab":4,"deeperdarker:sculk_tendrils_plant":3,"biomesoplenty:barley":4,"irons_spellbooks:inscription_table":1,"minecraft:smithing_table":1,"twigs:pebble":1,"minecraft:soul_sand":60,"minecraft:dandelion":3,"minecraft:emerald_ore":6,"biomesoplenty:high_grass_plant":64,"minecraft:copper_ore":1,"minecraft:tall_grass":32,"minecraft:deepslate_gold_ore":141,"minecraft:diorite":5,"minecraft:red_terracotta":2,"minecraft:sunflower":1,"minecraft:gravel":12,"minecraft:dripstone_block":1,"biomesoplenty:stringy_cobweb":2,"minecraft:cobweb":17,"minecraft:stone_bricks":6,"minecraft:gold_ore":20,"minecraft:fern":1,"minecraft:farmland":12,"minecraft:sculk_vein":271,"minecraft:brewing_stand":1,"deeperdarker:sculk_vines_plant":1,"minecraft:grass_block":240,"minecraft:mud_bricks":68,"minecraft:sculk_catalyst":7,"supplementaries:ash":2,"minecraft:iron_ore":62,"born_in_chaos_v1:black_argillite_brick_slab":1,"quark:blossom_planks":7,"minecraft:dark_oak_stairs":4,"minecraft:pointed_dripstone":2,"deeperdarker:sculk_grime":13,"minecraft:iron_bars":2,"minecraft:spruce_slab":1,"minecraft:deepslate_redstone_ore":4,"mysticalagriculture:inferium_crop":18,"minecraft:calcite":1,"minecraft:poppy":6,"minecraft:cobblestone":33,"minecraft:oak_planks":4,"minecraft:wall_torch":4,"epicpaladins:deepslate_cryorium_ore":7,"minecraft:tnt":3,"minecraft:cracked_deepslate_tiles":1,"minecraft:oak_log":30,"minecraft:sand":1,"minecraft:dirt":105,"mysticalagriculture:deepslate_prosperity_ore":103,"minecraft:tripwire_hook":4,"minecraft:netherrack":13,"minecraft:oak_leaves":17,"mysticalagriculture:prosperity_ore":12,"minecraft:diamond_ore":2,"minecraft:crying_obsidian":1,"minecraft:tuff":35,"minecraft:deepslate_diamond_ore":29,"deeperdarker:echo_log":33,"minecraft:glow_lichen":1,"biomesoplenty:bush":64,"minecraft:hay_block":18,"deeperdarker:gloomy_sculk":158,"minecraft:furnace":3,"minecraft:chiseled_deepslate":1,"minecraft:gold_block":1,"biomesoplenty:sea_oats":2,"minecraft:bookshelf":40,"minecraft:deepslate_iron_ore":3,"minecraft:stripped_oak_log":2,"biomesoplenty:spider_egg":2,"minecraft:stone":238,"minecraft:podzol":2,"deeperdarker:sculk_stone_gold_ore":26,"epicpaladins:deepslate_bloodstone_ore":35,"minecraft:crafting_table":3,"born_in_chaos_v1:black_argillite_brick_n":1,"minecraft:sculk_sensor":119,"twigs:petrified_lichen":3,"minecraft:deepslate_coal_ore":9,"born_in_chaos_v1:chipped_black_argillite_brick":2,"minecraft:sculk":3594,"supplementaries:urn":78,"minecraft:gray_wool":240,"biomesoplenty:pink_daffodil":1,"minecraft:coal_ore":217,"minecraft:gray_carpet":4,"minecraft:cracked_stone_bricks":10,"minecraft:terracotta":3,"minecraft:mossy_stone_bricks":2},"minecraft:crafted":{"minecraft:smooth_stone":3,"born_in_chaos_v1:death_totem":2,"patchouli:guide_book":1,"minecraft:cooked_mutton":6,"minecraft:emerald":4,"minecraft:cooked_porkchop":1,"minecraft:golden_leggings":1,"quark:torch_arrow":1,"naturescompass:naturescompass":1,"minecraft:compass":1,"minecraft:iron_pickaxe":3,"minecraft:gold_ingot":161,"mysticalagriculture:infusion_crystal":1,"iceandfire:tide_deepblue_boots":1,"mysticalagriculture:inferium_farmland":11,"mysticalagriculture:prosperity_block":2,"minecraft:bone_meal":51,"quark:blossom_chest":7,"born_in_chaos_v1:smoked_monster_flesh":6,"minecraft:diamond":2,"iceandfire:tide_deepblue_helmet":1,"minecraft:wheat":162,"mysticalagriculture:inferium_seeds":23,"epicpaladins:cryorium_axe":1,"mysticalagriculture:prosperity_gemstone":2,"minecraft:golden_apple":17,"epicpaladins:bloodstone_hoe":2,"minecraft:wooden_axe":1,"minecraft:iron_leggings":2,"minecraft:white_bed":1,"minecraft:oak_planks":104,"mysticalagriculture:upgrade_base":1,"minecraft:stone":5,"born_in_chaos_v1:dark_metal_ingot":4,"minecraft:iron_boots":3,"minecraft:stone_hoe":1,"born_in_chaos_v1:pileof_dark_metal":3,"minecraft:smoker":1,"epicpaladins:arclight_hoe":2,"mysticalagriculture:inferium_gemstone":2,"quark:blossom_planks":176,"minecraft:crafting_table":12,"minecraft:spruce_planks":8,"minecraft:wooden_pickaxe":1,"minecraft:baked_potato":124,"minecraft:iron_helmet":3,"minecraft:red_wool":7,"minecraft:iron_chestplate":2,"minecraft:shield":1,"minecraft:stick":264,"minecraft:iron_ingot":115,"minecraft:wooden_sword":1,"epicpaladins:bloodstone_shovel":1,"mysticalagriculture:infusion_pedestal":6,"mysticalagriculture:inferium_growth_accelerator":3,"minecraft:furnace":3,"mysticalagriculture:prosperity_ingot":4,"minecraft:blast_furnace":1,"epicpaladins:bloodstone_sword":1,"minecraft:iron_axe":3,"backpacked:backpack":1,"minecraft:cooked_beef":25,"minecraft:red_dye":7,"mysticalagriculture:prudentium_essence":64,"minecraft:cooked_cod":20,"minecraft:iron_sword":1,"minecraft:cooked_salmon":19,"minecraft:mangrove_planks":8,"minecraft:amethyst_block":5,"minecraft:bread":61,"minecraft:air":0,"minecraft:white_wool":7,"epicpaladins:bloodstone_pickaxe":4,"mysticalagriculture:infusion_altar":1,"minecraft:acacia_planks":12,"minecraft:torch":588,"minecraft:diamond_chestplate":1},"minecraft:picked_up":{"minecraft:iron_chestplate":1,"minecraft:chainmail_boots":1,"minecraft:flower_pot":2,"irons_spellbooks:affinity_ring":1,"minecraft:smithing_table":1,"epicpaladins:arclight_hoe":1,"minecraft:brewing_stand":1,"spawnersplus:spawner_fragment":7,"minecraft:string":72,"minecraft:dark_oak_trapdoor":1,"biomesoplenty:tall_lavender":1,"deeperdarker:grime_ball":6,"mysticalagriculture:inferium_essence":432,"minecraft:gold_nugget":365,"minecraft:cobbled_deepslate":307,"quark:cyan_shard":8,"minecraft:coal_block":1,"minecraft:mangrove_log":2,"born_in_chaos_v1:shattered_skull":4,"minecraft:acacia_log":3,"mysticalagriculture:prosperity_shard":342,"quark:blossom_log":99,"mysticalagriculture:inferium_seeds":18,"minecraft:cherry_log":2,"deeperdarker:echo_log":31,"minecraft:stone_sword":1,"minecraft:iron_block":2,"iceandfire:fire_dragon_heart":2,"supplementaries:ash":109,"minecraft:bookshelf":36,"minecraft:iron_bars":2,"minecraft:snowball":179,"biomesoplenty:lavender":14,"minecraft:feather":3,"deeperdarker:gloomy_cactus":1,"minecraft:flint":3,"undead_revamp2:blacpetalblock":2,"minecraft:dark_oak_sign":4,"minecraft:diamond_helmet":1,"minecraft:moss_block":1,"iceandfire:dragon_skull_fire":1,"epicpaladins:arclight_sword":2,"minecraft:dark_oak_log":2,"minecraft:red_terracotta":1,"minecraft:granite":9,"minecraft:chainmail_helmet":3,"born_in_chaos_v1:rotten_fish":3,"twigs:rhyolite":6,"iceandfire:raw_silver":2,"minecraft:crafting_table":3,"born_in_chaos_v1:seedof_chaos":3,"irons_spellbooks:tarnished_helmet":1,"minecraft:red_bed":3,"minecraft:netherite_scrap":1,"born_in_chaos_v1:intoxicating_decoction":2,"minecraft:cracked_stone_bricks":2,"minecraft:cartography_table":1,"minecraft:beef":27,"minecraft:poppy":11,"minecraft:iron_nugget":28,"quark:yellow_blossom_sapling":6,"minecraft:chest":1,"minecraft:egg":1,"minecraft:stone":36,"deeperdarker:sculk_tendrils":2,"born_in_chaos_v1:pieceofdarkmetal":25,"minecraft:carrot":2,"minecraft:redstone":18,"minecraft:diamond_chestplate":3,"minecraft:deepslate_bricks":16,"minecraft:shears":1,"minecraft:hay_block":18,"minecraft:glow_berries":2,"minecraft:mutton":6,"minecraft:white_wool":4,"minecraft:stripped_oak_log":2,"minecraft:mud_bricks":58,"iceandfire:sea_serpent_fang":25,"born_in_chaos_v1:monster_flesh":10,"minecraft:tripwire_hook":2,"iceandfire:troll_leather_mountain":1,"minecraft:filled_map":1,"minecraft:packed_mud":15,"minecraft:oak_log":31,"deeperdarker:echo_soil":44,"minecraft:paper":23,"minecraft:apple":2,"alexsmobs:cockroach_wing_fragment":1,"minecraft:oak_fence_gate":1,"minecraft:dark_oak_stairs":3,"minecraft:smooth_basalt":1,"born_in_chaos_v1:ethereal_spirit":5,"minecraft:spyglass":1,"minecraft:gravel":8,"minecraft:spruce_log":2,"minecraft:leather_helmet":1,"minecraft:slime_ball":14,"deeperdarker:sculk_bone":39,"minecraft:gray_wool":237,"minecraft:ender_pearl":1,"minecraft:chiseled_deepslate":1,"minecraft:wheat":8,"aether:iron_gloves":1,"born_in_chaos_v1:black_argillite":2,"minecraft:raw_copper":8,"minecraft:iron_leggings":2,"epicpaladins:bloodstone_gem":35,"irons_spellbooks:arcane_essence":4,"minecraft:deepslate_tiles":10,"minecraft:bucket":1,"delightful:acorn":3,"minecraft:cobblestone_slab":3,"born_in_chaos_v1:stimulating_decoction":1,"born_in_chaos_v1:smoldering_scorched_log":4,"delightful:green_tea_leaf":9,"irons_spellbooks:inscription_table":1,"minecraft:iron_boots":1,"iceandfire:dragonscales_red":28,"minecraft:furnace":3,"minecraft:stick":6,"epicpaladins:arclight_gem":24,"minecraft:torch":74,"born_in_chaos_v1:flaming_evil_pumpkin":2,"deeperdarker:heart_of_the_deep":1,"minecraft:pointed_dripstone":4,"minecraft:diorite":4,"born_in_chaos_v1:nightmare_claw":2,"quark:blossom_planks":7,"epicpaladins:cryorium_gem":19,"minecraft:rotten_flesh":170,"supplementaries:antique_ink":14,"minecraft:obsidian":11,"minecraft:cobblestone":168,"minecraft:enchanting_table":1,"minecraft:leather_chestplate":1,"minecraft:potato":72,"deeperdarker:echo_sapling":15,"minecraft:tuff":5,"supplementaries:flax_seeds":10,"undead_revamp2:huntereye":1,"minecraft:dirt":290,"minecraft:lapis_lazuli":228,"minecraft:name_tag":1,"minecraft:bone":151,"minecraft:bow":1,"minecraft:wheat_seeds":63,"minecraft:raw_gold":221,"minecraft:mossy_stone_bricks":5,"twigs:twig":7,"minecraft:oak_planks":3,"irons_spellbooks:frozen_bone":5,"minecraft:grass_block":1,"minecraft:mossy_cobblestone":2,"born_in_chaos_v1:fire_dust":16,"minecraft:diamond":36,"waystones:waystone":2,"minecraft:emerald":28,"biomesoplenty:pink_daffodil":1,"minecraft:oak_sapling":12,"minecraft:netherrack":25,"twigs:petrified_lichen":3,"minecraft:fishing_rod":1,"minecraft:charcoal":7,"born_in_chaos_v1:diamond_termite_shard":12,"minecraft:chicken":8,"minecraft:gold_block":1,"minecraft:chain":1,"minecraft:iron_axe":1,"deeperdarker:warden_carapace":1,"minecraft:phantom_membrane":9,"minecraft:raw_iron":68,"iceandfire:dragonbone":4,"minecraft:copper_ingot":2,"minecraft:dark_oak_planks":37,"minecraft:arrow":94,"minecraft:black_banner":1,"minecraft:cracked_deepslate_tiles":1,"born_in_chaos_v1:fused_bone":3,"born_in_chaos_v1:corpse_maggot":20,"minecraft:leather":9,"minecraft:gunpowder":36,"minecraft:gray_carpet":4,"minecraft:iron_ingot":5,"minecraft:cooked_chicken":1,"minecraft:soul_sand":55,"iceandfire:sea_serpent_scales_deepblue":33,"iceandfire:fire_dragon_flesh":4,"minecraft:book":14,"minecraft:sculk_catalyst":1,"born_in_chaos_v1:lifestealer_bone":3,"iceandfire:ash":2,"minecraft:dandelion":12,"minecraft:dripstone_block":1,"minecraft:amethyst_shard":40,"minecraft:red_banner":2,"minecraft:blast_furnace":2,"minecraft:green_carpet":2,"minecraft:spider_eye":3,"minecraft:terracotta":2,"minecraft:coal":266},"minecraft:broken":{"minecraft:iron_boots":2,"minecraft:iron_chestplate":1,"minecraft:iron_leggings":1,"minecraft:chainmail_boots":1,"minecraft:iron_sword":1,"epicpaladins:bloodstone_hoe":1,"minecraft:iron_axe":1,"minecraft:iron_helmet":2,"minecraft:golden_leggings":1},"minecraft:killed_by":{"irons_spellbooks:pyromancer":1,"born_in_chaos_v1:supreme_bonescaller_not_despawn":1,"minecraft:zombie":11,"born_in_chaos_v1:lifestealer_true_form":1,"minecraft:stray":2,"undead_revamp2:sucker":1,"iceandfire:fire_dragon":1,"minecraft:enderman":1,"undead_revamp2:thehunter":1,"minecraft:skeleton":2,"born_in_chaos_v1:door_knight":1},"minecraft:custom":{"minecraft:interact_with_crafting_table":117,"minecraft:open_barrel":156,"minecraft:eat_cake_slice":4,"minecraft:leave_game":7,"minecraft:time_since_death":431144,"minecraft:damage_blocked_by_shield":870,"minecraft:play_time":673252,"minecraft:deaths":29,"minecraft:jump":15647,"minecraft:enchant_item":10,"minecraft:interact_with_furnace":88,"minecraft:traded_with_villager":4,"minecraft:sleep_in_bed":11,"minecraft:waystone_activated":3,"minecraft:damage_dealt":99858,"minecraft:interact_with_smoker":20,"minecraft:interact_with_smithing_table":6,"minecraft:interact_with_anvil":18,"minecraft:damage_dealt_absorbed":148,"minecraft:sneak_time":148701,"minecraft:interact_with_blast_furnace":69,"minecraft:total_world_time":673252,"minecraft:tune_noteblock":1,"minecraft:time_since_rest":54408,"twilightforest:life_charms_activated":1,"minecraft:swim_one_cm":239209,"minecraft:fly_one_cm":2936216,"minecraft:open_chest":589,"minecraft:fall_one_cm":519096,"minecraft:damage_resisted":205,"minecraft:sprint_one_cm":1775364,"minecraft:drop":382,"minecraft:talked_to_villager":17,"minecraft:interact_with_brewingstand":5,"minecraft:walk_on_water_one_cm":135677,"minecraft:player_kills":1,"minecraft:crouch_one_cm":594184,"minecraft:mob_kills":509,"minecraft:damage_dealt_resisted":2435,"minecraft:climb_one_cm":11447,"minecraft:walk_one_cm":1507847,"minecraft:walk_under_water_one_cm":88809,"minecraft:damage_taken":23570,"minecraft:damage_absorbed":811},"minecraft:used":{"deeperdarker:heart_of_the_deep":1,"minecraft:stone":14,"minecraft:rotten_flesh":3,"minecraft:soul_sand":48,"epicpaladins:arclight_sword":3,"minecraft:lava_bucket":5,"epicpaladins:bloodstone_shovel":606,"minecraft:bow":26,"minecraft:oak_sapling":5,"minecraft:furnace":3,"minecraft:cooked_cod":20,"minecraft:egg":1,"minecraft:potato":23,"minecraft:mossy_stone_bricks":1,"minecraft:diorite":1,"minecraft:wooden_pickaxe":11,"minecraft:golden_apple":12,"minecraft:blast_furnace":3,"minecraft:deepslate_tiles":7,"minecraft:smithing_table":1,"delightful:acorn":1,"epicpaladins:bloodstone_hoe":3084,"minecraft:enchanting_table":1,"minecraft:cooked_salmon":19,"minecraft:torch":630,"minecraft:brewing_stand":1,"mysticalagriculture:infusion_pedestal":6,"minecraft:iron_axe":385,"minecraft:mud_bricks":26,"born_in_chaos_v1:smoldering_scorched_log":4,"minecraft:barrel":2,"quark:blossom_planks":23,"minecraft:cobbled_deepslate":214,"minecraft:water_bucket":164,"minecraft:deepslate_bricks":5,"minecraft:crafting_table":14,"minecraft:red_bed":3,"minecraft:white_bed":1,"minecraft:iron_pickaxe":703,"minecraft:cobblestone":108,"minecraft:potion":2,"minecraft:cooked_porkchop":1,"epicpaladins:bloodstone_pickaxe":1379,"minecraft:shield":14,"minecraft:iron_sword":247,"mysticalagriculture:infusion_altar":1,"minecraft:sculk_sensor":1,"minecraft:iron_chestplate":1,"minecraft:carrot":3,"mysticalagriculture:inferium_seeds":41,"minecraft:packed_mud":8,"minecraft:iron_helmet":1,"quark:blossom_chest":7,"epicpaladins:arclight_hoe":1254,"minecraft:dark_oak_stairs":1,"minecraft:oak_planks":24,"minecraft:ender_pearl":3,"epicpaladins:cryorium_axe":185,"mysticalagriculture:inferium_farmland":11,"alexscaves:cave_book":1,"minecraft:mushroom_stew":2,"minecraft:black_banner":1,"minecraft:crossbow":72,"minecraft:shears":38,"waystones:waystone":1,"minecraft:dark_oak_log":2,"minecraft:bread":77,"minecraft:bone_meal":51,"minecraft:experience_bottle":2,"mysticalagriculture:inferium_growth_accelerator":3,"minecraft:sculk":5,"minecraft:cooked_chicken":1,"minecraft:dirt":189,"minecraft:spyglass":5,"minecraft:dark_oak_planks":28,"minecraft:wooden_axe":2,"minecraft:bookshelf":34,"minecraft:iron_boots":3,"minecraft:enchanted_golden_apple":3,"minecraft:iron_leggings":2,"minecraft:cooked_mutton":6,"iceandfire:fire_dragon_flesh":1,"minecraft:baked_potato":184,"born_in_chaos_v1:stimulating_decoction":1,"deeperdarker:echo_soil":18,"minecraft:terracotta":2,"minecraft:smoker":1,"minecraft:apple":1,"minecraft:golden_leggings":1,"epicpaladins:bloodstone_sword":777,"minecraft:red_banner":1,"minecraft:bucket":167,"minecraft:gray_wool":213,"minecraft:soul_torch":1}},"DataVersion":3465}