{"stats":{"minecraft:killed_by":{"cataclysm:deepling_brute":1,"minecraft:skeleton":1},"minecraft:custom":{"minecraft:interact_with_crafting_table":48,"minecraft:open_barrel":24,"minecraft:leave_game":1,"minecraft:time_since_death":60799,"minecraft:sprint_one_cm":466591,"minecraft:damage_blocked_by_shield":60,"minecraft:drop":194,"minecraft:talked_to_villager":2,"minecraft:play_time":164496,"minecraft:deaths":2,"minecraft:jump":3284,"minecraft:interact_with_brewingstand":1,"minecraft:walk_on_water_one_cm":60878,"minecraft:interact_with_furnace":13,"minecraft:sleep_in_bed":10,"minecraft:damage_dealt":15535,"minecraft:crouch_one_cm":20260,"minecraft:mob_kills":95,"minecraft:climb_one_cm":3445,"minecraft:walk_one_cm":310318,"minecraft:sneak_time":8379,"minecraft:walk_under_water_one_cm":88990,"minecraft:boat_one_cm":1577,"minecraft:total_world_time":164496,"minecraft:interact_with_grindstone":1,"minecraft:time_since_rest":3769,"minecraft:damage_taken":5461,"minecraft:damage_absorbed":400,"minecraft:swim_one_cm":232862,"minecraft:fly_one_cm":736130,"minecraft:open_chest":75,"minecraft:fall_one_cm":82625},"minecraft:broken":{"minecraft:stone_sword":1,"minecraft:iron_axe":2,"aether:leather_gloves":1},"minecraft:mined":{"minecraft:dark_oak_planks":5,"minecraft:brewing_stand":2,"minecraft:granite":7,"minecraft:grass_block":26,"minecraft:polished_diorite":1,"minecraft:red_stained_glass_pane":2,"minecraft:chiseled_stone_bricks":4,"minecraft:spawner":3,"minecraft:dark_oak_trapdoor":1,"minecraft:iron_ore":6,"biomesoplenty:lavender":2,"minecraft:moss_carpet":1,"minecraft:pumpkin":1,"minecraft:dark_oak_stairs":2,"biomesoplenty:jacaranda_leaves":3,"minecraft:kelp_plant":1,"minecraft:cobblestone":53,"minecraft:cyan_bed":3,"minecraft:oak_planks":2,"minecraft:seagrass":2,"minecraft:polished_diorite_stairs":2,"minecraft:cyan_wool":7,"minecraft:birch_log":3,"minecraft:stone_brick_stairs":1,"minecraft:grass":52,"minecraft:oak_log":49,"minecraft:sand":14,"minecraft:dirt":12,"minecraft:oak_leaves":6,"minecraft:red_carpet":11,"minecraft:dark_oak_log":16,"minecraft:dark_oak_fence":2,"minecraft:jungle_planks":3,"minecraft:sandstone":2,"minecraft:hay_block":18,"biomesoplenty:jacaranda_log":9,"minecraft:andesite":4,"biomesoplenty:sea_oats":1,"minecraft:bookshelf":32,"minecraft:vine":1,"minecraft:stone":48,"minecraft:white_wool":8,"biomesoplenty:redwood_planks":1,"minecraft:glass_pane":6,"minecraft:dandelion":1,"minecraft:crafting_table":3,"minecraft:tall_grass":5,"minecraft:diorite":2,"supplementaries:urn":7,"farmersdelight:skillet":1,"minecraft:coarse_dirt":4,"minecraft:light_blue_bed":1,"minecraft:white_carpet":5,"minecraft:coal_ore":17,"minecraft:gray_carpet":1,"minecraft:cobweb":89,"minecraft:cracked_stone_bricks":1,"minecraft:stone_bricks":6,"minecraft:mossy_stone_bricks":1,"biomesoplenty:redwood_wood":3,"minecraft:fern":3},"minecraft:killed":{"illagerinvasion:archivist":1,"minecraft:cave_spider":1,"minecraft:spider":7,"illagerinvasion:basher":1,"minecraft:skeleton":7,"illagerinvasion:provoker":4,"minecraft:pig":4,"minecraft:salmon":11,"minecraft:creeper":4,"minecraft:sheep":1,"minecraft:pillager":13,"minecraft:zombie":9,"alexsmobs:terrapin":1,"minecraft:cow":4,"minecraft:evoker":2,"minecraft:vindicator":10,"illagerinvasion:marauder":2,"alexsmobs:blue_jay":1,"minecraft:drowned":7,"alexsmobs:flying_fish":1,"cataclysm:deepling_angler":1,"alexsmobs:cockroach":1},"minecraft:crafted":{"minecraft:oak_planks":168,"minecraft:dark_oak_boat":2,"minecraft:wooden_shovel":1,"biomesoplenty:jacaranda_planks":36,"minecraft:crafting_table":11,"minecraft:wooden_pickaxe":1,"minecraft:birch_planks":12,"everycomp:q/biomesoplenty/jacaranda_chest":2,"minecraft:shield":1,"quark:oak_chest":4,"minecraft:stick":32,"minecraft:stone_sword":2,"comforts:sleeping_bag_white":1,"minecraft:furnace":1,"minecraft:dark_oak_planks":60,"minecraft:wheat":162,"biomesoplenty:jacaranda_boat":3,"biomesoplenty:redwood_planks":12,"minecraft:cyan_bed":1,"minecraft:cooked_salmon":11,"minecraft:bread":42,"minecraft:air":0,"minecraft:oak_boat":2,"minecraft:oak_chest_boat":1,"minecraft:golden_apple":2,"minecraft:wooden_axe":2,"minecraft:white_bed":1,"minecraft:torch":48},"minecraft:dropped":{"minecraft:spruce_sign":1,"minecraft:iron_sword":1,"minecraft:baked_potato":2,"minecraft:diamond":10,"minecraft:leather":5,"minecraft:black_banner":1,"farmersdelight:beef_patty":1,"farmersdelight:rice":8,"minecraft:red_carpet":5,"minecraft:item_frame":4,"minecraft:polished_diorite_stairs":1,"minecraft:brush":1,"alexsmobs:flying_fish":1,"minecraft:bone_meal":1,"minecraft:sunflower":1,"minecraft:sand":8,"minecraft:dark_oak_planks":27,"minecraft:fishing_rod":1,"minecraft:dark_oak_boat":1,"twigs:twig":8,"spawnersplus:spawner_fragment":3,"minecraft:gold_ingot":2,"minecraft:bone":13,"minecraft:gravel":1,"minecraft:spyglass":2,"minecraft:iron_nugget":23,"minecraft:birch_sapling":1,"minecraft:rotten_flesh":10,"minecraft:oak_planks":64,"alexsmobs:cachalot_whale_tooth":1,"minecraft:poppy":1,"minecraft:oak_chest_boat":1,"minecraft:leather_chestplate":3,"minecraft:charcoal":1,"alexsmobs:lost_tentacle":1,"minecraft:leather_leggings":1,"minecraft:stone_brick_stairs":2,"minecraft:iron_ingot":21,"minecraft:bread":14,"biomesoplenty:jacaranda_sapling":1,"minecraft:wheat_seeds":22,"minecraft:tnt":3,"minecraft:prismarine_shard":5,"biomesoplenty:lavender":23,"minecraft:iron_helmet":1,"minecraft:cobblestone":62,"dragonmounts:dragon_egg":1,"minecraft:lead":5,"minecraft:book":34,"delightful:green_tea_leaf":1,"minecraft:copper_ingot":1,"biomesoplenty:jacaranda_planks":5,"minecraft:golden_apple":4,"minecraft:stick":1,"minecraft:cobweb":6,"minecraft:diorite":1,"minecraft:torch":28,"minecraft:wooden_axe":3,"minecraft:rose_bush":4,"minecraft:zombie_head":1,"minecraft:iron_leggings":2,"minecraft:dead_bush":5,"minecraft:iron_shovel":2,"minecraft:paper":2,"minecraft:spruce_sapling":3,"minecraft:dandelion":1,"minecraft:moss_carpet":1,"biomesoplenty:jacaranda_boat":1,"minecraft:tall_grass":1,"minecraft:iron_boots":1,"minecraft:iron_hoe":1,"minecraft:totem_of_undying":1,"minecraft:flint_and_steel":1,"minecraft:filled_map":4,"minecraft:cyan_wool":1,"minecraft:shield":1,"minecraft:iron_chestplate":1,"minecraft:mossy_stone_bricks":1,"minecraft:oak_sapling":12,"minecraft:golden_sword":1,"minecraft:spider_eye":1,"minecraft:stone_bricks":1,"minecraft:bow":2,"minecraft:wooden_pickaxe":1,"minecraft:nautilus_shell":1,"minecraft:cyan_bed":1},"minecraft:used":{"minecraft:shield":1,"minecraft:stone":1,"minecraft:light_blue_bed":1,"minecraft:dark_oak_boat":2,"minecraft:sweet_berries":10,"minecraft:furnace":1,"minecraft:oak_chest_boat":5,"minecraft:dark_oak_stairs":2,"minecraft:oak_planks":28,"minecraft:leather_chestplate":1,"minecraft:wooden_pickaxe":3,"minecraft:golden_apple":10,"minecraft:crossbow":42,"minecraft:dark_oak_log":1,"minecraft:cyan_bed":3,"minecraft:bread":62,"biomesoplenty:jacaranda_boat":2,"minecraft:oak_boat":5,"delightful:acorn":1,"minecraft:stone_sword":161,"biomesoplenty:redwood_planks":9,"minecraft:wooden_shovel":1,"minecraft:cooked_salmon":12,"minecraft:torch":25,"minecraft:dirt":51,"minecraft:spyglass":2,"everycomp:q/biomesoplenty/jacaranda_chest":1,"minecraft:wooden_axe":32,"minecraft:dark_oak_planks":16,"minecraft:iron_axe":119,"minecraft:totem_of_undying":1,"comforts:sleeping_bag_white":4,"minecraft:iron_leggings":1,"minecraft:water_bucket":5,"farmersdelight:skillet":165,"minecraft:crafting_table":14,"minecraft:white_bed":1,"minecraft:oak_log":2,"minecraft:iron_pickaxe":172,"minecraft:chiseled_stone_bricks":2,"minecraft:cobblestone":9,"minecraft:bucket":6,"quark:oak_chest":4},"minecraft:picked_up":{"minecraft:wooden_axe":1,"minecraft:iron_chestplate":1,"illagerinvasion:platinum_chunk":19,"minecraft:prismarine_shard":10,"minecraft:lead":6,"minecraft:enchanted_book":2,"minecraft:stone_brick_stairs":2,"minecraft:brewing_stand":2,"spawnersplus:spawner_fragment":5,"minecraft:string":75,"minecraft:dark_oak_trapdoor":1,"minecraft:cooked_salmon":1,"minecraft:iron_leggings":2,"minecraft:zombie_head":2,"delightful:acorn":1,"comforts:sleeping_bag_white":4,"twigs:pebble":1,"minecraft:rose_bush":4,"minecraft:iron_pickaxe":1,"biomesoplenty:redwood_wood":3,"delightful:green_tea_leaf":1,"minecraft:iron_boots":1,"minecraft:stick":18,"minecraft:torch":71,"betterend:end_fish_raw":1,"minecraft:porkchop":8,"minecraft:diorite":1,"quark:ancient_tome":2,"minecraft:rotten_flesh":10,"alexsmobs:lost_tentacle":1,"supplementaries:quiver":2,"alexsmobs:flying_fish":1,"minecraft:cobblestone":85,"minecraft:nautilus_shell":22,"biomesoplenty:lavender":23,"minecraft:birch_log":3,"minecraft:leather_chestplate":1,"minecraft:lilac":1,"farmersdelight:rice":8,"minecraft:water_bucket":1,"minecraft:dark_oak_boat":2,"supplementaries:flax_seeds":1,"minecraft:dirt":52,"minecraft:bone":13,"minecraft:bow":3,"minecraft:wheat_seeds":23,"minecraft:mossy_stone_bricks":1,"twigs:twig":21,"minecraft:oak_planks":50,"biomesoplenty:jacaranda_boat":2,"minecraft:sand":55,"minecraft:ink_sac":5,"minecraft:dead_bush":5,"minecraft:cyan_bed":3,"minecraft:dark_oak_log":16,"cataclysm:lionfish":1,"minecraft:iron_hoe":1,"minecraft:diamond":7,"minecraft:bone_meal":1,"minecraft:golden_apple":2,"minecraft:spruce_sign":1,"minecraft:bread":61,"minecraft:emerald":132,"minecraft:oak_sapling":12,"minecraft:dark_oak_fence":1,"minecraft:fishing_rod":3,"minecraft:crafting_table":3,"minecraft:leather_leggings":1,"biomesoplenty:jacaranda_sapling":3,"minecraft:shield":2,"aether:leather_gloves":1,"minecraft:moss_carpet":1,"minecraft:flint_and_steel":3,"supplementaries:globe":2,"minecraft:iron_axe":2,"minecraft:white_carpet":5,"minecraft:item_frame":4,"minecraft:iron_shovel":3,"farmersdelight:beef_patty":1,"minecraft:beef":6,"minecraft:oak_boat":4,"minecraft:cyan_wool":7,"minecraft:iron_nugget":23,"minecraft:poppy":1,"minecraft:birch_sapling":1,"minecraft:raw_iron":12,"minecraft:copper_ingot":1,"minecraft:light_blue_bed":2,"minecraft:dark_oak_planks":5,"biomesoplenty:redwood_planks":1,"minecraft:arrow":30,"biomesoplenty:jacaranda_log":9,"minecraft:hay_block":18,"minecraft:oak_chest_boat":6,"minecraft:black_banner":1,"minecraft:totem_of_undying":2,"minecraft:gold_ingot":18,"minecraft:mutton":2,"minecraft:white_wool":8,"minecraft:air":6,"minecraft:salmon":11,"minecraft:leather":5,"minecraft:filled_map":3,"minecraft:oak_log":44,"minecraft:gunpowder":7,"farmersdelight:skillet":2,"minecraft:paper":2,"minecraft:white_banner":1,"minecraft:red_carpet":9,"minecraft:apple":5,"minecraft:stone_bricks":1,"minecraft:iron_ingot":13,"minecraft:tall_grass":1,"minecraft:iron_sword":3,"minecraft:dark_oak_stairs":2,"minecraft:book":282,"minecraft:pumpkin":1,"minecraft:chiseled_stone_bricks":6,"minecraft:brush":3,"minecraft:dandelion":1,"minecraft:spyglass":4,"minecraft:gravel":1,"minecraft:spider_eye":1,"minecraft:polished_diorite_stairs":1,"minecraft:stone_axe":1,"minecraft:iron_helmet":1,"minecraft:baked_potato":2,"minecraft:coal":63,"minecraft:sunflower":1}},"DataVersion":3465}