{"stats":{"minecraft:custom":{"minecraft:interact_with_furnace":2,"minecraft:mob_kills":46,"minecraft:tune_noteblock":1,"minecraft:interact_with_crafting_table":9,"minecraft:open_barrel":59,"minecraft:damage_dealt_resisted":10,"minecraft:eat_cake_slice":3,"minecraft:time_since_death":3619,"minecraft:climb_one_cm":160,"minecraft:time_since_rest":3644,"minecraft:sprint_one_cm":110936,"minecraft:walk_one_cm":73933,"minecraft:damage_taken":2847,"minecraft:damage_absorbed":40,"minecraft:drop":45,"minecraft:damage_dealt":5114,"twilightforest:life_charms_activated":1,"minecraft:damage_dealt_absorbed":68,"minecraft:talked_to_villager":3,"minecraft:fly_one_cm":232594,"minecraft:open_chest":8,"minecraft:crouch_one_cm":35602,"minecraft:play_time":41594,"minecraft:deaths":6,"minecraft:sneak_time":13012,"minecraft:walk_under_water_one_cm":688,"minecraft:jump":974,"minecraft:walk_on_water_one_cm":9108,"minecraft:total_world_time":41594,"minecraft:interact_with_smoker":1,"minecraft:fall_one_cm":36818},"minecraft:killed_by":{"minecraft:zombie":6},"minecraft:used":{"minecraft:mossy_stone_bricks":1,"minecraft:dark_oak_stairs":1,"minecraft:water_bucket":8,"minecraft:oak_planks":5,"minecraft:wooden_pickaxe":11,"minecraft:iron_sword":94,"minecraft:cooked_chicken":1,"minecraft:iron_chestplate":1,"minecraft:torch":7,"minecraft:golden_apple":1,"minecraft:dirt":18,"minecraft:terracotta":2,"minecraft:crafting_table":4,"minecraft:dark_oak_planks":4,"minecraft:wooden_axe":2,"minecraft:iron_axe":23,"minecraft:bread":13,"minecraft:packed_mud":8,"minecraft:iron_pickaxe":80,"minecraft:iron_boots":1,"minecraft:barrel":2,"minecraft:mud_bricks":24,"minecraft:golden_leggings":1,"minecraft:cobblestone":9,"minecraft:cooked_porkchop":1,"minecraft:red_banner":1,"minecraft:bucket":8,"minecraft:egg":1,"delightful:acorn":1},"minecraft:killed":{"born_in_chaos_v1:decrepit_skeleton":1,"born_in_chaos_v1:maggot":13,"minecraft:skeleton":8,"born_in_chaos_v1:decaying_zombie":1,"minecraft:zombie":22,"undead_revamp2:sucker":1},"minecraft:mined":{"minecraft:dark_oak_planks":19,"twigs:pebble":1,"minecraft:brewing_stand":1,"minecraft:crafting_table":1,"minecraft:grass_block":15,"minecraft:mud_brick_stairs":1,"minecraft:cobblestone":2,"minecraft:tall_grass":13,"minecraft:mud_bricks":42,"minecraft:oak_planks":3,"mysticalagriculture:inferium_ore":7,"minecraft:spawner":2,"minecraft:hay_block":8,"minecraft:packed_mud":15,"minecraft:dark_oak_trapdoor":1,"minecraft:andesite":1,"minecraft:dark_oak_stairs":2,"minecraft:grass":97,"minecraft:oak_log":7,"minecraft:coal_ore":2,"minecraft:dirt":8,"minecraft:terracotta":3,"minecraft:tripwire_hook":4,"minecraft:stone":9,"minecraft:mossy_stone_bricks":2,"minecraft:spruce_slab":1},"minecraft:dropped":{"minecraft:dark_oak_stairs":1,"minecraft:wheat_seeds":15,"minecraft:dark_oak_sign":4,"minecraft:cobblestone":2,"minecraft:rotten_flesh":7,"delightful:green_tea_leaf":1,"minecraft:dirt":1,"minecraft:packed_mud":1,"minecraft:mud_bricks":7,"minecraft:wooden_axe":1,"born_in_chaos_v1:corpse_maggot":4,"minecraft:mossy_stone_bricks":3,"minecraft:oak_sapling":3,"quark:cyan_shard":8,"minecraft:wooden_sword":1,"minecraft:wooden_pickaxe":1,"minecraft:tripwire_hook":2},"minecraft:crafted":{"minecraft:wooden_sword":1,"minecraft:oak_planks":28,"minecraft:cooked_porkchop":1,"minecraft:crafting_table":3,"minecraft:wooden_pickaxe":1,"minecraft:iron_helmet":1,"minecraft:iron_sword":1,"minecraft:bread":26,"minecraft:air":0,"minecraft:iron_boots":1,"minecraft:iron_chestplate":1,"minecraft:golden_leggings":1,"minecraft:golden_apple":1,"minecraft:shield":1,"minecraft:iron_axe":1,"minecraft:stick":12,"minecraft:iron_ingot":1,"minecraft:iron_pickaxe":1,"minecraft:wooden_axe":1,"minecraft:torch":8,"minecraft:wheat":72},"minecraft:picked_up":{"born_in_chaos_v1:corpse_maggot":6,"minecraft:crafting_table":1,"minecraft:mud_bricks":39,"minecraft:tripwire_hook":2,"minecraft:packed_mud":12,"minecraft:oak_log":7,"minecraft:brewing_stand":1,"spawnersplus:spawner_fragment":1,"minecraft:dirt":19,"minecraft:dark_oak_trapdoor":1,"minecraft:bone":2,"minecraft:wheat_seeds":15,"mysticalagriculture:inferium_essence":28,"delightful:acorn":1,"quark:cyan_shard":8,"minecraft:cooked_chicken":1,"minecraft:dark_oak_sign":4,"minecraft:mossy_stone_bricks":5,"delightful:green_tea_leaf":1,"minecraft:oak_planks":3,"minecraft:dark_oak_stairs":2,"minecraft:egg":1,"minecraft:red_banner":1,"minecraft:dark_oak_planks":18,"minecraft:arrow":5,"minecraft:rotten_flesh":30,"minecraft:hay_block":8,"minecraft:emerald":1,"minecraft:terracotta":2,"minecraft:oak_sapling":3,"minecraft:coal":2,"minecraft:cobblestone":11}},"DataVersion":3465}