{"stats":{"minecraft:custom":{"minecraft:mob_kills":19,"minecraft:interact_with_crafting_table":9,"minecraft:open_barrel":47,"minecraft:damage_dealt_resisted":10,"minecraft:eat_cake_slice":3,"minecraft:time_since_death":773,"minecraft:climb_one_cm":160,"minecraft:time_since_rest":800,"minecraft:sprint_one_cm":82272,"minecraft:walk_one_cm":53640,"minecraft:damage_taken":2031,"minecraft:damage_absorbed":40,"minecraft:drop":17,"minecraft:damage_dealt":1270,"twilightforest:life_charms_activated":1,"minecraft:damage_dealt_absorbed":68,"minecraft:talked_to_villager":2,"minecraft:fly_one_cm":168171,"minecraft:open_chest":4,"minecraft:crouch_one_cm":24593,"minecraft:play_time":29594,"minecraft:deaths":4,"minecraft:sneak_time":8554,"minecraft:jump":650,"minecraft:walk_on_water_one_cm":7679,"minecraft:total_world_time":29594,"minecraft:interact_with_smoker":1,"minecraft:fall_one_cm":24958},"minecraft:killed_by":{"minecraft:zombie":4},"minecraft:used":{"minecraft:mossy_stone_bricks":1,"minecraft:dark_oak_stairs":1,"minecraft:water_bucket":4,"minecraft:oak_planks":2,"minecraft:wooden_pickaxe":11,"minecraft:iron_sword":32,"minecraft:cooked_chicken":1,"minecraft:iron_chestplate":1,"minecraft:golden_apple":1,"minecraft:dirt":18,"minecraft:terracotta":2,"minecraft:crafting_table":4,"minecraft:dark_oak_planks":4,"minecraft:wooden_axe":2,"minecraft:bread":10,"minecraft:packed_mud":2,"minecraft:iron_pickaxe":34,"minecraft:iron_boots":1,"minecraft:mud_bricks":21,"minecraft:golden_leggings":1,"minecraft:cobblestone":2,"minecraft:bucket":4,"minecraft:egg":1,"delightful:acorn":1},"minecraft:killed":{"born_in_chaos_v1:maggot":5,"minecraft:skeleton":3,"minecraft:zombie":11},"minecraft:mined":{"minecraft:dark_oak_planks":11,"twigs:pebble":1,"minecraft:brewing_stand":1,"minecraft:crafting_table":1,"minecraft:grass_block":15,"minecraft:tall_grass":4,"minecraft:mud_bricks":23,"mysticalagriculture:inferium_ore":3,"minecraft:spawner":1,"minecraft:hay_block":8,"minecraft:packed_mud":4,"minecraft:dark_oak_stairs":1,"minecraft:grass":20,"minecraft:oak_log":7,"minecraft:coal_ore":2,"minecraft:dirt":8,"minecraft:terracotta":3,"minecraft:tripwire_hook":4,"minecraft:stone":2,"minecraft:mossy_stone_bricks":2,"minecraft:spruce_slab":1},"minecraft:dropped":{"minecraft:wheat_seeds":4,"minecraft:cobblestone":1,"minecraft:rotten_flesh":1,"delightful:green_tea_leaf":1,"minecraft:dirt":1,"minecraft:packed_mud":1,"minecraft:wooden_axe":1,"minecraft:mossy_stone_bricks":2,"minecraft:oak_sapling":3,"minecraft:wooden_sword":1,"minecraft:wooden_pickaxe":1},"minecraft:crafted":{"minecraft:wooden_sword":1,"minecraft:oak_planks":28,"minecraft:crafting_table":3,"minecraft:wooden_pickaxe":1,"minecraft:iron_helmet":1,"minecraft:iron_sword":1,"minecraft:bread":26,"minecraft:iron_boots":1,"minecraft:iron_chestplate":1,"minecraft:golden_leggings":1,"minecraft:golden_apple":1,"minecraft:shield":1,"minecraft:iron_axe":1,"minecraft:stick":12,"minecraft:iron_ingot":1,"minecraft:iron_pickaxe":1,"minecraft:wooden_axe":1,"minecraft:wheat":72},"minecraft:picked_up":{"born_in_chaos_v1:corpse_maggot":2,"minecraft:crafting_table":1,"minecraft:mud_bricks":22,"minecraft:tripwire_hook":1,"minecraft:packed_mud":3,"minecraft:oak_log":7,"minecraft:brewing_stand":1,"spawnersplus:spawner_fragment":1,"minecraft:dirt":19,"minecraft:wheat_seeds":4,"mysticalagriculture:inferium_essence":10,"delightful:acorn":1,"minecraft:cooked_chicken":1,"minecraft:dark_oak_sign":1,"minecraft:mossy_stone_bricks":4,"delightful:green_tea_leaf":1,"minecraft:dark_oak_stairs":1,"minecraft:egg":1,"minecraft:dark_oak_planks":10,"minecraft:arrow":2,"minecraft:rotten_flesh":4,"minecraft:hay_block":8,"minecraft:terracotta":2,"minecraft:oak_sapling":3,"minecraft:coal":2,"minecraft:cobblestone":3}},"DataVersion":3465}