{"stats":{"minecraft:killed":{"born_in_chaos_v1:zombie_clown":1,"minecraft:cave_spider":8,"minecraft:spider":17,"undead_revamp2:thesmoker":1,"born_in_chaos_v1:siamese_skeletonsright":1,"born_in_chaos_v1:baby_skeleton_minion":5,"minecraft:skeleton":21,"undead_revamp2:thepregnant":1,"born_in_chaos_v1:supreme_bonescaller_stage_2":1,"undead_revamp2:thespitter":2,"minecraft:creeper":3,"minecraft:sheep":4,"minecraft:pillager":1,"minecraft:zombie":39,"minecraft:stray":5,"undead_revamp2:theskeeper":1,"born_in_chaos_v1:door_knight":1,"born_in_chaos_v1:siamese_skeletonsleft":1,"undead_revamp2:thehunter":1,"minecraft:vindicator":1,"born_in_chaos_v1:zombie_bruiser":1,"born_in_chaos_v1:maggot":20,"born_in_chaos_v1:seared_spirit_not_despawn":1,"undead_revamp2:sucker":2,"born_in_chaos_v1:barrel_zombie":1,"born_in_chaos_v1:spiritof_chaos":1,"born_in_chaos_v1:bone_imp_minion":3,"undead_revamp2:the_moonflower":4,"born_in_chaos_v1:decrepit_skeleton":5,"undead_revamp2:thesomnolence":11,"born_in_chaos_v1:decaying_zombie":1,"born_in_chaos_v1:bonescaller_not_despawn":2,"minecraft:enderman":1},"minecraft:mined":{"minecraft:dark_oak_planks":38,"minecraft:polished_granite_slab":1,"epicpaladins:cryorium_ore":10,"minecraft:brewing_stand":1,"born_in_chaos_v1:dark_metal_deposit":10,"minecraft:grass_block":16,"minecraft:mud_bricks":68,"mysticalagriculture:inferium_ore":44,"minecraft:spawner":8,"minecraft:magma_block":2,"minecraft:dark_oak_trapdoor":1,"minecraft:fire":10,"minecraft:iron_ore":31,"born_in_chaos_v1:black_argillite_brick_slab":1,"quark:blossom_planks":7,"minecraft:dark_oak_stairs":4,"biomesoplenty:webbing":1,"minecraft:iron_bars":2,"minecraft:iron_block":2,"minecraft:spruce_slab":1,"minecraft:red_bed":3,"minecraft:amethyst_cluster":5,"minecraft:torch":3,"minecraft:blast_furnace":1,"minecraft:mud_brick_stairs":1,"minecraft:calcite":1,"quark:blossom_log":58,"minecraft:cobblestone":24,"minecraft:oak_planks":4,"minecraft:bricks":1,"minecraft:wall_torch":2,"minecraft:wheat":1,"born_in_chaos_v1:black_argillite_brick":1,"minecraft:potted_poppy":1,"minecraft:grass":202,"minecraft:oak_log":13,"minecraft:dirt":12,"minecraft:tripwire_hook":4,"mysticalagriculture:prosperity_ore":9,"minecraft:tuff":4,"iceandfire:silver_ore":2,"minecraft:dark_oak_log":2,"minecraft:glow_lichen":1,"biomesoplenty:bush":1,"born_in_chaos_v1:black_argillite":2,"minecraft:cartography_table":1,"minecraft:hay_block":18,"minecraft:packed_mud":19,"minecraft:andesite":1,"biomesoplenty:sea_oats":2,"minecraft:bookshelf":31,"minecraft:cobblestone_slab":4,"biomesoplenty:barley":4,"irons_spellbooks:inscription_table":1,"minecraft:stone":66,"biomesoplenty:spider_egg":2,"minecraft:podzol":2,"minecraft:smithing_table":1,"twigs:pebble":1,"minecraft:crafting_table":1,"born_in_chaos_v1:black_argillite_brick_n":1,"minecraft:tall_grass":22,"born_in_chaos_v1:chipped_black_argillite_brick":1,"minecraft:diorite":3,"supplementaries:urn":2,"minecraft:red_terracotta":2,"minecraft:coal_ore":75,"minecraft:sunflower":1,"minecraft:cracked_stone_bricks":8,"minecraft:terracotta":3,"minecraft:stone_bricks":6,"minecraft:mossy_stone_bricks":2,"minecraft:gold_ore":5,"minecraft:fern":1},"minecraft:used":{"minecraft:shield":8,"minecraft:iron_sword":247,"minecraft:iron_chestplate":1,"minecraft:carrot":3,"minecraft:packed_mud":8,"quark:blossom_chest":7,"minecraft:furnace":2,"minecraft:cooked_cod":20,"minecraft:egg":1,"minecraft:potato":2,"minecraft:dark_oak_stairs":1,"minecraft:mossy_stone_bricks":1,"minecraft:diorite":1,"minecraft:oak_planks":12,"minecraft:ender_pearl":2,"minecraft:wooden_pickaxe":11,"minecraft:golden_apple":5,"minecraft:mushroom_stew":2,"minecraft:dark_oak_log":2,"minecraft:bread":63,"minecraft:experience_bottle":1,"delightful:acorn":1,"minecraft:cooked_salmon":13,"minecraft:cooked_chicken":1,"minecraft:torch":159,"minecraft:dirt":19,"minecraft:brewing_stand":1,"minecraft:wooden_axe":2,"minecraft:dark_oak_planks":28,"minecraft:iron_axe":385,"minecraft:iron_boots":1,"minecraft:mud_bricks":26,"minecraft:barrel":2,"quark:blossom_planks":23,"minecraft:iron_leggings":1,"minecraft:water_bucket":42,"minecraft:terracotta":2,"minecraft:crafting_table":9,"minecraft:red_bed":3,"minecraft:apple":1,"minecraft:iron_pickaxe":480,"minecraft:golden_leggings":1,"minecraft:cobblestone":16,"minecraft:potion":1,"minecraft:cooked_porkchop":1,"minecraft:red_banner":1,"minecraft:bucket":41},"minecraft:broken":{"minecraft:iron_boots":1,"minecraft:iron_chestplate":1,"minecraft:chainmail_boots":1,"minecraft:golden_leggings":1,"minecraft:iron_sword":1,"minecraft:iron_axe":1,"minecraft:iron_helmet":1},"minecraft:custom":{"minecraft:interact_with_crafting_table":34,"minecraft:open_barrel":151,"minecraft:eat_cake_slice":3,"minecraft:leave_game":2,"minecraft:time_since_death":6147,"minecraft:sprint_one_cm":539318,"minecraft:damage_blocked_by_shield":630,"minecraft:drop":159,"minecraft:talked_to_villager":3,"minecraft:play_time":178258,"minecraft:deaths":22,"minecraft:jump":4780,"minecraft:interact_with_brewingstand":5,"minecraft:walk_on_water_one_cm":62445,"minecraft:interact_with_furnace":30,"minecraft:sleep_in_bed":5,"minecraft:damage_dealt":28977,"minecraft:crouch_one_cm":88079,"minecraft:interact_with_smoker":1,"minecraft:mob_kills":171,"minecraft:damage_dealt_resisted":1472,"minecraft:climb_one_cm":6168,"minecraft:walk_one_cm":445063,"minecraft:damage_dealt_absorbed":68,"minecraft:sneak_time":29512,"minecraft:walk_under_water_one_cm":39799,"minecraft:total_world_time":178258,"minecraft:tune_noteblock":1,"minecraft:time_since_rest":6173,"minecraft:damage_absorbed":200,"minecraft:damage_taken":11644,"twilightforest:life_charms_activated":1,"minecraft:swim_one_cm":85306,"minecraft:fly_one_cm":1074708,"minecraft:open_chest":77,"minecraft:fall_one_cm":157004},"minecraft:crafted":{"minecraft:oak_planks":60,"minecraft:iron_boots":1,"quark:blossom_planks":132,"minecraft:cooked_porkchop":1,"minecraft:crafting_table":8,"minecraft:wooden_pickaxe":1,"minecraft:iron_helmet":2,"minecraft:iron_chestplate":2,"minecraft:golden_leggings":1,"minecraft:shield":1,"minecraft:stick":88,"minecraft:iron_ingot":55,"minecraft:iron_pickaxe":2,"minecraft:wooden_sword":1,"minecraft:furnace":2,"quark:blossom_chest":7,"minecraft:iron_axe":3,"minecraft:wheat":162,"minecraft:cooked_cod":20,"minecraft:iron_sword":1,"minecraft:cooked_salmon":19,"minecraft:mangrove_planks":8,"epicpaladins:cryorium_axe":1,"minecraft:bread":61,"minecraft:air":0,"minecraft:golden_apple":5,"minecraft:wooden_axe":1,"minecraft:iron_leggings":1,"minecraft:torch":192},"minecraft:picked_up":{"minecraft:chainmail_boots":1,"minecraft:flower_pot":2,"minecraft:smithing_table":1,"aether:iron_gloves":1,"minecraft:brewing_stand":1,"spawnersplus:spawner_fragment":5,"born_in_chaos_v1:black_argillite":2,"minecraft:string":42,"minecraft:dark_oak_trapdoor":1,"biomesoplenty:tall_lavender":1,"mysticalagriculture:inferium_essence":161,"minecraft:gold_nugget":13,"delightful:acorn":1,"quark:cyan_shard":8,"minecraft:cobblestone_slab":3,"delightful:green_tea_leaf":2,"irons_spellbooks:inscription_table":1,"minecraft:mangrove_log":2,"born_in_chaos_v1:shattered_skull":2,"minecraft:torch":14,"born_in_chaos_v1:flaming_evil_pumpkin":2,"mysticalagriculture:prosperity_shard":23,"quark:blossom_log":99,"minecraft:diorite":1,"quark:blossom_planks":7,"minecraft:stone_sword":1,"minecraft:rotten_flesh":67,"epicpaladins:cryorium_gem":10,"minecraft:iron_block":2,"minecraft:bookshelf":28,"minecraft:iron_bars":2,"minecraft:cobblestone":60,"biomesoplenty:lavender":12,"minecraft:dirt":21,"minecraft:bone":23,"minecraft:wheat_seeds":31,"minecraft:raw_gold":5,"minecraft:dark_oak_sign":4,"minecraft:mossy_stone_bricks":5,"minecraft:oak_planks":3,"irons_spellbooks:frozen_bone":5,"minecraft:grass_block":1,"minecraft:dark_oak_log":2,"minecraft:red_terracotta":1,"born_in_chaos_v1:fire_dust":3,"waystones:waystone":1,"minecraft:granite":9,"minecraft:emerald":2,"minecraft:chainmail_helmet":1,"minecraft:oak_sapling":3,"iceandfire:raw_silver":2,"minecraft:charcoal":7,"minecraft:crafting_table":1,"minecraft:chain":1,"minecraft:red_bed":3,"minecraft:iron_axe":1,"minecraft:cartography_table":1,"minecraft:poppy":2,"quark:yellow_blossom_sapling":6,"minecraft:egg":1,"minecraft:raw_iron":31,"born_in_chaos_v1:pieceofdarkmetal":10,"minecraft:carrot":1,"minecraft:dark_oak_planks":37,"minecraft:arrow":24,"minecraft:hay_block":18,"minecraft:mutton":6,"minecraft:white_wool":4,"born_in_chaos_v1:fused_bone":1,"born_in_chaos_v1:corpse_maggot":8,"minecraft:mud_bricks":58,"minecraft:tripwire_hook":2,"minecraft:filled_map":1,"minecraft:packed_mud":15,"minecraft:oak_log":16,"minecraft:gunpowder":12,"minecraft:paper":23,"minecraft:apple":2,"minecraft:iron_ingot":2,"minecraft:cooked_chicken":1,"minecraft:dark_oak_stairs":3,"minecraft:book":9,"minecraft:smooth_basalt":1,"born_in_chaos_v1:ethereal_spirit":1,"minecraft:dandelion":7,"minecraft:amethyst_shard":20,"minecraft:red_banner":2,"minecraft:blast_furnace":1,"minecraft:green_carpet":2,"minecraft:spider_eye":1,"minecraft:terracotta":2,"minecraft:coal":74,"minecraft:ender_pearl":1},"minecraft:killed_by":{"irons_spellbooks:pyromancer":1,"born_in_chaos_v1:supreme_bonescaller_not_despawn":1,"minecraft:zombie":10,"iceandfire:fire_dragon":1,"minecraft:stray":2,"minecraft:enderman":1,"minecraft:skeleton":1,"born_in_chaos_v1:door_knight":1},"minecraft:dropped":{"iceandfire:raw_silver":2,"minecraft:dark_oak_stairs":1,"minecraft:porkchop":2,"minecraft:oak_log":3,"minecraft:glass_bottle":9,"minecraft:emerald":5,"minecraft:dirt":2,"minecraft:packed_mud":7,"minecraft:chain":1,"minecraft:wooden_sword":1,"minecraft:bone_meal":1,"minecraft:iron_pickaxe":1,"minecraft:dark_oak_planks":3,"spawnersplus:spawner_fragment":3,"minecraft:bone":10,"minecraft:iron_nugget":3,"minecraft:wheat":2,"minecraft:rotten_flesh":43,"minecraft:oak_planks":1,"irons_spellbooks:inscription_table":1,"minecraft:carrot":1,"minecraft:poppy":1,"minecraft:gunpowder":6,"minecraft:charcoal":2,"born_in_chaos_v1:corpse_maggot":4,"minecraft:iron_bars":2,"biomesoplenty:tall_lavender":1,"minecraft:iron_ingot":10,"minecraft:bread":8,"born_in_chaos_v1:shattered_skull":1,"minecraft:wheat_seeds":30,"biomesoplenty:lavender":2,"minecraft:cobblestone":3,"delightful:green_tea_leaf":2,"minecraft:granite":9,"minecraft:chainmail_helmet":1,"irons_spellbooks:scroll":1,"quark:blossom_log":41,"minecraft:wooden_axe":1,"born_in_chaos_v1:fused_bone":1,"minecraft:potion":1,"minecraft:green_carpet":2,"minecraft:iron_axe":2,"minecraft:string":15,"irons_spellbooks:frozen_bone":5,"minecraft:tripwire_hook":2,"minecraft:bucket":1,"born_in_chaos_v1:flaming_evil_pumpkin":1,"minecraft:dandelion":7,"minecraft:smooth_basalt":1,"minecraft:dark_oak_sign":4,"minecraft:bowl":1,"minecraft:cobblestone_slab":3,"minecraft:mud_bricks":26,"minecraft:mossy_stone_bricks":3,"minecraft:oak_sapling":3,"quark:cyan_shard":8,"minecraft:spider_eye":1,"minecraft:wooden_pickaxe":1,"waystones:waystone":1}},"DataVersion":3465}