{"stats":{"minecraft:custom":{"minecraft:mob_kills":63,"minecraft:interact_with_crafting_table":10,"minecraft:open_barrel":78,"minecraft:damage_dealt_resisted":30,"minecraft:eat_cake_slice":3,"minecraft:time_since_death":20691,"minecraft:climb_one_cm":5122,"minecraft:sprint_one_cm":157139,"minecraft:walk_one_cm":114396,"minecraft:damage_blocked_by_shield":60,"minecraft:drop":82,"minecraft:damage_dealt_absorbed":68,"minecraft:talked_to_villager":3,"minecraft:play_time":65594,"minecraft:deaths":8,"minecraft:sneak_time":17122,"minecraft:walk_under_water_one_cm":1225,"minecraft:interact_with_brewingstand":4,"minecraft:jump":1506,"minecraft:walk_on_water_one_cm":21698,"minecraft:total_world_time":65594,"minecraft:interact_with_furnace":4,"minecraft:tune_noteblock":1,"minecraft:sleep_in_bed":3,"minecraft:time_since_rest":2162,"minecraft:damage_taken":3922,"minecraft:damage_absorbed":40,"minecraft:damage_dealt":9434,"twilightforest:life_charms_activated":1,"minecraft:swim_one_cm":4769,"minecraft:fly_one_cm":355265,"minecraft:open_chest":14,"minecraft:crouch_one_cm":46781,"minecraft:interact_with_smoker":1,"minecraft:fall_one_cm":51358},"minecraft:killed_by":{"minecraft:zombie":8},"minecraft:used":{"minecraft:shield":1,"minecraft:iron_sword":173,"minecraft:cooked_chicken":1,"minecraft:iron_chestplate":1,"minecraft:torch":11,"minecraft:brewing_stand":1,"minecraft:dirt":18,"minecraft:wooden_axe":2,"minecraft:dark_oak_planks":28,"minecraft:iron_axe":61,"minecraft:packed_mud":8,"minecraft:iron_boots":1,"minecraft:mud_bricks":26,"minecraft:barrel":2,"minecraft:egg":1,"minecraft:water_bucket":10,"minecraft:dark_oak_stairs":1,"minecraft:mossy_stone_bricks":1,"minecraft:oak_planks":5,"minecraft:wooden_pickaxe":11,"minecraft:golden_apple":1,"minecraft:terracotta":2,"minecraft:crafting_table":5,"minecraft:red_bed":2,"minecraft:bread":26,"minecraft:iron_pickaxe":147,"minecraft:golden_leggings":1,"minecraft:cobblestone":16,"minecraft:cooked_porkchop":1,"minecraft:red_banner":1,"minecraft:bucket":10,"delightful:acorn":1},"minecraft:killed":{"minecraft:vindicator":1,"born_in_chaos_v1:maggot":16,"minecraft:skeleton":12,"born_in_chaos_v1:seared_spirit_not_despawn":1,"undead_revamp2:sucker":1,"undead_revamp2:the_moonflower":1,"born_in_chaos_v1:decrepit_skeleton":1,"minecraft:pillager":1,"born_in_chaos_v1:decaying_zombie":1,"minecraft:zombie":26,"minecraft:enderman":1},"minecraft:mined":{"minecraft:dark_oak_planks":38,"minecraft:polished_granite_slab":1,"minecraft:brewing_stand":1,"minecraft:grass_block":15,"minecraft:mud_bricks":68,"mysticalagriculture:inferium_ore":7,"minecraft:spawner":4,"minecraft:hay_block":18,"minecraft:packed_mud":19,"minecraft:dark_oak_trapdoor":1,"minecraft:andesite":1,"minecraft:dark_oak_stairs":4,"minecraft:iron_bars":2,"minecraft:stone":24,"minecraft:spruce_slab":1,"minecraft:podzol":2,"twigs:pebble":1,"minecraft:red_bed":3,"minecraft:crafting_table":1,"minecraft:mud_brick_stairs":1,"minecraft:tall_grass":15,"minecraft:cobblestone":2,"minecraft:oak_planks":3,"minecraft:bricks":1,"minecraft:diorite":2,"minecraft:red_terracotta":2,"minecraft:grass":104,"minecraft:coal_ore":11,"minecraft:oak_log":11,"minecraft:sunflower":1,"minecraft:dirt":11,"minecraft:terracotta":3,"minecraft:tripwire_hook":4,"minecraft:mossy_stone_bricks":2,"minecraft:fern":1},"minecraft:dropped":{"minecraft:iron_ingot":10,"minecraft:dark_oak_stairs":1,"minecraft:porkchop":2,"minecraft:wheat_seeds":26,"minecraft:oak_log":3,"minecraft:glass_bottle":8,"minecraft:cobblestone":3,"delightful:green_tea_leaf":1,"minecraft:granite":3,"minecraft:packed_mud":7,"minecraft:dirt":1,"minecraft:wooden_axe":1,"minecraft:potion":1,"minecraft:wooden_sword":1,"minecraft:bone_meal":1,"minecraft:iron_axe":1,"minecraft:dark_oak_planks":3,"minecraft:tripwire_hook":2,"born_in_chaos_v1:flaming_evil_pumpkin":1,"spawnersplus:spawner_fragment":3,"minecraft:bone":6,"minecraft:iron_nugget":3,"minecraft:dark_oak_sign":4,"minecraft:rotten_flesh":7,"minecraft:mud_bricks":26,"minecraft:charcoal":2,"born_in_chaos_v1:corpse_maggot":4,"minecraft:mossy_stone_bricks":3,"minecraft:oak_sapling":3,"quark:cyan_shard":8,"minecraft:iron_bars":2,"minecraft:wooden_pickaxe":1},"minecraft:crafted":{"minecraft:wooden_sword":1,"minecraft:oak_planks":44,"minecraft:iron_boots":1,"minecraft:iron_axe":1,"minecraft:wheat":72,"minecraft:cooked_porkchop":1,"minecraft:crafting_table":4,"minecraft:wooden_pickaxe":1,"minecraft:iron_helmet":1,"minecraft:iron_sword":1,"minecraft:bread":26,"minecraft:air":0,"minecraft:iron_chestplate":1,"minecraft:golden_apple":1,"minecraft:golden_leggings":1,"minecraft:shield":1,"minecraft:stick":36,"minecraft:iron_ingot":1,"minecraft:iron_pickaxe":1,"minecraft:wooden_axe":1,"minecraft:torch":44},"minecraft:picked_up":{"minecraft:charcoal":2,"minecraft:crafting_table":1,"minecraft:brewing_stand":1,"spawnersplus:spawner_fragment":3,"minecraft:dark_oak_trapdoor":1,"minecraft:red_bed":3,"minecraft:iron_axe":1,"mysticalagriculture:inferium_essence":32,"delightful:acorn":1,"quark:cyan_shard":8,"delightful:green_tea_leaf":1,"minecraft:egg":1,"born_in_chaos_v1:flaming_evil_pumpkin":2,"minecraft:dark_oak_planks":37,"minecraft:arrow":12,"minecraft:rotten_flesh":31,"minecraft:hay_block":18,"minecraft:iron_bars":2,"minecraft:cobblestone":20,"born_in_chaos_v1:corpse_maggot":7,"minecraft:mud_bricks":58,"minecraft:tripwire_hook":2,"minecraft:packed_mud":15,"minecraft:oak_log":14,"minecraft:dirt":19,"minecraft:bone":6,"minecraft:wheat_seeds":26,"minecraft:cooked_chicken":1,"minecraft:dark_oak_sign":4,"minecraft:mossy_stone_bricks":5,"minecraft:oak_planks":3,"minecraft:dark_oak_stairs":3,"minecraft:red_banner":2,"minecraft:red_terracotta":1,"born_in_chaos_v1:fire_dust":3,"minecraft:granite":6,"minecraft:emerald":2,"minecraft:terracotta":2,"minecraft:oak_sapling":3,"minecraft:coal":11,"minecraft:ender_pearl":1}},"DataVersion":3465}