{"stats":{"minecraft:killed":{"born_in_chaos_v1:zombie_clown":1,"minecraft:cave_spider":9,"born_in_chaos_v1:zombie_lumberjack":1,"minecraft:spider":19,"undead_revamp2:thesmoker":1,"born_in_chaos_v1:siamese_skeletonsright":2,"born_in_chaos_v1:baby_skeleton_minion":5,"minecraft:skeleton":28,"minecraft:bee":1,"born_in_chaos_v1:skeleton_thrasher":1,"undead_revamp2:therod":1,"undead_revamp2:thepregnant":2,"born_in_chaos_v1:supreme_bonescaller_stage_2":1,"undead_revamp2:thespitter":2,"born_in_chaos_v1:diamond_termite":6,"irons_spellbooks:necromancer":1,"minecraft:creeper":4,"minecraft:sheep":4,"undead_revamp2:thebidyupside":3,"minecraft:pillager":1,"minecraft:zombie":48,"minecraft:stray":5,"undead_revamp2:theskeeper":1,"born_in_chaos_v1:door_knight":1,"born_in_chaos_v1:siamese_skeletonsleft":2,"undead_revamp2:thehunter":3,"undead_revamp2:thegliter":1,"minecraft:vindicator":1,"born_in_chaos_v1:zombie_bruiser":2,"born_in_chaos_v1:maggot":23,"born_in_chaos_v1:seared_spirit_not_despawn":1,"undead_revamp2:sucker":4,"born_in_chaos_v1:barrel_zombie":1,"born_in_chaos_v1:spiritof_chaos":1,"born_in_chaos_v1:bone_imp_minion":3,"undead_revamp2:the_moonflower":6,"born_in_chaos_v1:decrepit_skeleton":5,"undead_revamp2:thesomnolence":12,"born_in_chaos_v1:decaying_zombie":1,"born_in_chaos_v1:bonescaller_not_despawn":2,"born_in_chaos_v1:nightmare_stalker":1,"minecraft:enderman":1},"minecraft:mined":{"minecraft:dark_oak_planks":38,"minecraft:polished_granite_slab":1,"epicpaladins:cryorium_ore":20,"minecraft:brewing_stand":1,"born_in_chaos_v1:dark_metal_deposit":10,"minecraft:grass_block":16,"minecraft:mud_bricks":68,"mysticalagriculture:inferium_ore":70,"minecraft:spawner":8,"minecraft:magma_block":2,"minecraft:dark_oak_trapdoor":1,"minecraft:fire":10,"minecraft:iron_ore":47,"born_in_chaos_v1:black_argillite_brick_slab":1,"quark:blossom_planks":7,"minecraft:dark_oak_stairs":4,"minecraft:pointed_dripstone":1,"biomesoplenty:webbing":1,"minecraft:iron_bars":2,"minecraft:iron_block":2,"minecraft:spruce_slab":1,"minecraft:red_bed":3,"minecraft:amethyst_cluster":5,"born_in_chaos_v1:infected_deepslate_diamond_ore":2,"minecraft:torch":3,"minecraft:blast_furnace":1,"minecraft:mud_brick_stairs":1,"minecraft:calcite":1,"quark:blossom_log":58,"minecraft:cobblestone":24,"minecraft:oak_planks":4,"minecraft:bricks":1,"minecraft:wall_torch":2,"minecraft:wheat":1,"born_in_chaos_v1:black_argillite_brick":1,"minecraft:potted_poppy":1,"minecraft:grass":202,"minecraft:oak_log":13,"minecraft:dirt":12,"mysticalagriculture:deepslate_prosperity_ore":26,"twigs:rhyolite":6,"minecraft:tripwire_hook":4,"mysticalagriculture:deepslate_inferium_ore":5,"epicpaladins:arclight_ore":13,"minecraft:deepslate":3,"mysticalagriculture:prosperity_ore":12,"minecraft:tuff":4,"iceandfire:silver_ore":2,"minecraft:dark_oak_log":2,"minecraft:glow_lichen":1,"biomesoplenty:bush":1,"born_in_chaos_v1:black_argillite":2,"minecraft:cartography_table":1,"minecraft:hay_block":18,"minecraft:furnace":1,"minecraft:packed_mud":19,"minecraft:andesite":1,"biomesoplenty:sea_oats":2,"minecraft:bookshelf":31,"minecraft:potatoes":21,"minecraft:cobblestone_slab":4,"biomesoplenty:barley":4,"irons_spellbooks:inscription_table":1,"minecraft:stone":76,"biomesoplenty:spider_egg":2,"minecraft:podzol":2,"minecraft:smithing_table":1,"twigs:pebble":1,"epicpaladins:deepslate_bloodstone_ore":16,"minecraft:crafting_table":1,"born_in_chaos_v1:black_argillite_brick_n":1,"twigs:petrified_lichen":2,"minecraft:tall_grass":22,"born_in_chaos_v1:chipped_black_argillite_brick":1,"minecraft:deepslate_gold_ore":5,"minecraft:diorite":5,"supplementaries:urn":9,"minecraft:red_terracotta":2,"minecraft:coal_ore":128,"minecraft:sunflower":1,"minecraft:cracked_stone_bricks":8,"minecraft:terracotta":3,"minecraft:stone_bricks":6,"minecraft:mossy_stone_bricks":2,"minecraft:gold_ore":10,"minecraft:fern":1},"minecraft:used":{"epicpaladins:bloodstone_pickaxe":32,"minecraft:shield":10,"minecraft:iron_sword":247,"minecraft:iron_chestplate":1,"minecraft:carrot":3,"minecraft:packed_mud":8,"quark:blossom_chest":7,"minecraft:furnace":2,"minecraft:cooked_cod":20,"minecraft:egg":1,"minecraft:potato":23,"minecraft:dark_oak_stairs":1,"minecraft:mossy_stone_bricks":1,"minecraft:diorite":1,"minecraft:oak_planks":12,"minecraft:ender_pearl":3,"minecraft:wooden_pickaxe":11,"epicpaladins:cryorium_axe":90,"minecraft:golden_apple":5,"minecraft:mushroom_stew":2,"minecraft:blast_furnace":1,"minecraft:dark_oak_log":2,"minecraft:bread":63,"minecraft:bone_meal":51,"minecraft:experience_bottle":1,"delightful:acorn":1,"minecraft:cooked_salmon":19,"minecraft:cooked_chicken":1,"minecraft:torch":321,"minecraft:dirt":19,"minecraft:brewing_stand":1,"minecraft:wooden_axe":2,"minecraft:dark_oak_planks":28,"minecraft:iron_axe":385,"minecraft:iron_boots":2,"minecraft:mud_bricks":26,"minecraft:barrel":2,"quark:blossom_planks":23,"minecraft:iron_leggings":2,"minecraft:cooked_mutton":6,"minecraft:water_bucket":67,"minecraft:baked_potato":29,"minecraft:terracotta":2,"minecraft:crafting_table":9,"minecraft:red_bed":3,"minecraft:white_bed":1,"minecraft:smoker":1,"minecraft:apple":1,"minecraft:iron_pickaxe":660,"minecraft:golden_leggings":1,"minecraft:cobblestone":28,"minecraft:potion":1,"minecraft:cooked_porkchop":1,"epicpaladins:bloodstone_sword":34,"minecraft:red_banner":1,"minecraft:bucket":66},"minecraft:broken":{"minecraft:iron_boots":1,"minecraft:iron_chestplate":1,"minecraft:iron_leggings":1,"minecraft:chainmail_boots":1,"minecraft:golden_leggings":1,"minecraft:iron_sword":1,"minecraft:iron_axe":1,"minecraft:iron_helmet":1},"minecraft:custom":{"minecraft:interact_with_crafting_table":54,"minecraft:open_barrel":151,"minecraft:eat_cake_slice":3,"minecraft:leave_game":2,"minecraft:time_since_death":13194,"minecraft:sprint_one_cm":687682,"minecraft:damage_blocked_by_shield":690,"minecraft:drop":206,"minecraft:talked_to_villager":3,"minecraft:play_time":232258,"minecraft:deaths":26,"minecraft:jump":6276,"minecraft:interact_with_brewingstand":5,"minecraft:walk_on_water_one_cm":70445,"minecraft:interact_with_furnace":65,"minecraft:sleep_in_bed":6,"minecraft:waystone_activated":2,"minecraft:damage_dealt":39564,"minecraft:crouch_one_cm":110092,"minecraft:interact_with_smoker":8,"minecraft:interact_with_anvil":4,"minecraft:mob_kills":226,"minecraft:damage_dealt_resisted":1789,"minecraft:climb_one_cm":6168,"minecraft:walk_one_cm":587038,"minecraft:damage_dealt_absorbed":68,"minecraft:sneak_time":35776,"minecraft:walk_under_water_one_cm":46025,"minecraft:interact_with_blast_furnace":9,"minecraft:total_world_time":232258,"minecraft:tune_noteblock":1,"minecraft:time_since_rest":13222,"minecraft:damage_absorbed":200,"minecraft:damage_taken":14968,"twilightforest:life_charms_activated":1,"minecraft:swim_one_cm":89260,"minecraft:fly_one_cm":1316996,"minecraft:open_chest":130,"minecraft:fall_one_cm":207784},"minecraft:crafted":{"mysticalagriculture:upgrade_base":1,"minecraft:oak_planks":60,"patchouli:guide_book":1,"minecraft:cooked_mutton":6,"minecraft:iron_boots":2,"born_in_chaos_v1:pileof_dark_metal":1,"minecraft:smoker":1,"quark:blossom_planks":176,"minecraft:cooked_porkchop":1,"minecraft:crafting_table":8,"minecraft:wooden_pickaxe":1,"minecraft:baked_potato":28,"minecraft:iron_helmet":2,"minecraft:iron_chestplate":2,"minecraft:golden_leggings":1,"minecraft:shield":1,"minecraft:stick":196,"minecraft:iron_ingot":97,"minecraft:iron_pickaxe":3,"minecraft:gold_ingot":15,"minecraft:wooden_sword":1,"epicpaladins:bloodstone_shovel":1,"mysticalagriculture:prosperity_ingot":4,"minecraft:furnace":2,"mysticalagriculture:prosperity_block":2,"minecraft:bone_meal":51,"quark:blossom_chest":7,"epicpaladins:bloodstone_sword":1,"minecraft:iron_axe":3,"minecraft:wheat":162,"minecraft:cooked_cod":20,"minecraft:iron_sword":1,"minecraft:cooked_salmon":19,"minecraft:mangrove_planks":8,"epicpaladins:cryorium_axe":1,"minecraft:amethyst_block":5,"minecraft:bread":61,"minecraft:air":0,"minecraft:golden_apple":5,"epicpaladins:bloodstone_pickaxe":1,"minecraft:wooden_axe":1,"minecraft:iron_leggings":2,"minecraft:white_bed":1,"minecraft:torch":328},"minecraft:picked_up":{"minecraft:iron_chestplate":1,"minecraft:wheat":1,"minecraft:chainmail_boots":1,"minecraft:flower_pot":2,"minecraft:smithing_table":1,"aether:iron_gloves":1,"minecraft:brewing_stand":1,"spawnersplus:spawner_fragment":5,"born_in_chaos_v1:black_argillite":2,"minecraft:string":50,"minecraft:dark_oak_trapdoor":1,"biomesoplenty:tall_lavender":1,"epicpaladins:bloodstone_gem":16,"mysticalagriculture:inferium_essence":271,"minecraft:gold_nugget":13,"minecraft:cobbled_deepslate":1,"minecraft:bucket":1,"delightful:acorn":1,"quark:cyan_shard":8,"minecraft:cobblestone_slab":3,"delightful:green_tea_leaf":2,"irons_spellbooks:inscription_table":1,"minecraft:mangrove_log":2,"minecraft:furnace":1,"born_in_chaos_v1:shattered_skull":3,"epicpaladins:arclight_gem":13,"minecraft:acacia_log":2,"minecraft:torch":29,"born_in_chaos_v1:flaming_evil_pumpkin":2,"mysticalagriculture:prosperity_shard":100,"quark:blossom_log":99,"minecraft:pointed_dripstone":2,"minecraft:diorite":4,"quark:blossom_planks":7,"minecraft:stone_sword":1,"minecraft:rotten_flesh":109,"epicpaladins:cryorium_gem":19,"supplementaries:antique_ink":6,"minecraft:iron_block":2,"minecraft:bookshelf":28,"supplementaries:ash":5,"minecraft:iron_bars":2,"minecraft:cobblestone":68,"biomesoplenty:lavender":12,"minecraft:leather_chestplate":1,"minecraft:potato":72,"minecraft:dirt":21,"minecraft:bone":37,"minecraft:wheat_seeds":33,"minecraft:raw_gold":15,"minecraft:dark_oak_sign":4,"minecraft:mossy_stone_bricks":5,"minecraft:oak_planks":3,"irons_spellbooks:frozen_bone":5,"minecraft:grass_block":1,"minecraft:dark_oak_log":2,"minecraft:red_terracotta":1,"born_in_chaos_v1:fire_dust":3,"waystones:waystone":1,"minecraft:granite":9,"minecraft:emerald":2,"minecraft:chainmail_helmet":2,"minecraft:oak_sapling":3,"twigs:rhyolite":6,"iceandfire:raw_silver":2,"born_in_chaos_v1:diamond_termite_shard":4,"minecraft:charcoal":7,"minecraft:crafting_table":1,"twigs:petrified_lichen":2,"minecraft:chain":1,"minecraft:red_bed":3,"minecraft:iron_axe":1,"minecraft:cartography_table":1,"minecraft:poppy":2,"quark:yellow_blossom_sapling":6,"minecraft:egg":1,"minecraft:raw_iron":47,"minecraft:copper_ingot":2,"born_in_chaos_v1:pieceofdarkmetal":13,"minecraft:carrot":2,"minecraft:dark_oak_planks":37,"minecraft:arrow":35,"minecraft:hay_block":18,"minecraft:mutton":6,"minecraft:white_wool":4,"born_in_chaos_v1:fused_bone":3,"born_in_chaos_v1:corpse_maggot":9,"minecraft:mud_bricks":58,"minecraft:tripwire_hook":2,"minecraft:filled_map":1,"minecraft:packed_mud":15,"minecraft:oak_log":16,"minecraft:gunpowder":16,"minecraft:paper":23,"minecraft:apple":2,"minecraft:iron_ingot":3,"minecraft:cooked_chicken":1,"minecraft:dark_oak_stairs":3,"minecraft:book":11,"minecraft:smooth_basalt":1,"born_in_chaos_v1:ethereal_spirit":1,"minecraft:dandelion":7,"minecraft:amethyst_shard":20,"minecraft:red_banner":2,"minecraft:blast_furnace":1,"minecraft:green_carpet":2,"minecraft:spider_eye":3,"minecraft:leather_helmet":1,"minecraft:slime_ball":5,"minecraft:terracotta":2,"minecraft:coal":127,"minecraft:ender_pearl":1},"minecraft:killed_by":{"irons_spellbooks:pyromancer":1,"born_in_chaos_v1:supreme_bonescaller_not_despawn":1,"minecraft:zombie":11,"iceandfire:fire_dragon":1,"minecraft:stray":2,"minecraft:enderman":1,"undead_revamp2:thehunter":1,"minecraft:skeleton":2,"born_in_chaos_v1:door_knight":1},"minecraft:dropped":{"iceandfire:raw_silver":2,"minecraft:dark_oak_stairs":1,"minecraft:porkchop":2,"minecraft:oak_log":3,"minecraft:glass_bottle":9,"minecraft:emerald":5,"minecraft:dirt":2,"minecraft:packed_mud":7,"minecraft:chain":1,"minecraft:wooden_sword":1,"minecraft:bone_meal":1,"minecraft:iron_pickaxe":2,"minecraft:dark_oak_planks":3,"spawnersplus:spawner_fragment":3,"minecraft:bone":17,"minecraft:iron_nugget":3,"minecraft:wheat":2,"minecraft:pointed_dripstone":2,"minecraft:rotten_flesh":60,"minecraft:oak_planks":1,"irons_spellbooks:inscription_table":1,"minecraft:carrot":1,"supplementaries:antique_ink":3,"minecraft:poppy":1,"minecraft:leather_chestplate":1,"minecraft:gunpowder":6,"minecraft:charcoal":2,"born_in_chaos_v1:corpse_maggot":5,"minecraft:iron_bars":2,"minecraft:arrow":3,"biomesoplenty:tall_lavender":1,"minecraft:iron_ingot":53,"minecraft:bread":8,"born_in_chaos_v1:shattered_skull":1,"minecraft:wheat_seeds":32,"quark:blossom_planks":15,"biomesoplenty:lavender":2,"minecraft:cobblestone":14,"minecraft:book":2,"minecraft:amethyst_block":3,"delightful:green_tea_leaf":2,"minecraft:granite":9,"minecraft:chainmail_helmet":1,"minecraft:stick":1,"irons_spellbooks:scroll":1,"minecraft:diorite":3,"quark:blossom_log":41,"minecraft:torch":26,"minecraft:wooden_axe":1,"born_in_chaos_v1:fused_bone":3,"minecraft:potion":1,"minecraft:green_carpet":2,"minecraft:iron_axe":2,"minecraft:string":15,"irons_spellbooks:frozen_bone":5,"minecraft:tripwire_hook":2,"minecraft:bucket":1,"born_in_chaos_v1:flaming_evil_pumpkin":1,"minecraft:dandelion":7,"minecraft:smooth_basalt":1,"twigs:petrified_lichen":2,"minecraft:dark_oak_sign":4,"minecraft:bowl":1,"epicpaladins:bloodstone_gem":7,"minecraft:cobblestone_slab":3,"minecraft:mud_bricks":26,"minecraft:mossy_stone_bricks":3,"minecraft:oak_sapling":3,"quark:cyan_shard":8,"minecraft:spider_eye":2,"minecraft:wooden_pickaxe":1,"waystones:waystone":1}},"DataVersion":3465}