{"stats":{"minecraft:custom":{"minecraft:time_since_rest":5594,"minecraft:open_chest":3,"minecraft:crouch_one_cm":594,"minecraft:play_time":5594,"minecraft:sprint_one_cm":24499,"minecraft:walk_one_cm":7123,"minecraft:sneak_time":98,"minecraft:drop":3,"minecraft:jump":212,"minecraft:time_since_death":5594,"minecraft:climb_one_cm":160,"minecraft:total_world_time":5594,"minecraft:talked_to_villager":1,"minecraft:interact_with_crafting_table":1,"minecraft:fall_one_cm":6355,"minecraft:fly_one_cm":68351},"minecraft:used":{"minecraft:wooden_axe":2,"minecraft:crafting_table":1,"minecraft:wooden_pickaxe":1,"delightful:acorn":1},"minecraft:mined":{"minecraft:hay_block":8,"minecraft:grass":11,"minecraft:oak_log":7,"twigs:pebble":1,"minecraft:crafting_table":1},"minecraft:dropped":{"delightful:green_tea_leaf":1,"minecraft:wheat_seeds":2},"minecraft:crafted":{"minecraft:wooden_sword":1,"minecraft:oak_planks":28,"minecraft:crafting_table":1,"minecraft:stick":8,"minecraft:wooden_pickaxe":1,"minecraft:wooden_axe":1},"minecraft:picked_up":{"minecraft:crafting_table":1,"minecraft:wheat_seeds":2,"delightful:acorn":1,"minecraft:hay_block":8,"minecraft:oak_log":7,"minecraft:oak_sapling":1,"delightful:green_tea_leaf":1}},"DataVersion":3465}