{"stats":{"minecraft:killed":{"deeperdarker:sculk_centipede":4,"minecraft:cave_spider":9,"born_in_chaos_v1:restless_spirit":4,"born_in_chaos_v1:zombie_lumberjack":3,"born_in_chaos_v1:skeleton_demoman":2,"undead_revamp2:axestrom":1,"born_in_chaos_v1:siamese_skeletonsright":3,"undead_revamp2:theswarmer":2,"born_in_chaos_v1:baby_skeleton_minion":8,"minecraft:skeleton":42,"minecraft:chicken":6,"born_in_chaos_v1:skeleton_thrasher":3,"deeperdarker:sculk_snapper":1,"undead_revamp2:thepregnant":2,"born_in_chaos_v1:supreme_bonescaller_stage_2":1,"undead_revamp2:thespitter":3,"born_in_chaos_v1:bone_imp":3,"minecraft:salmon":6,"minecraft:pillager":3,"undead_revamp2:slaveman":1,"minecraft:zombie":74,"stalwart_dungeons:incomplete_wither":8,"born_in_chaos_v1:corpse_fly":8,"born_in_chaos_v1:door_knight":6,"iceandfire:sea_serpent":1,"minecraft:cow":9,"undead_revamp2:thehunter":20,"minecraft:vindicator":2,"quark:toretoise":2,"alexsmobs:seagull":1,"undead_revamp2:bomber":3,"born_in_chaos_v1:firelight":2,"undead_revamp2:thebidy":1,"born_in_chaos_v1:seared_spirit_not_despawn":1,"minecraft:warden":1,"born_in_chaos_v1:barrel_zombie":2,"born_in_chaos_v1:spiritof_chaos":4,"born_in_chaos_v1:bone_imp_minion":3,"undead_revamp2:the_moonflower":28,"born_in_chaos_v1:decrepit_skeleton":10,"born_in_chaos_v1:bloody_gadfly":1,"undead_revamp2:thesomnolence":27,"iceandfire:ghost":3,"born_in_chaos_v1:dark_vortex":3,"deeperdarker:shriek_worm":1,"born_in_chaos_v1:controlled_baby_skeleton":1,"minecraft:enderman":7,"born_in_chaos_v1:lifestealer_true_form":1,"undead_revamp2:thewolf":2,"born_in_chaos_v1:zombie_clown":2,"minecraft:zombified_piglin":1,"minecraft:spider":27,"undead_revamp2:thesmoker":5,"born_in_chaos_v1:scarlet_persecutor":4,"minecraft:bee":3,"undead_revamp2:therod":1,"dragonmounts:dragon":1,"irons_spellbooks:summoned_skeleton":1,"born_in_chaos_v1:firelight_not_despawn":3,"minecraft:piglin":3,"born_in_chaos_v1:bonescaller":2,"born_in_chaos_v1:diamond_termite":14,"irons_spellbooks:necromancer":3,"minecraft:creeper":14,"minecraft:sheep":8,"undead_revamp2:theordure":1,"undead_revamp2:thebidyupside":3,"born_in_chaos_v1:dread_hound":5,"minecraft:ghast":1,"minecraft:stray":5,"undead_revamp2:theskeeper":3,"alexsmobs:fly":1,"iceandfire:pixie":1,"born_in_chaos_v1:siamese_skeletonsleft":3,"irons_spellbooks:summoned_zombie":6,"undead_revamp2:thegliter":5,"minecraft:slime":20,"born_in_chaos_v1:zombie_bruiser":5,"born_in_chaos_v1:maggot":49,"minecraft:phantom":21,"iceandfire:fire_dragon":1,"deeperdarker:shattered":38,"minecraft:drowned":4,"born_in_chaos_v1:corpse_fish":6,"undead_revamp2:sucker":18,"born_in_chaos_v1:fallen_chaos_knight":1,"born_in_chaos_v1:baby_skeleton":10,"stalwart_dungeons:reinforced_blaze":36,"quark:foxhound":2,"iceandfire:troll":1,"born_in_chaos_v1:decaying_zombie":1,"alexsmobs:cockroach":1,"born_in_chaos_v1:bonescaller_not_despawn":2,"born_in_chaos_v1:nightmare_stalker":4,"minecraft:player":1},"minecraft:mined":{"minecraft:dark_oak_planks":38,"minecraft:polished_granite_slab":1,"deeperdarker:sculk_stone_emerald_ore":1,"epicpaladins:cryorium_ore":20,"minecraft:obsidian":10,"minecraft:deepslate_tile_wall":1,"born_in_chaos_v1:dark_metal_deposit":13,"deeperdarker:echo_soil":93,"minecraft:deepslate_bricks":36,"deeperdarker:gloomy_grass":11,"supplementaries:blaze_rod":1,"mysticalagriculture:inferium_ore":72,"minecraft:spawner":16,"epicpaladins:moonlight_ore":10,"minecraft:magma_block":9,"minecraft:dark_oak_trapdoor":1,"minecraft:cobbled_deepslate":31,"minecraft:fire":19,"biomesoplenty:lavender":4,"minecraft:deepslate_lapis_ore":19,"deeperdarker:sculk_stone_diamond_ore":22,"minecraft:enchanting_table":1,"minecraft:sculk_shrieker":18,"deeperdarker:crystallized_amber":6,"iceandfire:gold_pile":33,"minecraft:dirt_path":81,"biomesoplenty:webbing":1,"minecraft:oak_stairs":55,"stalwart_dungeons:soul_magma_bricks":2,"minecraft:iron_block":2,"minecraft:red_bed":3,"minecraft:soul_fire":27,"minecraft:amethyst_cluster":5,"deeperdarker:sculk_stone":217,"minecraft:torch":18,"born_in_chaos_v1:infected_deepslate_diamond_ore":7,"minecraft:blast_furnace":2,"minecraft:mud_brick_stairs":1,"born_in_chaos_v1:smoldering_scorched_log":4,"quark:blossom_log":58,"minecraft:white_candle":2,"minecraft:bricks":1,"deeperdarker:sculk_stone_lapis_ore":12,"mysticalagriculture:soulium_ore":30,"minecraft:wheat":8,"deeperdarker:sculk_jaw":8,"minecraft:lilac":17,"minecraft:potted_poppy":1,"born_in_chaos_v1:black_argillite_brick":1,"minecraft:grass":543,"minecraft:oak_fence_gate":1,"twigs:schist":3,"stalwart_dungeons:pusher":1,"deeperdarker:gloomy_cactus":1,"twigs:rhyolite":24,"epicpaladins:arclight_ore":13,"mysticalagriculture:deepslate_inferium_ore":52,"minecraft:deepslate":363,"minecraft:deepslate_tiles":12,"mysticalagriculture:soulstone":204,"iceandfire:silver_ore":2,"minecraft:mossy_cobblestone":9,"stalwart_dungeons:soul_bricks":53,"deeperdarker:gloomslate_lapis_ore":10,"deeperdarker:gloomslate":73,"minecraft:dark_oak_log":2,"deeperdarker:cobbled_gloomslate":4,"minecraft:nether_bricks":4,"minecraft:dark_oak_fence":1,"born_in_chaos_v1:black_argillite":4,"minecraft:moss_block":1,"minecraft:cartography_table":1,"epicpaladins:deepslate_arclight_ore":11,"farmersdelight:wild_onions":1,"minecraft:redstone_ore":1,"minecraft:packed_mud":19,"minecraft:snow":65,"minecraft:andesite":1,"iceandfire:chared_gravel":1,"deeperdarker:sculk_tendrils":1,"minecraft:potatoes":25,"biomesoplenty:high_grass":9,"minecraft:cobblestone_slab":26,"minecraft:warped_stem":1,"deeperdarker:sculk_tendrils_plant":5,"biomesoplenty:barley":4,"irons_spellbooks:inscription_table":1,"minecraft:smithing_table":1,"twigs:pebble":1,"minecraft:oak_slab":22,"minecraft:glass_pane":5,"minecraft:soul_sand":84,"minecraft:dandelion":3,"minecraft:emerald_ore":6,"biomesoplenty:high_grass_plant":64,"minecraft:tall_grass":37,"minecraft:copper_ore":3,"minecraft:deepslate_gold_ore":149,"minecraft:diorite":5,"stalwart_dungeons:tungsten_ore":54,"minecraft:warped_wart_block":51,"minecraft:red_terracotta":2,"stalwart_dungeons:igniter":1,"minecraft:sunflower":1,"minecraft:gravel":12,"minecraft:dripstone_block":1,"biomesoplenty:stringy_cobweb":2,"minecraft:cobweb":20,"minecraft:stone_bricks":6,"minecraft:chipped_anvil":1,"minecraft:gold_ore":20,"minecraft:fern":1,"mysticalagriculture:prudentium_farmland":22,"minecraft:farmland":45,"minecraft:sculk_vein":272,"mysticalagriculture:soulstone_cobble":12,"minecraft:cobblestone_stairs":3,"irons_spellbooks:arcane_anvil":1,"minecraft:brewing_stand":1,"deeperdarker:sculk_vines_plant":5,"minecraft:grass_block":612,"deeperdarker:sculk_gleam":3,"minecraft:soul_soil":3,"mysticalagriculture:inferium_farmland":3,"minecraft:mud_bricks":68,"minecraft:sculk_catalyst":7,"supplementaries:ash":2,"minecraft:iron_ore":68,"born_in_chaos_v1:black_argillite_brick_slab":1,"quark:blossom_planks":7,"minecraft:dark_oak_stairs":4,"supplementaries:stick":1,"minecraft:pointed_dripstone":2,"deeperdarker:sculk_grime":13,"minecraft:iron_bars":2,"minecraft:spruce_slab":1,"minecraft:deepslate_redstone_ore":4,"mysticalagriculture:infusion_altar":1,"minecraft:blackstone":8,"supplementaries:book_pile":1,"mysticalagriculture:inferium_growth_accelerator":9,"stalwart_dungeons:soul_tiles":3,"mysticalagriculture:inferium_crop":37,"deeperdarker:gloomslate_gold_ore":21,"minecraft:calcite":1,"minecraft:poppy":7,"minecraft:nether_quartz_ore":9,"minecraft:cobblestone":134,"minecraft:oak_planks":30,"minecraft:wall_torch":9,"minecraft:seagrass":1,"minecraft:warped_nylium":36,"minecraft:birch_log":7,"epicpaladins:deepslate_cryorium_ore":7,"deeperdarker:gloomslate_diamond_ore":12,"minecraft:tnt":3,"minecraft:cracked_deepslate_tiles":1,"minecraft:oak_log":331,"minecraft:sand":1,"minecraft:dirt":299,"mysticalagriculture:deepslate_prosperity_ore":108,"minecraft:tripwire_hook":4,"minecraft:netherrack":556,"mysticalagriculture:infusion_pedestal":8,"minecraft:oak_leaves":34,"mysticalagriculture:prosperity_ore":12,"minecraft:nether_gold_ore":41,"minecraft:diamond_ore":2,"minecraft:crying_obsidian":1,"minecraft:tuff":35,"minecraft:deepslate_diamond_ore":29,"deeperdarker:echo_log":33,"minecraft:glow_lichen":1,"biomesoplenty:bush":101,"deeperdarker:sculk_stone_redstone_ore":4,"minecraft:hay_block":22,"deeperdarker:gloomy_sculk":3408,"minecraft:furnace":3,"minecraft:chiseled_deepslate":1,"minecraft:gold_block":1,"biomesoplenty:sea_oats":2,"minecraft:bookshelf":40,"minecraft:deepslate_iron_ore":3,"mysticalagriculture:prudentium_growth_accelerator":4,"minecraft:shroomlight":3,"minecraft:stripped_oak_log":2,"biomesoplenty:spider_egg":2,"minecraft:stone":506,"minecraft:podzol":2,"deeperdarker:sculk_stone_gold_ore":32,"epicpaladins:deepslate_bloodstone_ore":35,"minecraft:soul_torch":2,"minecraft:crafting_table":5,"born_in_chaos_v1:black_argillite_brick_n":1,"minecraft:sculk_sensor":120,"twigs:petrified_lichen":3,"minecraft:deepslate_coal_ore":9,"born_in_chaos_v1:chipped_black_argillite_brick":2,"minecraft:sculk":3720,"supplementaries:urn":79,"minecraft:gray_wool":242,"twigs:bloodstone":4,"biomesoplenty:pink_daffodil":1,"minecraft:coal_ore":240,"minecraft:gray_carpet":4,"minecraft:cracked_stone_bricks":10,"deeperdarker:cobbled_sculk_stone":2,"minecraft:terracotta":3,"minecraft:mossy_stone_bricks":2,"deeperdarker:gloomy_geyser":9},"minecraft:used":{"deeperdarker:heart_of_the_deep":1,"minecraft:stone":14,"minecraft:rotten_flesh":3,"minecraft:soul_sand":66,"epicpaladins:arclight_sword":3,"minecraft:lava_bucket":5,"epicpaladins:bloodstone_shovel":1428,"minecraft:bow":33,"minecraft:furnace":4,"minecraft:oak_sapling":38,"minecraft:cooked_cod":20,"mysticalagriculture:tertium_essence":18,"minecraft:egg":1,"minecraft:potato":41,"stalwart_dungeons:tungsten_chestplate":1,"minecraft:mossy_stone_bricks":1,"minecraft:diorite":1,"minecraft:wooden_pickaxe":11,"minecraft:golden_apple":17,"stalwart_dungeons:soul_bricks":22,"minecraft:blast_furnace":3,"minecraft:deepslate_tiles":8,"deeperdarker:cobbled_gloomslate":30,"minecraft:smithing_table":1,"epicpaladins:bloodstone_hoe":6291,"delightful:acorn":1,"minecraft:enchanting_table":1,"minecraft:cooked_salmon":19,"minecraft:netherrack":179,"minecraft:stick":1,"minecraft:torch":671,"minecraft:brewing_stand":1,"minecraft:warped_wart_block":4,"deeperdarker:echo_log":5,"mysticalagriculture:infusion_pedestal":16,"minecraft:chipped_anvil":1,"minecraft:iron_axe":385,"stalwart_dungeons:tungsten_axe":43,"minecraft:mud_bricks":26,"minecraft:barrel":2,"born_in_chaos_v1:smoldering_scorched_log":4,"minecraft:diamond_chestplate":1,"minecraft:blaze_rod":1,"quark:blossom_planks":23,"minecraft:cobbled_deepslate":216,"minecraft:water_bucket":230,"minecraft:deepslate_bricks":7,"deeperdarker:cobbled_sculk_stone":139,"minecraft:crafting_table":17,"minecraft:oak_slab":71,"minecraft:red_bed":3,"minecraft:white_bed":1,"stalwart_dungeons:tungsten_leggings":1,"mysticalagriculture:soulstone_cobble":158,"minecraft:iron_pickaxe":720,"minecraft:enchanted_book":1,"minecraft:cobblestone":346,"minecraft:potion":2,"minecraft:cooked_porkchop":1,"quark:oak_chest":8,"irons_spellbooks:arcane_anvil":1,"epicpaladins:bloodstone_pickaxe":3326,"minecraft:diamond_hoe":212,"minecraft:shield":14,"minecraft:iron_sword":247,"mysticalagriculture:infusion_altar":2,"minecraft:iron_chestplate":1,"minecraft:sculk_sensor":1,"minecraft:carrot":3,"mysticalagriculture:inferium_seeds":89,"mysticalagriculture:inferium_essence":29,"minecraft:packed_mud":8,"minecraft:iron_helmet":1,"mysticalagriculture:prudentium_growth_accelerator":7,"quark:blossom_chest":7,"minecraft:magma_block":1,"epicpaladins:arclight_hoe":1254,"minecraft:dark_oak_stairs":1,"minecraft:wither_skeleton_skull":1,"minecraft:oak_planks":66,"minecraft:ender_pearl":4,"mysticalagriculture:prudentium_essence":66,"epicpaladins:cryorium_axe":675,"mysticalagriculture:inferium_farmland":11,"minecraft:mushroom_stew":2,"alexscaves:cave_book":1,"minecraft:black_banner":1,"minecraft:crossbow":75,"minecraft:shears":38,"waystones:waystone":4,"minecraft:dark_oak_log":2,"minecraft:bread":83,"irons_spellbooks:wandering_magician_helmet":1,"minecraft:bone_meal":299,"minecraft:experience_bottle":2,"mysticalagriculture:inferium_growth_accelerator":12,"stalwart_dungeons:tungsten_boots":3,"minecraft:sculk":5,"minecraft:stone_hoe":75,"minecraft:cooked_chicken":1,"minecraft:dirt":693,"minecraft:spyglass":14,"minecraft:wooden_axe":2,"minecraft:dark_oak_planks":28,"minecraft:bookshelf":34,"born_in_chaos_v1:nightmare_mantleofthe_night_helmet":1,"minecraft:oak_stairs":42,"minecraft:iron_boots":5,"minecraft:golden_carrot":19,"minecraft:cooked_beef":6,"minecraft:enchanted_golden_apple":3,"minecraft:iron_leggings":5,"minecraft:cooked_mutton":6,"iceandfire:fire_dragon_flesh":1,"undead_revamp2:wincallerfan":8,"minecraft:baked_potato":266,"minecraft:birch_boat":4,"born_in_chaos_v1:stimulating_decoction":1,"minecraft:cobblestone_slab":21,"deeperdarker:echo_soil":56,"minecraft:terracotta":2,"stalwart_dungeons:tungsten_helmet":2,"minecraft:warped_planks":4,"minecraft:smoker":1,"minecraft:apple":1,"minecraft:golden_leggings":1,"twigs:twig":1,"minecraft:red_banner":2,"minecraft:bucket":236,"epicpaladins:bloodstone_sword":1283,"minecraft:gray_wool":215,"minecraft:soul_torch":3},"minecraft:broken":{"minecraft:iron_boots":2,"minecraft:iron_chestplate":1,"minecraft:iron_leggings":1,"minecraft:chainmail_boots":1,"minecraft:iron_sword":1,"epicpaladins:bloodstone_hoe":4,"stalwart_dungeons:tungsten_axe":1,"minecraft:iron_axe":1,"minecraft:iron_helmet":2,"iceandfire:tide_deepblue_helmet":1,"minecraft:golden_leggings":1},"minecraft:custom":{"minecraft:interact_with_crafting_table":173,"minecraft:open_barrel":158,"minecraft:eat_cake_slice":4,"minecraft:leave_game":12,"minecraft:time_since_death":230700,"minecraft:damage_blocked_by_shield":870,"minecraft:play_time":1089322,"minecraft:deaths":33,"minecraft:jump":22097,"minecraft:enchant_item":19,"minecraft:interact_with_furnace":93,"minecraft:traded_with_villager":4,"minecraft:sleep_in_bed":15,"minecraft:waystone_activated":6,"minecraft:damage_dealt":146758,"minecraft:interact_with_smoker":65,"minecraft:interact_with_smithing_table":9,"minecraft:interact_with_anvil":36,"minecraft:damage_dealt_absorbed":148,"minecraft:sneak_time":173273,"minecraft:interact_with_blast_furnace":139,"minecraft:total_world_time":1089322,"minecraft:tune_noteblock":1,"minecraft:time_since_rest":174028,"twilightforest:life_charms_activated":1,"minecraft:swim_one_cm":331749,"minecraft:fly_one_cm":4107710,"minecraft:open_chest":1159,"minecraft:fall_one_cm":747390,"minecraft:damage_resisted":205,"minecraft:sprint_one_cm":2493277,"minecraft:drop":552,"minecraft:talked_to_villager":17,"minecraft:interact_with_brewingstand":5,"minecraft:walk_on_water_one_cm":160784,"minecraft:player_kills":1,"minecraft:crouch_one_cm":678050,"minecraft:mob_kills":705,"minecraft:damage_dealt_resisted":4210,"minecraft:climb_one_cm":13333,"minecraft:walk_one_cm":2751457,"minecraft:walk_under_water_one_cm":136783,"minecraft:interact_with_grindstone":1,"minecraft:damage_taken":30971,"minecraft:damage_absorbed":971},"minecraft:crafted":{"minecraft:smooth_stone":3,"quark:birch_chest":1,"born_in_chaos_v1:death_totem":2,"minecraft:birch_boat":1,"minecraft:blaze_powder":6,"patchouli:guide_book":1,"delightful:roasted_acorn":3,"minecraft:cooked_mutton":6,"undead_revamp2:bostroxset_chestplate":1,"minecraft:soul_soil":3,"minecraft:emerald":4,"minecraft:cooked_porkchop":1,"minecraft:golden_leggings":1,"quark:torch_arrow":1,"naturescompass:naturescompass":1,"quark:oak_chest":8,"born_in_chaos_v1:smoked_flesh":26,"minecraft:compass":1,"minecraft:iron_pickaxe":3,"minecraft:iron_block":7,"minecraft:gold_ingot":421,"mysticalagriculture:infusion_crystal":1,"minecraft:golden_carrot":37,"iceandfire:tide_deepblue_boots":1,"mysticalagriculture:inferium_farmland":11,"mysticalagriculture:prosperity_block":2,"minecraft:bone_meal":318,"quark:blossom_chest":7,"born_in_chaos_v1:smoked_monster_flesh":6,"minecraft:diamond":2,"minecraft:diamond_boots":1,"iceandfire:tide_deepblue_helmet":1,"minecraft:wheat":189,"mysticalagriculture:inferium_seeds":38,"epicpaladins:cryorium_axe":1,"mysticalagriculture:prosperity_gemstone":3,"stalwart_dungeons:tungsten_shield":1,"minecraft:golden_apple":29,"epicpaladins:bloodstone_hoe":4,"minecraft:wooden_axe":1,"minecraft:iron_leggings":2,"minecraft:white_bed":1,"mysticalagriculture:upgrade_base":1,"minecraft:oak_planks":264,"minecraft:cooked_chicken":2,"minecraft:stone":5,"stalwart_dungeons:tungsten_helmet":1,"born_in_chaos_v1:dark_metal_ingot":5,"minecraft:warped_planks":4,"minecraft:iron_boots":3,"minecraft:bow":1,"mysticalagriculture:tertium_essence":18,"minecraft:stone_hoe":1,"minecraft:ender_eye":1,"born_in_chaos_v1:pileof_dark_metal":4,"minecraft:smoker":1,"epicpaladins:arclight_hoe":2,"mysticalagriculture:inferium_gemstone":2,"minecraft:oak_slab":54,"quark:blossom_planks":176,"minecraft:crafting_table":13,"minecraft:spruce_planks":8,"minecraft:iron_helmet":3,"minecraft:wooden_pickaxe":1,"minecraft:baked_potato":241,"minecraft:red_wool":10,"minecraft:gold_block":15,"minecraft:birch_planks":24,"minecraft:iron_chestplate":2,"minecraft:shield":1,"minecraft:stick":272,"minecraft:iron_ingot":133,"mysticalagriculture:prudentium_gemstone":1,"mysticalagriculture:prudentium_growth_accelerator":3,"minecraft:wooden_sword":1,"epicpaladins:bloodstone_shovel":1,"stalwart_dungeons:tungsten_leggings":1,"mysticalagriculture:infusion_pedestal":8,"mysticalagriculture:inferium_growth_accelerator":3,"minecraft:furnace":4,"minecraft:blast_furnace":1,"mysticalagriculture:prosperity_ingot":4,"born_in_chaos_v1:nightmare_mantleofthe_night_helmet":1,"epicpaladins:bloodstone_sword":1,"minecraft:iron_axe":3,"stalwart_dungeons:tungsten_boots":1,"backpacked:backpack":1,"stalwart_dungeons:tungsten_ingot":80,"minecraft:cooked_beef":25,"minecraft:red_dye":10,"mysticalagriculture:prudentium_essence":145,"minecraft:cooked_cod":20,"cataclysm:flame_eye":1,"minecraft:iron_sword":1,"minecraft:cooked_salmon":23,"minecraft:mangrove_planks":8,"minecraft:bucket":2,"minecraft:amethyst_block":5,"minecraft:air":0,"minecraft:bread":61,"minecraft:white_wool":7,"stalwart_dungeons:tungsten_chestplate":1,"minecraft:gold_nugget":756,"epicpaladins:bloodstone_pickaxe":4,"mysticalagriculture:infusion_altar":1,"minecraft:acacia_planks":12,"minecraft:torch":588,"minecraft:lapis_block":17,"minecraft:diamond_chestplate":1},"minecraft:picked_up":{"irons_spellbooks:arcane_anvil":1,"minecraft:iron_chestplate":1,"minecraft:chainmail_boots":1,"minecraft:flower_pot":2,"irons_spellbooks:affinity_ring":1,"minecraft:smithing_table":1,"minecraft:oak_stairs":55,"mysticalagriculture:prudentium_growth_accelerator":4,"minecraft:enchanted_book":1,"epicpaladins:arclight_hoe":1,"minecraft:brewing_stand":1,"spawnersplus:spawner_fragment":18,"twigs:bloodstone":4,"minecraft:string":81,"minecraft:dark_oak_trapdoor":1,"minecraft:soul_soil":1,"born_in_chaos_v1:mesh_door":1,"biomesoplenty:tall_lavender":1,"deeperdarker:grime_ball":6,"mysticalagriculture:inferium_essence":739,"minecraft:gold_nugget":743,"minecraft:cobbled_deepslate":317,"quark:cyan_shard":8,"mysticalagriculture:infusion_altar":1,"minecraft:coal_block":1,"minecraft:mangrove_log":2,"born_in_chaos_v1:shattered_skull":6,"mysticalagriculture:prosperity_shard":373,"minecraft:acacia_log":3,"quark:blossom_log":99,"mysticalagriculture:inferium_seeds":51,"minecraft:cherry_log":2,"epicpaladins:moonlight_gem":25,"deeperdarker:echo_log":31,"minecraft:golden_chestplate":3,"stalwart_dungeons:soul_magma_bricks":1,"minecraft:stone_sword":1,"farmersdelight:onion":3,"iceandfire:fire_dragon_heart":2,"minecraft:iron_block":2,"minecraft:bookshelf":36,"mysticalagriculture:prudentium_essence":6,"supplementaries:ash":111,"minecraft:blaze_rod":69,"minecraft:iron_bars":2,"minecraft:snowball":188,"biomesoplenty:lavender":14,"minecraft:birch_log":6,"minecraft:magma_block":5,"minecraft:feather":7,"deeperdarker:gloomy_cactus":14,"minecraft:flint":3,"born_in_chaos_v1:nightmare_stalker_skull":1,"minecraft:twisting_vines":3,"stalwart_dungeons:blaze_armor_scrap":35,"minecraft:chipped_anvil":1,"undead_revamp2:blacpetalblock":2,"minecraft:dark_oak_sign":4,"mysticalagriculture:soulium_dust":155,"minecraft:diamond_helmet":1,"minecraft:moss_block":1,"minecraft:warped_wart_block":17,"iceandfire:dragon_skull_fire":1,"epicpaladins:arclight_sword":2,"minecraft:dark_oak_log":2,"minecraft:red_terracotta":1,"minecraft:granite":9,"minecraft:chainmail_helmet":3,"minecraft:bread":1,"alexsmobs:maggot":1,"born_in_chaos_v1:rotten_fish":4,"twigs:rhyolite":6,"iceandfire:raw_silver":2,"minecraft:crafting_table":5,"minecraft:nether_wart":3,"irons_spellbooks:tarnished_helmet":1,"born_in_chaos_v1:seedof_chaos":6,"minecraft:leather_leggings":1,"born_in_chaos_v1:missionary_hat_helmet":1,"minecraft:red_bed":3,"minecraft:flint_and_steel":1,"minecraft:netherite_scrap":5,"born_in_chaos_v1:intoxicating_decoction":3,"minecraft:cracked_stone_bricks":2,"minecraft:cartography_table":1,"minecraft:beef":27,"minecraft:iron_nugget":28,"minecraft:poppy":14,"quark:yellow_blossom_sapling":6,"minecraft:chest":1,"minecraft:birch_sapling":1,"minecraft:egg":1,"minecraft:stone":52,"minecraft:oak_door":1,"deeperdarker:sculk_tendrils":13,"born_in_chaos_v1:pieceofdarkmetal":33,"minecraft:carrot":62,"minecraft:redstone":36,"minecraft:diamond_chestplate":3,"minecraft:shears":1,"minecraft:deepslate_bricks":18,"minecraft:hay_block":21,"stalwart_dungeons:tungsten_axe":1,"minecraft:gold_ingot":7,"undead_revamp2:wincallerfan":1,"minecraft:glow_berries":2,"minecraft:mutton":6,"minecraft:white_wool":7,"minecraft:stripped_oak_log":2,"minecraft:mud_bricks":58,"iceandfire:sea_serpent_fang":25,"born_in_chaos_v1:monster_flesh":12,"minecraft:tripwire_hook":2,"iceandfire:troll_leather_mountain":1,"minecraft:filled_map":1,"minecraft:packed_mud":15,"minecraft:oak_log":327,"deeperdarker:echo_soil":59,"minecraft:paper":23,"minecraft:apple":12,"minecraft:warped_stem":1,"alexsmobs:cockroach_wing_fragment":1,"minecraft:oak_fence_gate":1,"minecraft:dark_oak_stairs":3,"minecraft:smooth_basalt":1,"born_in_chaos_v1:ethereal_spirit":14,"minecraft:spyglass":1,"minecraft:gravel":8,"minecraft:spruce_log":2,"minecraft:leather_helmet":1,"minecraft:slime_ball":20,"deeperdarker:sculk_bone":85,"minecraft:gray_wool":239,"minecraft:warped_roots":1,"minecraft:baked_potato":1,"minecraft:warped_nylium":2,"minecraft:ender_pearl":3,"minecraft:chiseled_deepslate":1,"minecraft:wheat":16,"aether:iron_gloves":1,"alexscaves:cave_tablet":2,"born_in_chaos_v1:black_argillite":2,"minecraft:raw_copper":30,"aether:diamond_gloves":1,"minecraft:iron_leggings":2,"epicpaladins:bloodstone_gem":35,"irons_spellbooks:arcane_essence":4,"minecraft:deepslate_tiles":17,"minecraft:bucket":3,"delightful:acorn":17,"minecraft:cobblestone_slab":34,"born_in_chaos_v1:stimulating_decoction":1,"born_in_chaos_v1:smoldering_scorched_log":4,"delightful:green_tea_leaf":17,"irons_spellbooks:inscription_table":1,"iceandfire:dragonscales_red":28,"minecraft:iron_boots":1,"minecraft:furnace":3,"minecraft:stick":9,"epicpaladins:arclight_gem":24,"minecraft:torch":100,"born_in_chaos_v1:flaming_evil_pumpkin":2,"deeperdarker:heart_of_the_deep":1,"minecraft:pointed_dripstone":4,"minecraft:diorite":4,"born_in_chaos_v1:nightmare_claw":3,"quark:blossom_planks":7,"minecraft:rotten_flesh":226,"deeperdarker:soul_dust":1,"epicpaladins:cryorium_gem":19,"supplementaries:antique_ink":14,"minecraft:obsidian":11,"minecraft:cobblestone":503,"minecraft:enchanting_table":1,"deeperdarker:cobbled_sculk_stone":207,"minecraft:leather_chestplate":1,"minecraft:lilac":19,"minecraft:potato":213,"deeperdarker:echo_sapling":16,"minecraft:tuff":5,"supplementaries:flax_seeds":10,"undead_revamp2:huntereye":2,"minecraft:wither_skeleton_skull":1,"minecraft:lapis_lazuli":461,"minecraft:dirt":886,"minecraft:name_tag":1,"born_in_chaos_v1:monster_skin":2,"minecraft:leather_boots":1,"minecraft:bone":186,"minecraft:bow":1,"minecraft:wheat_seeds":134,"minecraft:raw_gold":292,"minecraft:mossy_stone_bricks":5,"twigs:twig":59,"minecraft:oak_planks":154,"minecraft:ghast_tear":1,"irons_spellbooks:fireward_ring":1,"irons_spellbooks:frozen_bone":5,"mysticalagriculture:inferium_growth_accelerator":9,"minecraft:grass_block":2,"minecraft:mossy_cobblestone":10,"born_in_chaos_v1:fire_dust":22,"minecraft:diamond":97,"waystones:waystone":5,"minecraft:emerald":28,"biomesoplenty:pink_daffodil":1,"minecraft:oak_sapling":99,"minecraft:netherrack":302,"minecraft:fishing_rod":1,"undead_revamp2:bostroxingot":9,"minecraft:charcoal":7,"born_in_chaos_v1:diamond_termite_shard":12,"twigs:petrified_lichen":3,"minecraft:allium":9,"mysticalagriculture:soulstone_cobble":244,"minecraft:chicken":10,"deeperdarker:cobbled_gloomslate":72,"epicpaladins:bloodstone_pickaxe":1,"minecraft:gold_block":1,"stalwart_dungeons:soul_bricks":50,"minecraft:chain":1,"mysticalagriculture:infusion_pedestal":8,"minecraft:iron_axe":1,"deeperdarker:warden_carapace":1,"minecraft:phantom_membrane":11,"minecraft:raw_iron":86,"iceandfire:dragonbone":4,"bygonenether:cobbled_blackstone":8,"minecraft:copper_ingot":2,"minecraft:dark_oak_planks":37,"minecraft:arrow":103,"stalwart_dungeons:raw_tungsten":106,"minecraft:black_banner":1,"born_in_chaos_v1:fused_bone":3,"minecraft:cracked_deepslate_tiles":1,"born_in_chaos_v1:corpse_maggot":27,"minecraft:salmon":4,"minecraft:leather":15,"iceandfire:ectoplasm":1,"minecraft:gunpowder":38,"minecraft:cobblestone_stairs":3,"minecraft:gray_carpet":4,"stalwart_dungeons:pusher":1,"minecraft:iron_ingot":16,"minecraft:cooked_chicken":2,"iceandfire:sea_serpent_scales_deepblue":33,"iceandfire:fire_dragon_flesh":4,"minecraft:soul_sand":77,"minecraft:book":14,"minecraft:sculk_catalyst":1,"minecraft:oak_slab":23,"minecraft:birch_boat":4,"born_in_chaos_v1:lifestealer_bone":3,"iceandfire:ash":2,"minecraft:quartz":34,"minecraft:dandelion":12,"minecraft:dripstone_block":1,"born_in_chaos_v1:dark_rod":6,"minecraft:amethyst_shard":40,"minecraft:soul_torch":6,"minecraft:red_banner":2,"minecraft:blast_furnace":2,"minecraft:white_bed":1,"minecraft:green_carpet":2,"minecraft:spider_eye":3,"minecraft:chainmail_leggings":1,"minecraft:terracotta":2,"minecraft:coal":327},"minecraft:killed_by":{"irons_spellbooks:pyromancer":1,"born_in_chaos_v1:supreme_bonescaller_not_despawn":1,"minecraft:zombie":12,"born_in_chaos_v1:lifestealer_true_form":1,"minecraft:stray":2,"undead_revamp2:sucker":1,"iceandfire:fire_dragon":1,"deeperdarker:shattered":1,"minecraft:enderman":1,"undead_revamp2:thehunter":1,"minecraft:skeleton":2,"born_in_chaos_v1:door_knight":1},"minecraft:dropped":{"iceandfire:raw_silver":2,"minecraft:porkchop":2,"minecraft:lapis_lazuli":25,"minecraft:glass_bottle":11,"minecraft:glow_berries":2,"minecraft:warped_roots":1,"minecraft:saddle":1,"minecraft:emerald":6,"born_in_chaos_v1:monster_flesh":4,"minecraft:packed_mud":7,"minecraft:dirt":13,"minecraft:cracked_deepslate_tiles":1,"minecraft:chain":1,"minecraft:wooden_sword":1,"minecraft:bone_meal":1,"minecraft:phantom_membrane":1,"minecraft:iron_pickaxe":2,"born_in_chaos_v1:death_totem":1,"undead_revamp2:blacpetalblock":2,"mysticalagriculture:soulstone_cobble":71,"minecraft:dark_oak_planks":3,"minecraft:fishing_rod":1,"spawnersplus:spawner_fragment":5,"minecraft:bone":89,"deeperdarker:sculk_tendrils":2,"epicpaladins:arclight_sword":1,"minecraft:iron_nugget":3,"minecraft:golden_chestplate":3,"minecraft:cobbled_deepslate":23,"alexscaves:cave_tablet":2,"minecraft:wheat":5,"minecraft:birch_sapling":1,"iceandfire:sea_serpent_scales_deepblue":24,"minecraft:rotten_flesh":118,"minecraft:oak_planks":128,"minecraft:blaze_powder":2,"irons_spellbooks:inscription_table":1,"supplementaries:flax_seeds":7,"minecraft:deepslate_tiles":3,"minecraft:charcoal":2,"mysticalagriculture:inferium_essence":18,"minecraft:leather_boots":1,"deeperdarker:grime_ball":6,"minecraft:warped_wart_block":6,"minecraft:ghast_tear":3,"biomesoplenty:tall_lavender":1,"minecraft:iron_ingot":65,"minecraft:wheat_seeds":39,"born_in_chaos_v1:shattered_skull":2,"biomesoplenty:lavender":2,"minecraft:book":2,"minecraft:cobblestone":21,"epicpaladins:bloodstone_pickaxe":1,"minecraft:granite":9,"deeperdarker:echo_soil":3,"minecraft:chainmail_helmet":2,"minecraft:coal_block":1,"stalwart_dungeons:soul_bricks":24,"stalwart_dungeons:blaze_armor_scrap":9,"minecraft:gray_wool":6,"minecraft:wooden_axe":1,"minecraft:potion":1,"delightful:acorn":12,"minecraft:chainmail_leggings":1,"minecraft:string":24,"minecraft:acacia_planks":8,"born_in_chaos_v1:flaming_evil_pumpkin":1,"iceandfire:dragon_skull_fire":1,"epicpaladins:arclight_hoe":2,"minecraft:soul_soil":3,"minecraft:soul_torch":21,"minecraft:netherite_ingot":1,"minecraft:dark_oak_sign":4,"minecraft:bowl":1,"born_in_chaos_v1:rotten_fish":1,"minecraft:chicken":8,"deeperdarker:gloomy_cactus":1,"minecraft:name_tag":2,"deeperdarker:echo_log":26,"minecraft:potato":7,"minecraft:cobblestone_slab":13,"minecraft:allium":9,"alexsmobs:cockroach_wing_fragment":1,"minecraft:spider_eye":2,"waystones:waystone":1,"minecraft:magma_block":4,"stalwart_dungeons:raw_tungsten":70,"minecraft:soul_sand":7,"minecraft:dark_oak_stairs":1,"biomesoplenty:pink_daffodil":1,"minecraft:oak_log":4,"minecraft:baked_potato":36,"iceandfire:fire_dragon_flesh":3,"minecraft:leather":6,"minecraft:red_wool":1,"stalwart_dungeons:tungsten_shield":1,"minecraft:flint":1,"minecraft:mutton":3,"minecraft:snowball":141,"farmersdelight:onion":3,"iceandfire:ash":2,"twigs:twig":54,"minecraft:gravel":8,"born_in_chaos_v1:fire_dust":22,"minecraft:twisting_vines":3,"minecraft:pointed_dripstone":2,"born_in_chaos_v1:ethereal_spirit":1,"minecraft:carrot":2,"supplementaries:antique_ink":3,"minecraft:poppy":3,"irons_spellbooks:wandering_magician_helmet":1,"minecraft:oak_fence_gate":1,"minecraft:leather_chestplate":1,"supplementaries:ash":56,"minecraft:gunpowder":26,"born_in_chaos_v1:corpse_maggot":16,"minecraft:iron_bars":2,"minecraft:arrow":6,"minecraft:quartz":34,"minecraft:netherrack":52,"minecraft:bread":9,"deeperdarker:cobbled_gloomslate":7,"minecraft:lilac":19,"minecraft:mossy_cobblestone":2,"quark:blossom_planks":15,"minecraft:diamond_leggings":1,"deeperdarker:sculk_bone":12,"delightful:green_tea_leaf":3,"minecraft:amethyst_block":3,"minecraft:copper_ingot":1,"minecraft:grass_block":1,"irons_spellbooks:ancient_knowledge_fragment":2,"minecraft:stick":22,"irons_spellbooks:scroll":1,"twigs:bloodstone":4,"minecraft:diorite":3,"quark:blossom_log":41,"minecraft:torch":27,"born_in_chaos_v1:fused_bone":3,"minecraft:green_carpet":2,"minecraft:iron_axe":2,"minecraft:tripwire_hook":2,"irons_spellbooks:frozen_bone":5,"minecraft:bucket":1,"epicpaladins:arclight_gem":1,"minecraft:dandelion":10,"minecraft:smooth_basalt":1,"minecraft:redstone":17,"alexsmobs:maggot":1,"twigs:petrified_lichen":3,"minecraft:warped_nylium":2,"minecraft:nether_wart":3,"minecraft:tuff":3,"epicpaladins:bloodstone_gem":7,"minecraft:deepslate_bricks":6,"minecraft:mud_bricks":26,"minecraft:shield":1,"minecraft:mossy_stone_bricks":3,"minecraft:oak_sapling":9,"quark:cyan_shard":8,"iceandfire:fire_dragon_heart":1,"minecraft:wooden_pickaxe":1,"minecraft:magma_cream":3,"deeperdarker:cobbled_sculk_stone":1}},"DataVersion":3465}