{"stats":{"minecraft:killed":{"minecraft:cave_spider":4,"minecraft:spider":15,"minecraft:vindicator":1,"born_in_chaos_v1:baby_skeleton_minion":5,"born_in_chaos_v1:maggot":16,"minecraft:skeleton":15,"undead_revamp2:thepregnant":1,"born_in_chaos_v1:seared_spirit_not_despawn":1,"born_in_chaos_v1:supreme_bonescaller_stage_2":1,"undead_revamp2:sucker":1,"born_in_chaos_v1:barrel_zombie":1,"born_in_chaos_v1:bone_imp_minion":3,"undead_revamp2:the_moonflower":4,"born_in_chaos_v1:decrepit_skeleton":1,"minecraft:pillager":1,"born_in_chaos_v1:decaying_zombie":1,"minecraft:zombie":30,"born_in_chaos_v1:bonescaller_not_despawn":2,"minecraft:stray":5,"minecraft:enderman":1},"minecraft:mined":{"minecraft:dark_oak_planks":38,"minecraft:polished_granite_slab":1,"minecraft:tuff":1,"minecraft:dark_oak_log":2,"minecraft:brewing_stand":1,"born_in_chaos_v1:dark_metal_deposit":7,"minecraft:grass_block":15,"minecraft:mud_bricks":68,"minecraft:cartography_table":1,"mysticalagriculture:inferium_ore":7,"minecraft:spawner":8,"minecraft:hay_block":18,"minecraft:packed_mud":19,"minecraft:dark_oak_trapdoor":1,"minecraft:fire":10,"minecraft:andesite":1,"minecraft:dark_oak_stairs":4,"biomesoplenty:sea_oats":2,"minecraft:bookshelf":31,"minecraft:cobblestone_slab":2,"minecraft:iron_bars":2,"biomesoplenty:barley":1,"irons_spellbooks:inscription_table":1,"minecraft:stone":26,"minecraft:iron_block":2,"minecraft:spruce_slab":1,"minecraft:smithing_table":1,"minecraft:podzol":2,"twigs:pebble":1,"minecraft:red_bed":3,"minecraft:crafting_table":1,"minecraft:blast_furnace":1,"minecraft:mud_brick_stairs":1,"born_in_chaos_v1:black_argillite_brick_n":1,"quark:blossom_log":58,"minecraft:tall_grass":22,"minecraft:cobblestone":17,"minecraft:oak_planks":3,"minecraft:bricks":1,"minecraft:diorite":2,"minecraft:wall_torch":2,"minecraft:red_terracotta":2,"minecraft:potted_poppy":1,"minecraft:grass":194,"minecraft:coal_ore":11,"minecraft:oak_log":11,"minecraft:sunflower":1,"minecraft:dirt":11,"minecraft:terracotta":3,"minecraft:tripwire_hook":4,"minecraft:mossy_stone_bricks":2,"minecraft:fern":1},"minecraft:used":{"minecraft:shield":2,"minecraft:iron_sword":247,"minecraft:cooked_chicken":1,"minecraft:iron_chestplate":1,"minecraft:torch":40,"minecraft:brewing_stand":1,"minecraft:dirt":18,"minecraft:carrot":3,"minecraft:dark_oak_planks":28,"minecraft:wooden_axe":2,"minecraft:iron_axe":230,"minecraft:packed_mud":8,"minecraft:iron_boots":1,"minecraft:mud_bricks":26,"minecraft:barrel":2,"quark:blossom_chest":2,"minecraft:egg":1,"minecraft:iron_leggings":1,"minecraft:dark_oak_stairs":1,"minecraft:mossy_stone_bricks":1,"minecraft:water_bucket":13,"minecraft:oak_planks":5,"minecraft:ender_pearl":1,"minecraft:wooden_pickaxe":11,"minecraft:golden_apple":5,"minecraft:terracotta":2,"minecraft:crafting_table":8,"minecraft:red_bed":3,"minecraft:apple":1,"minecraft:dark_oak_log":2,"minecraft:bread":49,"minecraft:iron_pickaxe":226,"minecraft:golden_leggings":1,"minecraft:cobblestone":16,"minecraft:potion":1,"minecraft:cooked_porkchop":1,"minecraft:red_banner":1,"minecraft:bucket":12,"delightful:acorn":1},"minecraft:broken":{"minecraft:golden_leggings":1,"minecraft:iron_axe":1,"minecraft:iron_sword":1},"minecraft:custom":{"minecraft:mob_kills":110,"minecraft:interact_with_crafting_table":19,"minecraft:open_barrel":130,"minecraft:damage_dealt_resisted":1220,"minecraft:eat_cake_slice":3,"minecraft:leave_game":1,"minecraft:time_since_death":16834,"minecraft:climb_one_cm":5122,"minecraft:sprint_one_cm":249892,"minecraft:walk_one_cm":276227,"minecraft:damage_blocked_by_shield":120,"minecraft:drop":111,"minecraft:damage_dealt_absorbed":68,"minecraft:talked_to_villager":3,"minecraft:play_time":103914,"minecraft:deaths":13,"minecraft:sneak_time":21751,"minecraft:walk_under_water_one_cm":22315,"minecraft:interact_with_brewingstand":5,"minecraft:jump":2245,"minecraft:walk_on_water_one_cm":29139,"minecraft:total_world_time":103914,"minecraft:interact_with_furnace":4,"minecraft:tune_noteblock":1,"minecraft:sleep_in_bed":4,"minecraft:time_since_rest":5205,"minecraft:damage_taken":6860,"minecraft:damage_absorbed":200,"minecraft:damage_dealt":18228,"twilightforest:life_charms_activated":1,"minecraft:swim_one_cm":5006,"minecraft:fly_one_cm":493570,"minecraft:open_chest":46,"minecraft:crouch_one_cm":62077,"minecraft:interact_with_smoker":1,"minecraft:fall_one_cm":68331},"minecraft:crafted":{"minecraft:wooden_sword":1,"minecraft:oak_planks":52,"quark:blossom_chest":2,"minecraft:iron_boots":1,"minecraft:iron_axe":2,"minecraft:wheat":162,"quark:blossom_planks":68,"minecraft:cooked_porkchop":1,"minecraft:crafting_table":7,"minecraft:wooden_pickaxe":1,"minecraft:iron_helmet":1,"minecraft:iron_sword":1,"minecraft:bread":56,"minecraft:air":0,"minecraft:iron_chestplate":1,"minecraft:golden_leggings":1,"minecraft:golden_apple":5,"minecraft:shield":1,"minecraft:stick":36,"minecraft:iron_ingot":19,"minecraft:iron_pickaxe":1,"minecraft:wooden_axe":1,"minecraft:iron_leggings":1,"minecraft:torch":44},"minecraft:picked_up":{"minecraft:charcoal":7,"minecraft:crafting_table":1,"minecraft:flower_pot":2,"minecraft:smithing_table":1,"aether:iron_gloves":1,"minecraft:chain":1,"minecraft:brewing_stand":1,"spawnersplus:spawner_fragment":5,"minecraft:dark_oak_trapdoor":1,"minecraft:string":16,"minecraft:red_bed":3,"minecraft:iron_axe":1,"minecraft:cartography_table":1,"mysticalagriculture:inferium_essence":43,"delightful:acorn":1,"quark:cyan_shard":8,"minecraft:poppy":1,"quark:yellow_blossom_sapling":6,"delightful:green_tea_leaf":2,"irons_spellbooks:inscription_table":1,"minecraft:egg":1,"born_in_chaos_v1:shattered_skull":1,"minecraft:torch":11,"born_in_chaos_v1:flaming_evil_pumpkin":2,"quark:blossom_log":99,"born_in_chaos_v1:pieceofdarkmetal":7,"minecraft:dark_oak_planks":37,"minecraft:arrow":20,"minecraft:rotten_flesh":40,"minecraft:hay_block":18,"minecraft:iron_block":2,"minecraft:bookshelf":28,"minecraft:iron_bars":2,"minecraft:cobblestone":20,"born_in_chaos_v1:corpse_maggot":7,"minecraft:mud_bricks":58,"minecraft:tripwire_hook":2,"minecraft:packed_mud":15,"minecraft:oak_log":14,"minecraft:gunpowder":6,"minecraft:dirt":19,"minecraft:bone":10,"minecraft:apple":2,"minecraft:wheat_seeds":28,"minecraft:iron_ingot":2,"minecraft:cooked_chicken":1,"minecraft:dark_oak_sign":4,"minecraft:mossy_stone_bricks":5,"minecraft:oak_planks":3,"minecraft:dark_oak_stairs":3,"minecraft:book":9,"irons_spellbooks:frozen_bone":5,"minecraft:red_banner":2,"minecraft:blast_furnace":1,"minecraft:green_carpet":2,"minecraft:dark_oak_log":2,"minecraft:red_terracotta":1,"born_in_chaos_v1:fire_dust":3,"waystones:waystone":1,"minecraft:granite":9,"minecraft:emerald":2,"minecraft:terracotta":2,"minecraft:oak_sapling":3,"minecraft:coal":11,"minecraft:ender_pearl":1},"minecraft:killed_by":{"minecraft:stray":2,"minecraft:skeleton":1,"born_in_chaos_v1:supreme_bonescaller_not_despawn":1,"minecraft:zombie":8},"minecraft:dropped":{"minecraft:iron_ingot":10,"minecraft:bread":8,"minecraft:dark_oak_stairs":1,"minecraft:porkchop":2,"born_in_chaos_v1:shattered_skull":1,"minecraft:wheat_seeds":27,"minecraft:oak_log":3,"minecraft:glass_bottle":9,"minecraft:cobblestone":3,"delightful:green_tea_leaf":2,"minecraft:granite":9,"minecraft:emerald":5,"irons_spellbooks:scroll":1,"minecraft:packed_mud":7,"minecraft:dirt":1,"quark:blossom_log":41,"minecraft:wooden_axe":1,"minecraft:potion":1,"minecraft:green_carpet":2,"minecraft:chain":1,"minecraft:wooden_sword":1,"minecraft:bone_meal":1,"minecraft:iron_axe":1,"minecraft:string":5,"minecraft:dark_oak_planks":3,"minecraft:tripwire_hook":2,"irons_spellbooks:frozen_bone":5,"born_in_chaos_v1:flaming_evil_pumpkin":1,"spawnersplus:spawner_fragment":3,"minecraft:bone":9,"minecraft:iron_nugget":3,"minecraft:dark_oak_sign":4,"minecraft:rotten_flesh":16,"minecraft:mud_bricks":26,"minecraft:gunpowder":6,"minecraft:charcoal":2,"born_in_chaos_v1:corpse_maggot":4,"minecraft:mossy_stone_bricks":3,"minecraft:oak_sapling":3,"quark:cyan_shard":8,"minecraft:iron_bars":2,"minecraft:wooden_pickaxe":1}},"DataVersion":3465}