{"stats":{"minecraft:killed_by":{"cataclysm:deepling_brute":1,"minecraft:skeleton":1},"minecraft:custom":{"minecraft:mob_kills":69,"minecraft:interact_with_crafting_table":41,"minecraft:open_barrel":24,"minecraft:leave_game":1,"minecraft:time_since_death":31371,"minecraft:climb_one_cm":3253,"minecraft:sprint_one_cm":360753,"minecraft:walk_one_cm":259290,"minecraft:damage_blocked_by_shield":60,"minecraft:drop":148,"minecraft:talked_to_villager":2,"minecraft:play_time":135068,"minecraft:sneak_time":6440,"minecraft:deaths":2,"minecraft:walk_under_water_one_cm":77655,"minecraft:boat_one_cm":1577,"minecraft:interact_with_brewingstand":1,"minecraft:jump":2601,"minecraft:walk_on_water_one_cm":53660,"minecraft:total_world_time":135068,"minecraft:interact_with_furnace":13,"minecraft:interact_with_grindstone":1,"minecraft:sleep_in_bed":9,"minecraft:time_since_rest":14744,"minecraft:damage_taken":4489,"minecraft:damage_absorbed":360,"minecraft:damage_dealt":11675,"minecraft:swim_one_cm":192768,"minecraft:fly_one_cm":572794,"minecraft:open_chest":74,"minecraft:crouch_one_cm":16073,"minecraft:fall_one_cm":62581},"minecraft:broken":{"minecraft:stone_sword":1,"minecraft:iron_axe":2,"aether:leather_gloves":1},"minecraft:mined":{"minecraft:dark_oak_planks":5,"minecraft:red_carpet":11,"minecraft:dark_oak_log":16,"minecraft:brewing_stand":2,"minecraft:dark_oak_fence":2,"minecraft:grass_block":23,"minecraft:jungle_planks":3,"minecraft:polished_diorite":1,"minecraft:red_stained_glass_pane":2,"minecraft:chiseled_stone_bricks":4,"minecraft:spawner":3,"minecraft:hay_block":18,"biomesoplenty:jacaranda_log":9,"minecraft:dark_oak_trapdoor":1,"minecraft:iron_ore":6,"biomesoplenty:lavender":2,"minecraft:pumpkin":1,"minecraft:dark_oak_stairs":2,"minecraft:bookshelf":32,"minecraft:vine":1,"minecraft:stone":23,"minecraft:white_wool":8,"biomesoplenty:jacaranda_leaves":3,"biomesoplenty:redwood_planks":1,"minecraft:glass_pane":6,"minecraft:kelp_plant":1,"minecraft:dandelion":1,"minecraft:crafting_table":3,"minecraft:cobblestone":53,"minecraft:tall_grass":4,"minecraft:cyan_bed":3,"minecraft:oak_planks":2,"minecraft:diorite":2,"supplementaries:urn":7,"minecraft:polished_diorite_stairs":2,"minecraft:cyan_wool":7,"farmersdelight:skillet":1,"minecraft:light_blue_bed":1,"minecraft:birch_log":3,"minecraft:white_carpet":5,"minecraft:stone_brick_stairs":1,"minecraft:grass":47,"minecraft:coal_ore":17,"minecraft:oak_log":39,"minecraft:sand":6,"minecraft:dirt":12,"minecraft:gray_carpet":1,"minecraft:cobweb":89,"minecraft:cracked_stone_bricks":1,"minecraft:stone_bricks":6,"minecraft:mossy_stone_bricks":1,"minecraft:fern":2,"biomesoplenty:redwood_wood":3,"minecraft:oak_leaves":6},"minecraft:killed":{"illagerinvasion:archivist":1,"minecraft:evoker":2,"minecraft:cave_spider":1,"minecraft:vindicator":10,"illagerinvasion:marauder":2,"illagerinvasion:basher":1,"minecraft:skeleton":1,"illagerinvasion:provoker":4,"minecraft:drowned":7,"cataclysm:deepling_angler":1,"minecraft:pig":4,"minecraft:salmon":11,"minecraft:sheep":1,"minecraft:pillager":13,"minecraft:zombie":2,"alexsmobs:cockroach":1,"alexsmobs:terrapin":1,"minecraft:cow":4},"minecraft:crafted":{"minecraft:oak_planks":128,"minecraft:dark_oak_boat":2,"comforts:sleeping_bag_white":1,"minecraft:furnace":1,"minecraft:dark_oak_planks":60,"minecraft:wheat":162,"biomesoplenty:jacaranda_planks":36,"biomesoplenty:jacaranda_boat":3,"minecraft:crafting_table":9,"biomesoplenty:redwood_planks":12,"minecraft:cyan_bed":1,"minecraft:wooden_pickaxe":1,"minecraft:cooked_salmon":11,"minecraft:birch_planks":12,"minecraft:bread":42,"minecraft:air":0,"everycomp:q/biomesoplenty/jacaranda_chest":2,"minecraft:oak_boat":2,"minecraft:oak_chest_boat":1,"minecraft:golden_apple":2,"minecraft:shield":1,"minecraft:stick":32,"quark:oak_chest":4,"minecraft:wooden_axe":1,"minecraft:stone_sword":2,"minecraft:white_bed":1,"minecraft:torch":48},"minecraft:dropped":{"minecraft:iron_ingot":20,"minecraft:bread":14,"minecraft:spruce_sign":1,"biomesoplenty:jacaranda_sapling":1,"minecraft:wheat_seeds":22,"minecraft:diamond":10,"minecraft:iron_helmet":1,"minecraft:lead":1,"biomesoplenty:lavender":23,"dragonmounts:dragon_egg":1,"minecraft:cobblestone":11,"delightful:green_tea_leaf":1,"minecraft:leather":5,"minecraft:copper_ingot":1,"biomesoplenty:jacaranda_planks":2,"minecraft:black_banner":1,"minecraft:golden_apple":4,"farmersdelight:beef_patty":1,"minecraft:item_frame":4,"minecraft:red_carpet":5,"minecraft:stick":1,"minecraft:cobweb":6,"minecraft:polished_diorite_stairs":1,"minecraft:diorite":1,"minecraft:torch":28,"minecraft:wooden_axe":2,"minecraft:rose_bush":4,"minecraft:iron_leggings":2,"minecraft:dead_bush":5,"minecraft:sunflower":1,"minecraft:bone_meal":1,"minecraft:sand":1,"minecraft:fishing_rod":1,"minecraft:paper":2,"minecraft:dark_oak_planks":27,"minecraft:spruce_sapling":3,"minecraft:dandelion":1,"minecraft:gold_ingot":2,"minecraft:bone":13,"minecraft:gravel":1,"minecraft:iron_nugget":14,"minecraft:birch_sapling":1,"minecraft:tall_grass":1,"minecraft:rotten_flesh":6,"minecraft:iron_boots":1,"minecraft:iron_hoe":1,"minecraft:oak_planks":64,"minecraft:totem_of_undying":1,"minecraft:filled_map":2,"minecraft:poppy":1,"minecraft:leather_chestplate":3,"minecraft:cyan_wool":1,"minecraft:shield":1,"minecraft:iron_chestplate":1,"minecraft:charcoal":1,"minecraft:mossy_stone_bricks":1,"alexsmobs:lost_tentacle":1,"minecraft:oak_sapling":10,"minecraft:golden_sword":1,"minecraft:leather_leggings":1,"minecraft:stone_bricks":1,"minecraft:spider_eye":1,"minecraft:wooden_pickaxe":1,"minecraft:stone_brick_stairs":2,"minecraft:cyan_bed":1},"minecraft:used":{"minecraft:stone_sword":161,"biomesoplenty:redwood_planks":9,"minecraft:shield":1,"minecraft:stone":1,"minecraft:cooked_salmon":12,"minecraft:torch":25,"minecraft:dirt":48,"everycomp:q/biomesoplenty/jacaranda_chest":1,"minecraft:wooden_axe":24,"minecraft:dark_oak_planks":16,"minecraft:iron_axe":119,"minecraft:light_blue_bed":1,"minecraft:totem_of_undying":1,"minecraft:dark_oak_boat":2,"minecraft:sweet_berries":10,"minecraft:furnace":1,"comforts:sleeping_bag_white":3,"minecraft:iron_leggings":1,"minecraft:oak_chest_boat":4,"minecraft:dark_oak_stairs":2,"minecraft:water_bucket":5,"farmersdelight:skillet":110,"minecraft:oak_planks":24,"minecraft:wooden_pickaxe":3,"minecraft:leather_chestplate":1,"minecraft:golden_apple":9,"minecraft:crafting_table":12,"minecraft:crossbow":25,"minecraft:white_bed":1,"minecraft:oak_log":2,"minecraft:dark_oak_log":1,"minecraft:cyan_bed":3,"minecraft:bread":40,"minecraft:iron_pickaxe":134,"biomesoplenty:jacaranda_boat":2,"minecraft:chiseled_stone_bricks":2,"minecraft:cobblestone":9,"minecraft:bucket":6,"minecraft:oak_boat":5,"quark:oak_chest":4,"delightful:acorn":1},"minecraft:picked_up":{"minecraft:wooden_axe":1,"minecraft:fishing_rod":2,"minecraft:iron_chestplate":1,"minecraft:crafting_table":3,"illagerinvasion:platinum_chunk":8,"minecraft:prismarine_shard":5,"minecraft:leather_leggings":1,"minecraft:lead":2,"minecraft:enchanted_book":1,"biomesoplenty:jacaranda_sapling":3,"minecraft:stone_brick_stairs":2,"minecraft:brewing_stand":2,"spawnersplus:spawner_fragment":2,"minecraft:shield":2,"supplementaries:globe":1,"aether:leather_gloves":1,"minecraft:dark_oak_trapdoor":1,"minecraft:string":70,"minecraft:cooked_salmon":1,"minecraft:iron_axe":2,"minecraft:iron_shovel":2,"minecraft:flint_and_steel":2,"minecraft:item_frame":4,"minecraft:iron_leggings":2,"minecraft:white_carpet":5,"minecraft:zombie_head":1,"farmersdelight:beef_patty":1,"comforts:sleeping_bag_white":3,"delightful:acorn":1,"twigs:pebble":1,"minecraft:beef":6,"minecraft:oak_boat":4,"minecraft:rose_bush":4,"minecraft:cyan_wool":7,"minecraft:iron_nugget":14,"minecraft:poppy":1,"minecraft:iron_pickaxe":1,"biomesoplenty:redwood_wood":3,"delightful:green_tea_leaf":1,"minecraft:birch_sapling":1,"minecraft:iron_boots":1,"minecraft:raw_iron":6,"minecraft:copper_ingot":1,"minecraft:torch":38,"betterend:end_fish_raw":1,"minecraft:porkchop":8,"minecraft:diorite":1,"minecraft:light_blue_bed":2,"minecraft:dark_oak_planks":5,"quark:ancient_tome":1,"biomesoplenty:redwood_planks":1,"minecraft:arrow":24,"minecraft:rotten_flesh":6,"biomesoplenty:jacaranda_log":9,"minecraft:hay_block":18,"alexsmobs:lost_tentacle":1,"minecraft:black_banner":1,"minecraft:oak_chest_boat":4,"minecraft:gold_ingot":18,"minecraft:totem_of_undying":2,"supplementaries:quiver":1,"minecraft:mutton":2,"minecraft:white_wool":8,"minecraft:cobblestone":34,"minecraft:nautilus_shell":11,"biomesoplenty:lavender":23,"minecraft:birch_log":3,"minecraft:leather_chestplate":1,"minecraft:air":3,"minecraft:lilac":1,"minecraft:water_bucket":1,"minecraft:salmon":11,"minecraft:dark_oak_boat":1,"minecraft:leather":5,"minecraft:filled_map":1,"minecraft:oak_log":34,"supplementaries:flax_seeds":1,"minecraft:gunpowder":6,"farmersdelight:skillet":2,"minecraft:white_banner":1,"minecraft:dirt":49,"minecraft:paper":2,"minecraft:red_carpet":9,"minecraft:bone":13,"minecraft:apple":5,"minecraft:stone_bricks":1,"minecraft:bow":2,"minecraft:wheat_seeds":23,"minecraft:iron_ingot":13,"minecraft:mossy_stone_bricks":1,"minecraft:tall_grass":1,"twigs:twig":13,"minecraft:iron_sword":2,"minecraft:oak_planks":50,"minecraft:dark_oak_stairs":2,"minecraft:book":150,"biomesoplenty:jacaranda_boat":1,"minecraft:pumpkin":1,"minecraft:chiseled_stone_bricks":6,"minecraft:brush":2,"minecraft:gravel":1,"minecraft:dandelion":1,"minecraft:spyglass":2,"minecraft:sand":5,"minecraft:ink_sac":5,"minecraft:dead_bush":5,"minecraft:cyan_bed":3,"minecraft:dark_oak_log":16,"minecraft:spider_eye":1,"cataclysm:lionfish":1,"minecraft:iron_hoe":1,"minecraft:polished_diorite_stairs":1,"minecraft:diamond":7,"minecraft:stone_axe":1,"minecraft:iron_helmet":1,"minecraft:golden_apple":2,"minecraft:bone_meal":1,"minecraft:spruce_sign":1,"minecraft:bread":61,"minecraft:emerald":71,"minecraft:oak_sapling":10,"minecraft:dark_oak_fence":1,"minecraft:coal":63,"minecraft:sunflower":1}},"DataVersion":3465}