{"stats":{"minecraft:mined":{"minecraft:dark_oak_planks":38,"minecraft:polished_granite_slab":1,"epicpaladins:cryorium_ore":20,"minecraft:sculk_vein":105,"minecraft:brewing_stand":1,"minecraft:obsidian":10,"minecraft:grass_block":172,"born_in_chaos_v1:dark_metal_deposit":10,"minecraft:mud_bricks":68,"mysticalagriculture:inferium_ore":70,"minecraft:spawner":9,"minecraft:magma_block":2,"minecraft:sculk_catalyst":2,"minecraft:dark_oak_trapdoor":1,"supplementaries:ash":2,"minecraft:cobbled_deepslate":8,"born_in_chaos_v1:black_argillite_brick_slab":1,"minecraft:iron_ore":62,"minecraft:fire":10,"quark:blossom_planks":7,"minecraft:deepslate_lapis_ore":19,"minecraft:enchanting_table":1,"minecraft:dark_oak_stairs":4,"minecraft:sculk_shrieker":7,"minecraft:pointed_dripstone":1,"minecraft:dirt_path":2,"biomesoplenty:webbing":1,"minecraft:iron_bars":2,"minecraft:iron_block":2,"minecraft:spruce_slab":1,"minecraft:deepslate_redstone_ore":4,"minecraft:red_bed":3,"minecraft:amethyst_cluster":5,"born_in_chaos_v1:infected_deepslate_diamond_ore":5,"minecraft:torch":5,"minecraft:blast_furnace":2,"minecraft:calcite":1,"minecraft:mud_brick_stairs":1,"quark:blossom_log":58,"minecraft:cobblestone":31,"minecraft:white_candle":1,"minecraft:oak_planks":4,"minecraft:bricks":1,"minecraft:wall_torch":3,"minecraft:wheat":1,"epicpaladins:deepslate_cryorium_ore":7,"minecraft:tnt":3,"born_in_chaos_v1:black_argillite_brick":1,"minecraft:potted_poppy":1,"minecraft:cracked_deepslate_tiles":1,"minecraft:grass":246,"minecraft:oak_log":30,"minecraft:oak_fence_gate":1,"twigs:schist":3,"minecraft:sand":1,"minecraft:dirt":102,"mysticalagriculture:deepslate_prosperity_ore":73,"twigs:rhyolite":24,"minecraft:tripwire_hook":4,"minecraft:netherrack":13,"epicpaladins:arclight_ore":13,"mysticalagriculture:deepslate_inferium_ore":52,"minecraft:oak_leaves":17,"minecraft:deepslate":257,"mysticalagriculture:prosperity_ore":12,"minecraft:diamond_ore":2,"minecraft:deepslate_tiles":2,"minecraft:crying_obsidian":1,"minecraft:tuff":32,"iceandfire:silver_ore":2,"minecraft:mossy_cobblestone":1,"minecraft:deepslate_diamond_ore":15,"minecraft:dark_oak_log":2,"minecraft:glow_lichen":1,"minecraft:dark_oak_fence":1,"biomesoplenty:bush":4,"born_in_chaos_v1:black_argillite":2,"minecraft:cartography_table":1,"epicpaladins:deepslate_arclight_ore":11,"minecraft:hay_block":18,"minecraft:redstone_ore":1,"minecraft:packed_mud":19,"minecraft:furnace":3,"minecraft:snow":57,"minecraft:andesite":1,"minecraft:gold_block":1,"biomesoplenty:sea_oats":2,"minecraft:bookshelf":40,"minecraft:potatoes":21,"biomesoplenty:high_grass":9,"minecraft:cobblestone_slab":4,"minecraft:stripped_oak_log":2,"biomesoplenty:barley":4,"biomesoplenty:spider_egg":2,"irons_spellbooks:inscription_table":1,"minecraft:stone":199,"minecraft:smithing_table":1,"minecraft:podzol":2,"twigs:pebble":1,"epicpaladins:deepslate_bloodstone_ore":31,"minecraft:crafting_table":3,"minecraft:emerald_ore":6,"born_in_chaos_v1:black_argillite_brick_n":1,"minecraft:sculk_sensor":35,"twigs:petrified_lichen":3,"biomesoplenty:high_grass_plant":64,"minecraft:tall_grass":28,"minecraft:copper_ore":1,"minecraft:deepslate_coal_ore":9,"born_in_chaos_v1:chipped_black_argillite_brick":1,"minecraft:deepslate_gold_ore":112,"minecraft:sculk":1524,"minecraft:diorite":5,"supplementaries:urn":60,"minecraft:gray_wool":52,"minecraft:red_terracotta":2,"biomesoplenty:pink_daffodil":1,"minecraft:coal_ore":217,"minecraft:sunflower":1,"minecraft:gravel":9,"minecraft:dripstone_block":1,"minecraft:cobweb":5,"minecraft:cracked_stone_bricks":10,"minecraft:terracotta":3,"minecraft:stone_bricks":6,"minecraft:mossy_stone_bricks":2,"minecraft:gold_ore":20,"minecraft:fern":1},"minecraft:killed":{"born_in_chaos_v1:lifestealer_true_form":1,"undead_revamp2:thewolf":1,"born_in_chaos_v1:zombie_clown":2,"minecraft:cave_spider":9,"born_in_chaos_v1:restless_spirit":2,"born_in_chaos_v1:zombie_lumberjack":3,"born_in_chaos_v1:skeleton_demoman":2,"minecraft:spider":20,"undead_revamp2:thesmoker":3,"born_in_chaos_v1:siamese_skeletonsright":2,"undead_revamp2:theswarmer":1,"born_in_chaos_v1:baby_skeleton_minion":5,"minecraft:skeleton":35,"minecraft:bee":1,"born_in_chaos_v1:skeleton_thrasher":1,"undead_revamp2:therod":1,"undead_revamp2:thepregnant":2,"born_in_chaos_v1:supreme_bonescaller_stage_2":1,"irons_spellbooks:summoned_skeleton":1,"undead_revamp2:thespitter":3,"born_in_chaos_v1:diamond_termite":11,"irons_spellbooks:necromancer":2,"minecraft:creeper":8,"minecraft:sheep":4,"undead_revamp2:thebidyupside":3,"minecraft:pillager":3,"minecraft:zombie":61,"born_in_chaos_v1:dread_hound":1,"born_in_chaos_v1:corpse_fly":7,"minecraft:stray":5,"undead_revamp2:theskeeper":2,"iceandfire:pixie":1,"born_in_chaos_v1:door_knight":3,"minecraft:cow":1,"born_in_chaos_v1:siamese_skeletonsleft":2,"iceandfire:sea_serpent":1,"irons_spellbooks:summoned_zombie":2,"undead_revamp2:thehunter":9,"undead_revamp2:thegliter":4,"minecraft:vindicator":2,"quark:toretoise":1,"alexsmobs:seagull":1,"undead_revamp2:bomber":3,"born_in_chaos_v1:zombie_bruiser":2,"born_in_chaos_v1:maggot":40,"minecraft:phantom":11,"born_in_chaos_v1:corpse_fish":3,"born_in_chaos_v1:seared_spirit_not_despawn":1,"undead_revamp2:sucker":10,"born_in_chaos_v1:barrel_zombie":1,"born_in_chaos_v1:spiritof_chaos":2,"born_in_chaos_v1:bone_imp_minion":3,"born_in_chaos_v1:baby_skeleton":1,"iceandfire:troll":1,"undead_revamp2:the_moonflower":18,"born_in_chaos_v1:decrepit_skeleton":8,"undead_revamp2:thesomnolence":18,"born_in_chaos_v1:decaying_zombie":1,"alexsmobs:cockroach":1,"born_in_chaos_v1:bonescaller_not_despawn":2,"born_in_chaos_v1:nightmare_stalker":1,"minecraft:player":1,"minecraft:enderman":1},"minecraft:used":{"epicpaladins:bloodstone_pickaxe":977,"minecraft:shield":12,"minecraft:iron_sword":247,"minecraft:rotten_flesh":3,"minecraft:iron_chestplate":1,"minecraft:carrot":3,"minecraft:lava_bucket":5,"minecraft:packed_mud":8,"minecraft:iron_helmet":1,"epicpaladins:bloodstone_shovel":342,"quark:blossom_chest":7,"minecraft:bow":26,"minecraft:oak_sapling":5,"epicpaladins:arclight_hoe":1254,"minecraft:furnace":3,"minecraft:cooked_cod":20,"minecraft:potato":23,"minecraft:egg":1,"minecraft:dark_oak_stairs":1,"minecraft:mossy_stone_bricks":1,"minecraft:diorite":1,"minecraft:oak_planks":12,"minecraft:wooden_pickaxe":11,"minecraft:ender_pearl":3,"epicpaladins:cryorium_axe":144,"minecraft:golden_apple":11,"minecraft:mushroom_stew":2,"alexscaves:cave_book":1,"minecraft:blast_furnace":3,"minecraft:black_banner":1,"minecraft:crossbow":50,"waystones:waystone":1,"minecraft:dark_oak_log":2,"minecraft:bread":67,"minecraft:smithing_table":1,"epicpaladins:bloodstone_hoe":429,"minecraft:bone_meal":51,"minecraft:experience_bottle":1,"delightful:acorn":1,"minecraft:enchanting_table":1,"minecraft:cooked_salmon":19,"minecraft:cooked_chicken":1,"minecraft:torch":567,"minecraft:dirt":169,"minecraft:brewing_stand":1,"minecraft:wooden_axe":2,"minecraft:dark_oak_planks":28,"minecraft:bookshelf":34,"minecraft:iron_axe":385,"minecraft:iron_boots":3,"minecraft:mud_bricks":26,"minecraft:barrel":2,"quark:blossom_planks":23,"minecraft:cobbled_deepslate":89,"minecraft:iron_leggings":2,"minecraft:cooked_mutton":6,"minecraft:water_bucket":131,"minecraft:baked_potato":120,"born_in_chaos_v1:stimulating_decoction":1,"minecraft:terracotta":2,"minecraft:crafting_table":12,"minecraft:red_bed":3,"minecraft:white_bed":1,"minecraft:smoker":1,"minecraft:apple":1,"minecraft:iron_pickaxe":669,"minecraft:golden_leggings":1,"minecraft:cobblestone":107,"minecraft:potion":2,"minecraft:cooked_porkchop":1,"minecraft:red_banner":1,"minecraft:bucket":135,"epicpaladins:bloodstone_sword":422,"minecraft:gray_wool":43,"minecraft:soul_torch":1},"minecraft:broken":{"minecraft:iron_boots":2,"minecraft:iron_chestplate":1,"minecraft:iron_leggings":1,"minecraft:chainmail_boots":1,"minecraft:golden_leggings":1,"minecraft:iron_sword":1,"minecraft:iron_axe":1,"minecraft:iron_helmet":2},"minecraft:custom":{"minecraft:interact_with_crafting_table":77,"minecraft:open_barrel":156,"minecraft:eat_cake_slice":4,"minecraft:leave_game":4,"minecraft:time_since_death":207255,"minecraft:sprint_one_cm":1267123,"minecraft:damage_blocked_by_shield":780,"minecraft:drop":299,"minecraft:talked_to_villager":14,"minecraft:play_time":449363,"minecraft:deaths":29,"minecraft:jump":11119,"minecraft:interact_with_brewingstand":5,"minecraft:walk_on_water_one_cm":113508,"minecraft:enchant_item":6,"minecraft:interact_with_furnace":88,"minecraft:traded_with_villager":4,"minecraft:sleep_in_bed":10,"minecraft:waystone_activated":3,"minecraft:damage_dealt":63854,"minecraft:player_kills":1,"minecraft:crouch_one_cm":322535,"minecraft:interact_with_smoker":14,"minecraft:interact_with_smithing_table":2,"minecraft:interact_with_anvil":12,"minecraft:mob_kills":368,"minecraft:damage_dealt_resisted":2258,"minecraft:climb_one_cm":9575,"minecraft:walk_one_cm":1029397,"minecraft:damage_dealt_absorbed":148,"minecraft:sneak_time":88231,"minecraft:walk_under_water_one_cm":78670,"minecraft:interact_with_blast_furnace":45,"minecraft:total_world_time":449363,"minecraft:tune_noteblock":1,"minecraft:time_since_rest":15583,"minecraft:damage_taken":20522,"minecraft:damage_absorbed":399,"twilightforest:life_charms_activated":1,"minecraft:swim_one_cm":169008,"minecraft:fly_one_cm":2177404,"minecraft:open_chest":345,"minecraft:fall_one_cm":371895},"minecraft:crafted":{"mysticalagriculture:upgrade_base":1,"minecraft:smooth_stone":3,"minecraft:oak_planks":104,"minecraft:stone":5,"patchouli:guide_book":1,"born_in_chaos_v1:dark_metal_ingot":2,"minecraft:cooked_mutton":6,"minecraft:iron_boots":3,"born_in_chaos_v1:pileof_dark_metal":2,"minecraft:smoker":1,"epicpaladins:arclight_hoe":2,"minecraft:emerald":4,"quark:blossom_planks":176,"minecraft:cooked_porkchop":1,"minecraft:crafting_table":10,"minecraft:spruce_planks":8,"minecraft:iron_helmet":3,"minecraft:baked_potato":86,"minecraft:wooden_pickaxe":1,"minecraft:iron_chestplate":2,"minecraft:golden_leggings":1,"minecraft:shield":1,"naturescompass:naturescompass":1,"minecraft:stick":248,"minecraft:iron_pickaxe":3,"minecraft:iron_ingot":115,"minecraft:compass":1,"minecraft:gold_ingot":85,"iceandfire:tide_deepblue_boots":1,"minecraft:wooden_sword":1,"epicpaladins:bloodstone_shovel":1,"minecraft:furnace":3,"minecraft:blast_furnace":1,"mysticalagriculture:prosperity_ingot":4,"mysticalagriculture:prosperity_block":2,"minecraft:bone_meal":51,"quark:blossom_chest":7,"epicpaladins:bloodstone_sword":1,"minecraft:iron_axe":3,"iceandfire:tide_deepblue_helmet":1,"minecraft:wheat":162,"minecraft:cooked_cod":20,"minecraft:iron_sword":1,"minecraft:cooked_salmon":19,"epicpaladins:cryorium_axe":1,"minecraft:mangrove_planks":8,"minecraft:amethyst_block":5,"minecraft:bread":61,"minecraft:air":0,"minecraft:golden_apple":10,"epicpaladins:bloodstone_pickaxe":2,"epicpaladins:bloodstone_hoe":1,"minecraft:wooden_axe":1,"minecraft:iron_leggings":2,"minecraft:white_bed":1,"minecraft:acacia_planks":12,"minecraft:torch":588,"minecraft:diamond_chestplate":1},"minecraft:picked_up":{"minecraft:iron_chestplate":1,"minecraft:wheat":4,"minecraft:chainmail_boots":1,"minecraft:flower_pot":2,"minecraft:smithing_table":1,"aether:iron_gloves":1,"epicpaladins:arclight_hoe":1,"minecraft:brewing_stand":1,"spawnersplus:spawner_fragment":7,"born_in_chaos_v1:black_argillite":2,"minecraft:string":58,"minecraft:dark_oak_trapdoor":1,"minecraft:iron_leggings":2,"biomesoplenty:tall_lavender":1,"epicpaladins:bloodstone_gem":31,"minecraft:deepslate_tiles":1,"mysticalagriculture:inferium_essence":420,"minecraft:gold_nugget":13,"minecraft:cobbled_deepslate":204,"minecraft:bucket":1,"delightful:acorn":2,"quark:cyan_shard":8,"minecraft:cobblestone_slab":3,"born_in_chaos_v1:stimulating_decoction":1,"delightful:green_tea_leaf":5,"minecraft:coal_block":1,"irons_spellbooks:inscription_table":1,"minecraft:mangrove_log":2,"minecraft:furnace":3,"minecraft:stick":2,"born_in_chaos_v1:shattered_skull":4,"mysticalagriculture:prosperity_shard":227,"epicpaladins:arclight_gem":24,"minecraft:torch":60,"born_in_chaos_v1:flaming_evil_pumpkin":2,"minecraft:acacia_log":3,"quark:blossom_log":99,"minecraft:cherry_log":2,"minecraft:pointed_dripstone":2,"minecraft:diorite":4,"quark:blossom_planks":7,"minecraft:stone_sword":1,"epicpaladins:cryorium_gem":19,"minecraft:rotten_flesh":153,"supplementaries:antique_ink":14,"minecraft:iron_block":2,"minecraft:bookshelf":36,"supplementaries:ash":99,"minecraft:obsidian":6,"minecraft:snowball":167,"minecraft:iron_bars":2,"minecraft:cobblestone":166,"biomesoplenty:lavender":12,"minecraft:enchanting_table":1,"minecraft:leather_chestplate":1,"minecraft:potato":72,"minecraft:flint":2,"minecraft:tuff":2,"supplementaries:flax_seeds":9,"undead_revamp2:huntereye":1,"minecraft:lapis_lazuli":120,"minecraft:dirt":204,"minecraft:bone":135,"undead_revamp2:blacpetalblock":1,"minecraft:bow":1,"minecraft:wheat_seeds":40,"minecraft:raw_gold":131,"minecraft:dark_oak_sign":4,"minecraft:mossy_stone_bricks":5,"twigs:twig":7,"minecraft:oak_planks":3,"irons_spellbooks:frozen_bone":5,"epicpaladins:arclight_sword":1,"minecraft:dark_oak_log":2,"minecraft:grass_block":1,"minecraft:red_terracotta":1,"minecraft:mossy_cobblestone":2,"born_in_chaos_v1:fire_dust":3,"minecraft:diamond":16,"waystones:waystone":2,"minecraft:granite":9,"minecraft:netherrack":25,"minecraft:emerald":24,"born_in_chaos_v1:rotten_fish":3,"minecraft:chainmail_helmet":3,"minecraft:oak_sapling":12,"biomesoplenty:pink_daffodil":1,"twigs:rhyolite":6,"iceandfire:raw_silver":2,"minecraft:charcoal":7,"minecraft:crafting_table":3,"born_in_chaos_v1:diamond_termite_shard":9,"twigs:petrified_lichen":3,"born_in_chaos_v1:seedof_chaos":3,"minecraft:gold_block":1,"minecraft:chain":1,"minecraft:red_bed":3,"minecraft:iron_axe":1,"born_in_chaos_v1:intoxicating_decoction":2,"minecraft:cracked_stone_bricks":2,"minecraft:cartography_table":1,"minecraft:beef":2,"minecraft:iron_nugget":28,"minecraft:poppy":4,"quark:yellow_blossom_sapling":6,"minecraft:chest":1,"minecraft:phantom_membrane":7,"minecraft:egg":1,"minecraft:raw_iron":62,"minecraft:stone":2,"minecraft:copper_ingot":2,"born_in_chaos_v1:pieceofdarkmetal":21,"minecraft:carrot":2,"minecraft:redstone":18,"minecraft:dark_oak_planks":37,"minecraft:arrow":94,"minecraft:diamond_chestplate":1,"minecraft:hay_block":18,"minecraft:black_banner":1,"minecraft:glow_berries":1,"minecraft:mutton":6,"born_in_chaos_v1:fused_bone":3,"minecraft:white_wool":4,"minecraft:cracked_deepslate_tiles":1,"minecraft:stripped_oak_log":2,"born_in_chaos_v1:corpse_maggot":20,"minecraft:mud_bricks":58,"born_in_chaos_v1:monster_flesh":1,"iceandfire:sea_serpent_fang":25,"minecraft:tripwire_hook":2,"iceandfire:troll_leather_mountain":1,"minecraft:filled_map":1,"minecraft:packed_mud":15,"minecraft:oak_log":31,"minecraft:gunpowder":24,"minecraft:paper":23,"minecraft:apple":2,"alexsmobs:cockroach_wing_fragment":1,"minecraft:oak_fence_gate":1,"minecraft:iron_ingot":5,"minecraft:cooked_chicken":1,"iceandfire:sea_serpent_scales_deepblue":33,"minecraft:dark_oak_stairs":3,"minecraft:book":14,"minecraft:smooth_basalt":1,"born_in_chaos_v1:lifestealer_bone":3,"born_in_chaos_v1:ethereal_spirit":1,"minecraft:dandelion":9,"minecraft:dripstone_block":1,"minecraft:gravel":7,"minecraft:amethyst_shard":40,"minecraft:red_banner":2,"minecraft:blast_furnace":2,"minecraft:spruce_log":2,"minecraft:green_carpet":2,"minecraft:spider_eye":3,"minecraft:leather_helmet":1,"minecraft:slime_ball":5,"minecraft:gray_wool":52,"minecraft:terracotta":2,"minecraft:coal":266,"minecraft:ender_pearl":1},"minecraft:killed_by":{"undead_revamp2:sucker":1,"irons_spellbooks:pyromancer":1,"born_in_chaos_v1:supreme_bonescaller_not_despawn":1,"minecraft:zombie":11,"iceandfire:fire_dragon":1,"born_in_chaos_v1:lifestealer_true_form":1,"minecraft:stray":2,"minecraft:enderman":1,"undead_revamp2:thehunter":1,"minecraft:skeleton":2,"born_in_chaos_v1:door_knight":1},"minecraft:dropped":{"iceandfire:raw_silver":2,"minecraft:porkchop":2,"minecraft:dark_oak_stairs":1,"biomesoplenty:pink_daffodil":1,"minecraft:lapis_lazuli":10,"minecraft:oak_log":3,"minecraft:glass_bottle":11,"minecraft:glow_berries":1,"minecraft:emerald":5,"born_in_chaos_v1:monster_flesh":1,"minecraft:packed_mud":7,"minecraft:dirt":7,"minecraft:mutton":3,"minecraft:cracked_deepslate_tiles":1,"minecraft:snowball":128,"minecraft:chain":1,"minecraft:wooden_sword":1,"minecraft:bone_meal":1,"minecraft:iron_pickaxe":2,"undead_revamp2:blacpetalblock":1,"minecraft:dark_oak_planks":3,"twigs:twig":3,"spawnersplus:spawner_fragment":5,"minecraft:bone":69,"minecraft:gravel":7,"minecraft:iron_nugget":3,"minecraft:cobbled_deepslate":5,"iceandfire:sea_serpent_scales_deepblue":24,"minecraft:wheat":5,"minecraft:pointed_dripstone":2,"minecraft:rotten_flesh":85,"minecraft:oak_planks":1,"irons_spellbooks:inscription_table":1,"minecraft:carrot":2,"supplementaries:antique_ink":3,"minecraft:poppy":3,"minecraft:oak_fence_gate":1,"minecraft:leather_chestplate":1,"supplementaries:flax_seeds":6,"supplementaries:ash":54,"minecraft:deepslate_tiles":1,"minecraft:gunpowder":14,"minecraft:charcoal":2,"mysticalagriculture:inferium_essence":2,"born_in_chaos_v1:corpse_maggot":11,"minecraft:iron_bars":2,"minecraft:arrow":3,"biomesoplenty:tall_lavender":1,"minecraft:bread":8,"minecraft:iron_ingot":65,"born_in_chaos_v1:shattered_skull":2,"minecraft:wheat_seeds":37,"minecraft:mossy_cobblestone":2,"quark:blossom_planks":15,"minecraft:diamond_leggings":1,"biomesoplenty:lavender":2,"minecraft:cobblestone":17,"minecraft:book":2,"delightful:green_tea_leaf":3,"minecraft:amethyst_block":3,"minecraft:granite":9,"minecraft:copper_ingot":1,"minecraft:chainmail_helmet":2,"irons_spellbooks:ancient_knowledge_fragment":2,"minecraft:coal_block":1,"minecraft:stick":6,"irons_spellbooks:scroll":1,"minecraft:gray_wool":6,"minecraft:diorite":3,"quark:blossom_log":41,"minecraft:torch":27,"minecraft:wooden_axe":1,"born_in_chaos_v1:fused_bone":3,"minecraft:potion":1,"minecraft:green_carpet":2,"minecraft:iron_axe":2,"minecraft:smooth_basalt":1,"minecraft:acacia_planks":8,"minecraft:tripwire_hook":2,"minecraft:string":16,"irons_spellbooks:frozen_bone":5,"minecraft:bucket":1,"epicpaladins:arclight_hoe":2,"born_in_chaos_v1:flaming_evil_pumpkin":1,"epicpaladins:arclight_gem":1,"minecraft:dandelion":7,"minecraft:redstone":17,"twigs:petrified_lichen":3,"minecraft:soul_torch":3,"minecraft:dark_oak_sign":4,"minecraft:bowl":1,"minecraft:tuff":2,"epicpaladins:bloodstone_gem":7,"minecraft:cobblestone_slab":3,"minecraft:mud_bricks":26,"alexsmobs:cockroach_wing_fragment":1,"minecraft:mossy_stone_bricks":3,"minecraft:oak_sapling":3,"quark:cyan_shard":8,"minecraft:spider_eye":2,"minecraft:wooden_pickaxe":1,"waystones:waystone":1}},"DataVersion":3465}