{"stats":{"minecraft:killed":{"born_in_chaos_v1:lifestealer_true_form":1,"undead_revamp2:thewolf":1,"born_in_chaos_v1:zombie_clown":2,"minecraft:cave_spider":9,"born_in_chaos_v1:restless_spirit":2,"born_in_chaos_v1:zombie_lumberjack":3,"born_in_chaos_v1:skeleton_demoman":2,"minecraft:spider":22,"undead_revamp2:thesmoker":4,"born_in_chaos_v1:siamese_skeletonsright":3,"undead_revamp2:theswarmer":2,"born_in_chaos_v1:baby_skeleton_minion":7,"born_in_chaos_v1:scarlet_persecutor":4,"minecraft:skeleton":37,"minecraft:bee":3,"minecraft:chicken":4,"born_in_chaos_v1:skeleton_thrasher":1,"undead_revamp2:therod":1,"undead_revamp2:thepregnant":2,"born_in_chaos_v1:supreme_bonescaller_stage_2":1,"irons_spellbooks:summoned_skeleton":1,"undead_revamp2:thespitter":3,"born_in_chaos_v1:firelight_not_despawn":3,"born_in_chaos_v1:bonescaller":1,"born_in_chaos_v1:diamond_termite":14,"irons_spellbooks:necromancer":3,"minecraft:creeper":11,"minecraft:sheep":4,"undead_revamp2:thebidyupside":3,"minecraft:pillager":3,"minecraft:zombie":64,"born_in_chaos_v1:dread_hound":1,"born_in_chaos_v1:corpse_fly":7,"minecraft:stray":5,"undead_revamp2:theskeeper":3,"iceandfire:pixie":1,"born_in_chaos_v1:door_knight":3,"born_in_chaos_v1:siamese_skeletonsleft":3,"iceandfire:sea_serpent":1,"minecraft:cow":9,"irons_spellbooks:summoned_zombie":6,"undead_revamp2:thehunter":12,"undead_revamp2:thegliter":5,"minecraft:vindicator":2,"quark:toretoise":2,"alexsmobs:seagull":1,"undead_revamp2:bomber":3,"minecraft:slime":20,"born_in_chaos_v1:zombie_bruiser":2,"born_in_chaos_v1:maggot":42,"minecraft:phantom":19,"iceandfire:fire_dragon":1,"born_in_chaos_v1:corpse_fish":3,"minecraft:warden":1,"born_in_chaos_v1:seared_spirit_not_despawn":1,"undead_revamp2:sucker":13,"born_in_chaos_v1:barrel_zombie":1,"born_in_chaos_v1:spiritof_chaos":2,"born_in_chaos_v1:bone_imp_minion":3,"born_in_chaos_v1:baby_skeleton":6,"iceandfire:troll":1,"undead_revamp2:the_moonflower":23,"born_in_chaos_v1:decrepit_skeleton":8,"undead_revamp2:thesomnolence":26,"born_in_chaos_v1:decaying_zombie":1,"alexsmobs:cockroach":1,"iceandfire:ghost":2,"born_in_chaos_v1:bonescaller_not_despawn":2,"born_in_chaos_v1:nightmare_stalker":3,"minecraft:player":1,"minecraft:enderman":1},"minecraft:dropped":{"iceandfire:raw_silver":2,"minecraft:soul_sand":7,"minecraft:porkchop":2,"minecraft:dark_oak_stairs":1,"biomesoplenty:pink_daffodil":1,"minecraft:lapis_lazuli":10,"minecraft:oak_log":3,"minecraft:baked_potato":3,"minecraft:glass_bottle":11,"minecraft:glow_berries":2,"iceandfire:fire_dragon_flesh":3,"minecraft:saddle":1,"minecraft:emerald":5,"minecraft:flint":1,"born_in_chaos_v1:monster_flesh":4,"minecraft:dirt":12,"minecraft:packed_mud":7,"minecraft:mutton":3,"minecraft:cracked_deepslate_tiles":1,"minecraft:snowball":140,"minecraft:wooden_sword":1,"minecraft:chain":1,"minecraft:bone_meal":1,"iceandfire:ash":2,"born_in_chaos_v1:death_totem":1,"minecraft:iron_pickaxe":2,"undead_revamp2:blacpetalblock":2,"minecraft:dark_oak_planks":3,"minecraft:fishing_rod":1,"twigs:twig":3,"spawnersplus:spawner_fragment":5,"minecraft:bone":69,"epicpaladins:arclight_sword":1,"minecraft:gravel":8,"minecraft:iron_nugget":3,"born_in_chaos_v1:fire_dust":22,"minecraft:cobbled_deepslate":20,"minecraft:wheat":5,"minecraft:pointed_dripstone":2,"iceandfire:sea_serpent_scales_deepblue":24,"minecraft:rotten_flesh":93,"minecraft:oak_planks":3,"minecraft:blaze_powder":2,"irons_spellbooks:inscription_table":1,"minecraft:carrot":2,"supplementaries:antique_ink":3,"minecraft:poppy":3,"minecraft:oak_fence_gate":1,"minecraft:leather_chestplate":1,"supplementaries:flax_seeds":7,"supplementaries:ash":56,"minecraft:deepslate_tiles":3,"minecraft:gunpowder":26,"minecraft:charcoal":2,"mysticalagriculture:inferium_essence":8,"born_in_chaos_v1:corpse_maggot":11,"minecraft:iron_bars":2,"minecraft:arrow":3,"biomesoplenty:tall_lavender":1,"minecraft:bread":8,"minecraft:iron_ingot":65,"minecraft:wheat_seeds":37,"born_in_chaos_v1:shattered_skull":2,"minecraft:mossy_cobblestone":2,"quark:blossom_planks":15,"minecraft:diamond_leggings":1,"biomesoplenty:lavender":2,"minecraft:cobblestone":17,"minecraft:book":2,"delightful:green_tea_leaf":3,"minecraft:amethyst_block":3,"minecraft:granite":9,"minecraft:copper_ingot":1,"irons_spellbooks:ancient_knowledge_fragment":2,"minecraft:chainmail_helmet":2,"minecraft:coal_block":1,"minecraft:stick":20,"irons_spellbooks:scroll":1,"minecraft:gray_wool":6,"minecraft:diorite":3,"quark:blossom_log":41,"minecraft:torch":27,"minecraft:wooden_axe":1,"born_in_chaos_v1:fused_bone":3,"minecraft:potion":1,"minecraft:green_carpet":2,"delightful:acorn":1,"minecraft:iron_axe":2,"minecraft:smooth_basalt":1,"iceandfire:dragon_skull_fire":1,"minecraft:tripwire_hook":2,"minecraft:acacia_planks":8,"irons_spellbooks:frozen_bone":5,"minecraft:string":16,"epicpaladins:arclight_hoe":2,"minecraft:bucket":1,"born_in_chaos_v1:flaming_evil_pumpkin":1,"epicpaladins:arclight_gem":1,"minecraft:dandelion":10,"minecraft:redstone":17,"twigs:petrified_lichen":3,"minecraft:soul_torch":19,"minecraft:dark_oak_sign":4,"minecraft:bowl":1,"minecraft:tuff":3,"epicpaladins:bloodstone_gem":7,"minecraft:chicken":8,"minecraft:name_tag":2,"minecraft:deepslate_bricks":6,"minecraft:cobblestone_slab":3,"minecraft:mud_bricks":26,"minecraft:shield":1,"alexsmobs:cockroach_wing_fragment":1,"minecraft:mossy_stone_bricks":3,"minecraft:oak_sapling":3,"quark:cyan_shard":8,"minecraft:spider_eye":2,"iceandfire:fire_dragon_heart":1,"minecraft:wooden_pickaxe":1,"waystones:waystone":1,"minecraft:magma_cream":3},"minecraft:mined":{"minecraft:dark_oak_planks":38,"minecraft:polished_granite_slab":1,"minecraft:farmland":12,"epicpaladins:cryorium_ore":20,"minecraft:sculk_vein":243,"minecraft:brewing_stand":1,"minecraft:obsidian":10,"minecraft:deepslate_tile_wall":1,"minecraft:grass_block":240,"born_in_chaos_v1:dark_metal_deposit":13,"minecraft:deepslate_bricks":34,"minecraft:mud_bricks":68,"mysticalagriculture:inferium_ore":70,"minecraft:spawner":10,"minecraft:magma_block":3,"minecraft:sculk_catalyst":5,"minecraft:dark_oak_trapdoor":1,"supplementaries:ash":2,"minecraft:cobbled_deepslate":17,"minecraft:iron_ore":62,"born_in_chaos_v1:black_argillite_brick_slab":1,"minecraft:fire":18,"biomesoplenty:lavender":1,"quark:blossom_planks":7,"minecraft:deepslate_lapis_ore":19,"minecraft:enchanting_table":1,"minecraft:dark_oak_stairs":4,"minecraft:sculk_shrieker":15,"minecraft:pointed_dripstone":2,"minecraft:dirt_path":2,"iceandfire:gold_pile":33,"biomesoplenty:webbing":1,"minecraft:iron_bars":2,"minecraft:iron_block":2,"minecraft:spruce_slab":1,"minecraft:deepslate_redstone_ore":4,"minecraft:red_bed":3,"minecraft:soul_fire":27,"minecraft:amethyst_cluster":5,"born_in_chaos_v1:infected_deepslate_diamond_ore":7,"minecraft:torch":5,"mysticalagriculture:inferium_crop":18,"minecraft:blast_furnace":2,"minecraft:poppy":6,"minecraft:calcite":1,"minecraft:mud_brick_stairs":1,"born_in_chaos_v1:smoldering_scorched_log":4,"quark:blossom_log":58,"minecraft:cobblestone":31,"minecraft:white_candle":2,"minecraft:oak_planks":4,"minecraft:bricks":1,"minecraft:wall_torch":4,"epicpaladins:deepslate_cryorium_ore":7,"minecraft:wheat":1,"minecraft:lilac":1,"minecraft:tnt":3,"born_in_chaos_v1:black_argillite_brick":1,"minecraft:potted_poppy":1,"minecraft:cracked_deepslate_tiles":1,"minecraft:grass":385,"minecraft:oak_log":30,"minecraft:oak_fence_gate":1,"twigs:schist":3,"minecraft:dirt":105,"minecraft:sand":1,"mysticalagriculture:deepslate_prosperity_ore":103,"twigs:rhyolite":24,"minecraft:tripwire_hook":4,"minecraft:netherrack":13,"epicpaladins:arclight_ore":13,"mysticalagriculture:deepslate_inferium_ore":52,"minecraft:oak_leaves":17,"minecraft:deepslate":362,"mysticalagriculture:prosperity_ore":12,"minecraft:diamond_ore":2,"minecraft:deepslate_tiles":10,"minecraft:crying_obsidian":1,"minecraft:tuff":35,"iceandfire:silver_ore":2,"minecraft:mossy_cobblestone":1,"minecraft:deepslate_diamond_ore":29,"minecraft:dark_oak_log":2,"minecraft:glow_lichen":1,"minecraft:dark_oak_fence":1,"biomesoplenty:bush":64,"born_in_chaos_v1:black_argillite":4,"minecraft:moss_block":1,"minecraft:cartography_table":1,"epicpaladins:deepslate_arclight_ore":11,"minecraft:hay_block":18,"minecraft:redstone_ore":1,"minecraft:furnace":3,"minecraft:packed_mud":19,"minecraft:snow":60,"minecraft:andesite":1,"iceandfire:chared_gravel":1,"minecraft:chiseled_deepslate":1,"minecraft:gold_block":1,"biomesoplenty:sea_oats":2,"minecraft:bookshelf":40,"minecraft:potatoes":21,"biomesoplenty:high_grass":9,"minecraft:deepslate_iron_ore":3,"minecraft:cobblestone_slab":4,"minecraft:stripped_oak_log":2,"biomesoplenty:barley":4,"minecraft:stone":237,"irons_spellbooks:inscription_table":1,"biomesoplenty:spider_egg":2,"minecraft:podzol":2,"minecraft:smithing_table":1,"twigs:pebble":1,"minecraft:soul_sand":60,"epicpaladins:deepslate_bloodstone_ore":35,"minecraft:dandelion":3,"minecraft:crafting_table":3,"minecraft:emerald_ore":6,"born_in_chaos_v1:black_argillite_brick_n":1,"minecraft:sculk_sensor":104,"biomesoplenty:high_grass_plant":64,"twigs:petrified_lichen":3,"minecraft:copper_ore":1,"minecraft:tall_grass":32,"minecraft:deepslate_coal_ore":9,"born_in_chaos_v1:chipped_black_argillite_brick":2,"minecraft:deepslate_gold_ore":141,"minecraft:sculk":3441,"minecraft:diorite":5,"supplementaries:urn":74,"minecraft:gray_wool":201,"minecraft:red_terracotta":2,"biomesoplenty:pink_daffodil":1,"minecraft:coal_ore":217,"minecraft:sunflower":1,"minecraft:gravel":12,"minecraft:dripstone_block":1,"minecraft:gray_carpet":4,"biomesoplenty:stringy_cobweb":2,"minecraft:cobweb":17,"minecraft:cracked_stone_bricks":10,"minecraft:terracotta":3,"minecraft:stone_bricks":6,"minecraft:mossy_stone_bricks":2,"minecraft:gold_ore":20,"minecraft:fern":1},"minecraft:crafted":{"mysticalagriculture:upgrade_base":1,"minecraft:smooth_stone":3,"minecraft:oak_planks":104,"born_in_chaos_v1:death_totem":2,"minecraft:stone":5,"patchouli:guide_book":1,"minecraft:cooked_mutton":6,"born_in_chaos_v1:dark_metal_ingot":4,"minecraft:iron_boots":3,"minecraft:stone_hoe":1,"born_in_chaos_v1:pileof_dark_metal":3,"minecraft:smoker":1,"epicpaladins:arclight_hoe":2,"mysticalagriculture:inferium_gemstone":2,"minecraft:emerald":4,"quark:blossom_planks":176,"minecraft:cooked_porkchop":1,"minecraft:crafting_table":12,"minecraft:spruce_planks":8,"minecraft:iron_helmet":3,"minecraft:wooden_pickaxe":1,"minecraft:baked_potato":124,"minecraft:red_wool":7,"minecraft:iron_chestplate":2,"minecraft:golden_leggings":1,"quark:torch_arrow":1,"minecraft:shield":1,"naturescompass:naturescompass":1,"minecraft:stick":264,"minecraft:iron_ingot":115,"minecraft:compass":1,"minecraft:iron_pickaxe":3,"minecraft:gold_ingot":161,"mysticalagriculture:infusion_crystal":1,"iceandfire:tide_deepblue_boots":1,"minecraft:wooden_sword":1,"epicpaladins:bloodstone_shovel":1,"mysticalagriculture:inferium_farmland":11,"mysticalagriculture:infusion_pedestal":6,"mysticalagriculture:inferium_growth_accelerator":3,"minecraft:furnace":3,"minecraft:blast_furnace":1,"mysticalagriculture:prosperity_ingot":4,"mysticalagriculture:prosperity_block":2,"minecraft:bone_meal":51,"quark:blossom_chest":7,"epicpaladins:bloodstone_sword":1,"born_in_chaos_v1:smoked_monster_flesh":6,"minecraft:diamond":2,"minecraft:iron_axe":3,"minecraft:cooked_beef":25,"backpacked:backpack":1,"iceandfire:tide_deepblue_helmet":1,"minecraft:wheat":162,"minecraft:red_dye":7,"mysticalagriculture:prudentium_essence":64,"mysticalagriculture:inferium_seeds":23,"minecraft:cooked_cod":20,"minecraft:iron_sword":1,"minecraft:cooked_salmon":19,"minecraft:mangrove_planks":8,"epicpaladins:cryorium_axe":1,"minecraft:amethyst_block":5,"mysticalagriculture:prosperity_gemstone":2,"minecraft:air":0,"minecraft:bread":61,"minecraft:white_wool":7,"minecraft:golden_apple":10,"epicpaladins:bloodstone_pickaxe":4,"epicpaladins:bloodstone_hoe":2,"minecraft:wooden_axe":1,"mysticalagriculture:infusion_altar":1,"minecraft:iron_leggings":2,"minecraft:white_bed":1,"minecraft:acacia_planks":12,"minecraft:torch":588,"minecraft:diamond_chestplate":1},"minecraft:picked_up":{"minecraft:chiseled_deepslate":1,"minecraft:iron_chestplate":1,"minecraft:wheat":8,"irons_spellbooks:affinity_ring":1,"minecraft:chainmail_boots":1,"minecraft:flower_pot":2,"minecraft:smithing_table":1,"aether:iron_gloves":1,"epicpaladins:arclight_hoe":1,"minecraft:brewing_stand":1,"spawnersplus:spawner_fragment":7,"born_in_chaos_v1:black_argillite":2,"minecraft:string":72,"minecraft:dark_oak_trapdoor":1,"minecraft:iron_leggings":2,"biomesoplenty:tall_lavender":1,"epicpaladins:bloodstone_gem":35,"irons_spellbooks:arcane_essence":4,"minecraft:deepslate_tiles":9,"mysticalagriculture:inferium_essence":427,"minecraft:gold_nugget":365,"minecraft:cobbled_deepslate":307,"born_in_chaos_v1:smoldering_scorched_log":4,"minecraft:bucket":1,"delightful:acorn":3,"quark:cyan_shard":8,"minecraft:cobblestone_slab":3,"minecraft:mangrove_log":2,"born_in_chaos_v1:stimulating_decoction":1,"minecraft:coal_block":1,"delightful:green_tea_leaf":5,"irons_spellbooks:inscription_table":1,"iceandfire:dragonscales_red":28,"minecraft:furnace":3,"minecraft:iron_boots":1,"minecraft:stick":6,"born_in_chaos_v1:shattered_skull":4,"mysticalagriculture:prosperity_shard":342,"epicpaladins:arclight_gem":24,"minecraft:torch":74,"born_in_chaos_v1:flaming_evil_pumpkin":2,"minecraft:acacia_log":3,"deeperdarker:heart_of_the_deep":1,"quark:blossom_log":99,"mysticalagriculture:inferium_seeds":18,"minecraft:cherry_log":2,"minecraft:pointed_dripstone":4,"minecraft:diorite":4,"born_in_chaos_v1:nightmare_claw":2,"quark:blossom_planks":7,"minecraft:stone_sword":1,"epicpaladins:cryorium_gem":19,"minecraft:rotten_flesh":168,"supplementaries:antique_ink":14,"iceandfire:fire_dragon_heart":2,"minecraft:iron_block":2,"minecraft:bookshelf":36,"supplementaries:ash":101,"minecraft:obsidian":11,"minecraft:iron_bars":2,"minecraft:snowball":179,"minecraft:cobblestone":166,"biomesoplenty:lavender":14,"minecraft:enchanting_table":1,"minecraft:leather_chestplate":1,"minecraft:feather":3,"minecraft:potato":72,"minecraft:flint":3,"minecraft:tuff":5,"supplementaries:flax_seeds":10,"undead_revamp2:huntereye":1,"minecraft:lapis_lazuli":120,"minecraft:dirt":290,"minecraft:name_tag":1,"minecraft:bone":148,"undead_revamp2:blacpetalblock":2,"minecraft:bow":1,"minecraft:wheat_seeds":63,"minecraft:raw_gold":162,"minecraft:dark_oak_sign":4,"minecraft:mossy_stone_bricks":5,"twigs:twig":7,"minecraft:moss_block":1,"minecraft:oak_planks":3,"irons_spellbooks:frozen_bone":5,"iceandfire:dragon_skull_fire":1,"epicpaladins:arclight_sword":2,"minecraft:dark_oak_log":2,"minecraft:grass_block":1,"minecraft:red_terracotta":1,"minecraft:mossy_cobblestone":2,"born_in_chaos_v1:fire_dust":16,"minecraft:diamond":32,"waystones:waystone":2,"minecraft:granite":9,"minecraft:netherrack":25,"minecraft:emerald":24,"born_in_chaos_v1:rotten_fish":3,"minecraft:chainmail_helmet":3,"minecraft:oak_sapling":12,"biomesoplenty:pink_daffodil":1,"twigs:rhyolite":6,"iceandfire:raw_silver":2,"minecraft:charcoal":7,"minecraft:crafting_table":3,"minecraft:fishing_rod":1,"born_in_chaos_v1:diamond_termite_shard":12,"twigs:petrified_lichen":3,"minecraft:chicken":8,"born_in_chaos_v1:seedof_chaos":3,"irons_spellbooks:tarnished_helmet":1,"minecraft:gold_block":1,"minecraft:chain":1,"minecraft:red_bed":3,"minecraft:iron_axe":1,"minecraft:netherite_scrap":1,"born_in_chaos_v1:intoxicating_decoction":2,"deeperdarker:warden_carapace":1,"minecraft:cracked_stone_bricks":2,"minecraft:cartography_table":1,"minecraft:beef":27,"minecraft:iron_nugget":28,"minecraft:poppy":11,"quark:yellow_blossom_sapling":6,"minecraft:chest":1,"minecraft:phantom_membrane":9,"minecraft:egg":1,"minecraft:raw_iron":68,"iceandfire:dragonbone":4,"minecraft:stone":36,"minecraft:copper_ingot":2,"born_in_chaos_v1:pieceofdarkmetal":25,"minecraft:carrot":2,"minecraft:redstone":18,"minecraft:dark_oak_planks":37,"minecraft:arrow":94,"minecraft:diamond_chestplate":3,"minecraft:hay_block":18,"minecraft:shears":1,"minecraft:deepslate_bricks":16,"minecraft:black_banner":1,"minecraft:glow_berries":2,"minecraft:mutton":6,"born_in_chaos_v1:fused_bone":3,"minecraft:white_wool":4,"minecraft:cracked_deepslate_tiles":1,"minecraft:stripped_oak_log":2,"born_in_chaos_v1:corpse_maggot":20,"minecraft:mud_bricks":58,"born_in_chaos_v1:monster_flesh":10,"iceandfire:sea_serpent_fang":25,"minecraft:tripwire_hook":2,"minecraft:leather":9,"iceandfire:troll_leather_mountain":1,"minecraft:filled_map":1,"minecraft:packed_mud":15,"minecraft:oak_log":31,"minecraft:gunpowder":36,"minecraft:paper":23,"minecraft:apple":2,"minecraft:gray_carpet":4,"alexsmobs:cockroach_wing_fragment":1,"minecraft:iron_ingot":5,"minecraft:oak_fence_gate":1,"minecraft:cooked_chicken":1,"iceandfire:sea_serpent_scales_deepblue":33,"iceandfire:fire_dragon_flesh":4,"minecraft:soul_sand":55,"minecraft:dark_oak_stairs":3,"minecraft:book":14,"minecraft:sculk_catalyst":1,"minecraft:smooth_basalt":1,"born_in_chaos_v1:lifestealer_bone":3,"iceandfire:ash":2,"born_in_chaos_v1:ethereal_spirit":5,"minecraft:dandelion":12,"minecraft:spyglass":1,"minecraft:dripstone_block":1,"minecraft:gravel":8,"minecraft:amethyst_shard":40,"minecraft:red_banner":2,"minecraft:blast_furnace":2,"minecraft:spruce_log":2,"minecraft:green_carpet":2,"minecraft:spider_eye":3,"minecraft:leather_helmet":1,"minecraft:slime_ball":14,"minecraft:gray_wool":199,"minecraft:terracotta":2,"minecraft:coal":266,"minecraft:ender_pearl":1},"minecraft:broken":{"minecraft:iron_boots":2,"minecraft:iron_chestplate":1,"minecraft:iron_leggings":1,"minecraft:chainmail_boots":1,"minecraft:golden_leggings":1,"minecraft:iron_sword":1,"epicpaladins:bloodstone_hoe":1,"minecraft:iron_axe":1,"minecraft:iron_helmet":2},"minecraft:custom":{"minecraft:interact_with_crafting_table":116,"minecraft:open_barrel":156,"minecraft:eat_cake_slice":4,"minecraft:leave_game":7,"minecraft:time_since_death":411272,"minecraft:damage_resisted":205,"minecraft:sprint_one_cm":1722825,"minecraft:damage_blocked_by_shield":870,"minecraft:drop":371,"minecraft:talked_to_villager":17,"minecraft:play_time":653380,"minecraft:deaths":29,"minecraft:jump":15085,"minecraft:interact_with_brewingstand":5,"minecraft:walk_on_water_one_cm":135084,"minecraft:enchant_item":10,"minecraft:interact_with_furnace":88,"minecraft:traded_with_villager":4,"minecraft:sleep_in_bed":11,"minecraft:waystone_activated":3,"minecraft:damage_dealt":86880,"minecraft:player_kills":1,"minecraft:crouch_one_cm":575782,"minecraft:interact_with_smoker":20,"minecraft:interact_with_smithing_table":6,"minecraft:interact_with_anvil":18,"minecraft:mob_kills":477,"minecraft:damage_dealt_resisted":2435,"minecraft:climb_one_cm":11041,"minecraft:walk_one_cm":1449548,"minecraft:damage_dealt_absorbed":148,"minecraft:sneak_time":144212,"minecraft:walk_under_water_one_cm":88182,"minecraft:interact_with_blast_furnace":68,"minecraft:total_world_time":653380,"minecraft:tune_noteblock":1,"minecraft:time_since_rest":34536,"minecraft:damage_taken":23003,"minecraft:damage_absorbed":772,"twilightforest:life_charms_activated":1,"minecraft:swim_one_cm":239209,"minecraft:fly_one_cm":2855961,"minecraft:open_chest":572,"minecraft:fall_one_cm":509553},"minecraft:used":{"minecraft:shield":14,"minecraft:iron_sword":247,"mysticalagriculture:infusion_altar":1,"minecraft:rotten_flesh":3,"minecraft:sculk_sensor":1,"minecraft:iron_chestplate":1,"minecraft:soul_sand":48,"epicpaladins:arclight_sword":3,"mysticalagriculture:inferium_seeds":41,"minecraft:carrot":3,"minecraft:lava_bucket":5,"minecraft:packed_mud":8,"minecraft:iron_helmet":1,"epicpaladins:bloodstone_shovel":520,"quark:blossom_chest":7,"minecraft:bow":26,"epicpaladins:arclight_hoe":1254,"minecraft:furnace":3,"minecraft:oak_sapling":5,"minecraft:cooked_cod":20,"minecraft:egg":1,"minecraft:potato":23,"minecraft:dark_oak_stairs":1,"minecraft:mossy_stone_bricks":1,"minecraft:diorite":1,"minecraft:oak_planks":24,"minecraft:wooden_pickaxe":11,"minecraft:ender_pearl":3,"epicpaladins:cryorium_axe":148,"minecraft:golden_apple":11,"mysticalagriculture:inferium_farmland":11,"minecraft:mushroom_stew":2,"alexscaves:cave_book":1,"minecraft:blast_furnace":3,"minecraft:black_banner":1,"minecraft:crossbow":72,"minecraft:deepslate_tiles":6,"waystones:waystone":1,"minecraft:dark_oak_log":2,"minecraft:bread":77,"minecraft:smithing_table":1,"minecraft:bone_meal":51,"epicpaladins:bloodstone_hoe":2717,"minecraft:experience_bottle":2,"delightful:acorn":1,"mysticalagriculture:inferium_growth_accelerator":3,"minecraft:enchanting_table":1,"minecraft:sculk":5,"minecraft:spyglass":1,"minecraft:cooked_salmon":19,"minecraft:cooked_chicken":1,"minecraft:torch":627,"minecraft:dirt":186,"minecraft:brewing_stand":1,"mysticalagriculture:infusion_pedestal":6,"minecraft:wooden_axe":2,"minecraft:dark_oak_planks":28,"minecraft:bookshelf":34,"minecraft:iron_axe":385,"minecraft:iron_boots":3,"minecraft:mud_bricks":26,"born_in_chaos_v1:smoldering_scorched_log":4,"minecraft:barrel":2,"quark:blossom_planks":23,"minecraft:cobbled_deepslate":214,"minecraft:enchanted_golden_apple":3,"minecraft:iron_leggings":2,"minecraft:cooked_mutton":6,"minecraft:water_bucket":164,"iceandfire:fire_dragon_flesh":1,"minecraft:baked_potato":174,"born_in_chaos_v1:stimulating_decoction":1,"minecraft:deepslate_bricks":5,"minecraft:terracotta":2,"minecraft:crafting_table":14,"minecraft:red_bed":3,"minecraft:white_bed":1,"minecraft:smoker":1,"minecraft:apple":1,"minecraft:iron_pickaxe":703,"minecraft:golden_leggings":1,"minecraft:cobblestone":107,"minecraft:potion":2,"minecraft:cooked_porkchop":1,"minecraft:red_banner":1,"minecraft:bucket":167,"epicpaladins:bloodstone_sword":657,"minecraft:gray_wool":190,"minecraft:soul_torch":1,"epicpaladins:bloodstone_pickaxe":1318},"minecraft:killed_by":{"undead_revamp2:sucker":1,"irons_spellbooks:pyromancer":1,"born_in_chaos_v1:supreme_bonescaller_not_despawn":1,"minecraft:zombie":11,"iceandfire:fire_dragon":1,"born_in_chaos_v1:lifestealer_true_form":1,"minecraft:stray":2,"minecraft:enderman":1,"undead_revamp2:thehunter":1,"minecraft:skeleton":2,"born_in_chaos_v1:door_knight":1}},"DataVersion":3465}