{"stats":{"minecraft:custom":{"minecraft:mob_kills":3,"minecraft:interact_with_crafting_table":5,"minecraft:open_barrel":40,"minecraft:eat_cake_slice":3,"minecraft:time_since_death":352,"minecraft:climb_one_cm":160,"minecraft:time_since_rest":384,"minecraft:sprint_one_cm":61991,"minecraft:walk_one_cm":41725,"minecraft:damage_taken":1215,"minecraft:damage_absorbed":40,"minecraft:drop":12,"minecraft:damage_dealt":823,"twilightforest:life_charms_activated":1,"minecraft:talked_to_villager":1,"minecraft:fly_one_cm":103196,"minecraft:open_chest":3,"minecraft:crouch_one_cm":10001,"minecraft:play_time":17594,"minecraft:deaths":2,"minecraft:sneak_time":3241,"minecraft:jump":379,"minecraft:walk_on_water_one_cm":19,"minecraft:total_world_time":17594,"minecraft:interact_with_smoker":1,"minecraft:fall_one_cm":11516},"minecraft:killed_by":{"minecraft:zombie":2},"minecraft:used":{"minecraft:wooden_pickaxe":11,"minecraft:iron_sword":16,"minecraft:cooked_chicken":1,"minecraft:iron_chestplate":1,"minecraft:golden_apple":1,"minecraft:dirt":8,"minecraft:crafting_table":3,"minecraft:wooden_axe":2,"minecraft:bread":3,"minecraft:iron_pickaxe":28,"minecraft:mud_bricks":17,"minecraft:egg":1,"delightful:acorn":1},"minecraft:killed":{"minecraft:skeleton":3},"minecraft:mined":{"minecraft:dark_oak_planks":5,"twigs:pebble":1,"minecraft:brewing_stand":1,"minecraft:crafting_table":1,"minecraft:grass_block":8,"minecraft:mud_bricks":22,"mysticalagriculture:inferium_ore":3,"minecraft:hay_block":8,"minecraft:packed_mud":4,"minecraft:dark_oak_stairs":1,"minecraft:grass":13,"minecraft:oak_log":7,"minecraft:coal_ore":1,"minecraft:dirt":1,"minecraft:terracotta":3,"minecraft:tripwire_hook":4,"minecraft:stone":1},"minecraft:dropped":{"minecraft:wheat_seeds":3,"delightful:green_tea_leaf":1,"minecraft:dirt":1,"minecraft:packed_mud":1,"minecraft:wooden_axe":1,"minecraft:oak_sapling":3,"minecraft:wooden_sword":1,"minecraft:wooden_pickaxe":1},"minecraft:crafted":{"minecraft:wooden_sword":1,"minecraft:oak_planks":28,"minecraft:crafting_table":2,"minecraft:wooden_pickaxe":1,"minecraft:iron_sword":1,"minecraft:bread":26,"minecraft:iron_chestplate":1,"minecraft:golden_apple":1,"minecraft:shield":1,"minecraft:stick":8,"minecraft:iron_ingot":1,"minecraft:iron_pickaxe":1,"minecraft:wooden_axe":1,"minecraft:wheat":72},"minecraft:picked_up":{"minecraft:crafting_table":1,"minecraft:mud_bricks":21,"minecraft:tripwire_hook":1,"minecraft:packed_mud":3,"minecraft:oak_log":7,"minecraft:brewing_stand":1,"minecraft:dirt":9,"minecraft:wheat_seeds":3,"mysticalagriculture:inferium_essence":9,"delightful:acorn":1,"minecraft:cooked_chicken":1,"minecraft:dark_oak_sign":1,"delightful:green_tea_leaf":1,"minecraft:dark_oak_stairs":1,"minecraft:egg":1,"minecraft:dark_oak_planks":4,"minecraft:arrow":2,"minecraft:hay_block":8,"minecraft:terracotta":2,"minecraft:oak_sapling":3,"minecraft:coal":1,"minecraft:cobblestone":1}},"DataVersion":3465}