{"stats":{"minecraft:custom":{"minecraft:interact_with_furnace":2,"minecraft:mob_kills":58,"minecraft:tune_noteblock":1,"minecraft:interact_with_crafting_table":9,"minecraft:open_barrel":78,"minecraft:damage_dealt_resisted":30,"minecraft:eat_cake_slice":3,"minecraft:time_since_death":8691,"minecraft:climb_one_cm":3761,"minecraft:time_since_rest":8722,"minecraft:sprint_one_cm":137517,"minecraft:walk_one_cm":95295,"minecraft:damage_taken":3887,"minecraft:damage_absorbed":40,"minecraft:drop":66,"minecraft:damage_dealt":8538,"twilightforest:life_charms_activated":1,"minecraft:damage_dealt_absorbed":68,"minecraft:talked_to_villager":3,"minecraft:fly_one_cm":307839,"minecraft:open_chest":12,"minecraft:crouch_one_cm":42508,"minecraft:play_time":53594,"minecraft:deaths":8,"minecraft:sneak_time":15701,"minecraft:walk_under_water_one_cm":688,"minecraft:jump":1295,"minecraft:walk_on_water_one_cm":20720,"minecraft:total_world_time":53594,"minecraft:interact_with_smoker":1,"minecraft:fall_one_cm":45653},"minecraft:killed_by":{"minecraft:zombie":8},"minecraft:used":{"minecraft:mossy_stone_bricks":1,"minecraft:dark_oak_stairs":1,"minecraft:water_bucket":8,"minecraft:oak_planks":5,"minecraft:wooden_pickaxe":11,"minecraft:iron_sword":155,"minecraft:cooked_chicken":1,"minecraft:iron_chestplate":1,"minecraft:torch":10,"minecraft:golden_apple":1,"minecraft:dirt":18,"minecraft:terracotta":2,"minecraft:crafting_table":4,"minecraft:dark_oak_planks":28,"minecraft:wooden_axe":2,"minecraft:iron_axe":46,"minecraft:bread":22,"minecraft:packed_mud":8,"minecraft:iron_pickaxe":125,"minecraft:iron_boots":1,"minecraft:barrel":2,"minecraft:mud_bricks":26,"minecraft:golden_leggings":1,"minecraft:cobblestone":9,"minecraft:cooked_porkchop":1,"minecraft:red_banner":1,"minecraft:bucket":8,"minecraft:egg":1,"delightful:acorn":1},"minecraft:killed":{"minecraft:vindicator":1,"undead_revamp2:the_moonflower":1,"born_in_chaos_v1:decrepit_skeleton":1,"born_in_chaos_v1:maggot":15,"minecraft:skeleton":12,"born_in_chaos_v1:decaying_zombie":1,"minecraft:zombie":25,"undead_revamp2:sucker":1,"minecraft:enderman":1},"minecraft:mined":{"minecraft:dark_oak_planks":38,"minecraft:polished_granite_slab":1,"twigs:pebble":1,"minecraft:red_bed":1,"minecraft:brewing_stand":1,"minecraft:crafting_table":1,"minecraft:grass_block":15,"minecraft:mud_brick_stairs":1,"minecraft:cobblestone":2,"minecraft:tall_grass":13,"minecraft:mud_bricks":68,"minecraft:oak_planks":3,"minecraft:diorite":2,"mysticalagriculture:inferium_ore":7,"minecraft:spawner":4,"minecraft:red_terracotta":2,"minecraft:hay_block":11,"minecraft:packed_mud":19,"minecraft:dark_oak_trapdoor":1,"minecraft:andesite":1,"minecraft:dark_oak_stairs":4,"minecraft:grass":99,"minecraft:oak_log":7,"minecraft:coal_ore":2,"minecraft:iron_bars":2,"minecraft:sunflower":1,"minecraft:dirt":8,"minecraft:terracotta":3,"minecraft:tripwire_hook":4,"minecraft:stone":12,"minecraft:mossy_stone_bricks":2,"minecraft:spruce_slab":1},"minecraft:dropped":{"minecraft:porkchop":2,"minecraft:dark_oak_stairs":1,"minecraft:wheat_seeds":25,"minecraft:dark_oak_sign":4,"minecraft:cobblestone":2,"minecraft:rotten_flesh":7,"delightful:green_tea_leaf":1,"minecraft:dirt":1,"minecraft:packed_mud":7,"minecraft:mud_bricks":26,"minecraft:wooden_axe":1,"born_in_chaos_v1:corpse_maggot":4,"minecraft:mossy_stone_bricks":3,"minecraft:oak_sapling":3,"quark:cyan_shard":8,"minecraft:wooden_sword":1,"minecraft:bone_meal":1,"minecraft:iron_bars":2,"minecraft:wooden_pickaxe":1,"minecraft:dark_oak_planks":3,"minecraft:tripwire_hook":2,"minecraft:bone":6},"minecraft:crafted":{"minecraft:wooden_sword":1,"minecraft:oak_planks":28,"minecraft:cooked_porkchop":1,"minecraft:crafting_table":3,"minecraft:wooden_pickaxe":1,"minecraft:iron_helmet":1,"minecraft:iron_sword":1,"minecraft:bread":26,"minecraft:air":0,"minecraft:iron_boots":1,"minecraft:iron_chestplate":1,"minecraft:golden_leggings":1,"minecraft:golden_apple":1,"minecraft:shield":1,"minecraft:iron_axe":1,"minecraft:stick":12,"minecraft:iron_ingot":1,"minecraft:iron_pickaxe":1,"minecraft:wooden_axe":1,"minecraft:torch":8,"minecraft:wheat":72},"minecraft:picked_up":{"born_in_chaos_v1:corpse_maggot":7,"minecraft:crafting_table":1,"minecraft:mud_bricks":58,"minecraft:tripwire_hook":2,"minecraft:packed_mud":15,"minecraft:oak_log":7,"minecraft:brewing_stand":1,"spawnersplus:spawner_fragment":3,"minecraft:red_bed":1,"minecraft:dirt":19,"minecraft:dark_oak_trapdoor":1,"minecraft:iron_axe":1,"minecraft:bone":6,"minecraft:wheat_seeds":25,"mysticalagriculture:inferium_essence":32,"delightful:acorn":1,"quark:cyan_shard":8,"minecraft:cooked_chicken":1,"minecraft:dark_oak_sign":4,"minecraft:mossy_stone_bricks":5,"delightful:green_tea_leaf":1,"minecraft:oak_planks":3,"minecraft:dark_oak_stairs":3,"minecraft:egg":1,"minecraft:red_banner":2,"minecraft:dark_oak_planks":37,"minecraft:arrow":11,"minecraft:rotten_flesh":31,"minecraft:hay_block":11,"minecraft:emerald":2,"minecraft:terracotta":2,"minecraft:oak_sapling":3,"minecraft:iron_bars":2,"minecraft:coal":2,"minecraft:cobblestone":12,"minecraft:ender_pearl":1}},"DataVersion":3465}