{"stats":{"minecraft:custom":{"minecraft:mob_kills":87,"minecraft:interact_with_crafting_table":15,"minecraft:open_barrel":84,"minecraft:damage_dealt_resisted":1220,"minecraft:eat_cake_slice":3,"minecraft:time_since_death":4956,"minecraft:climb_one_cm":5122,"minecraft:sprint_one_cm":180484,"minecraft:walk_one_cm":170781,"minecraft:damage_blocked_by_shield":120,"minecraft:drop":95,"minecraft:damage_dealt_absorbed":68,"minecraft:talked_to_villager":3,"minecraft:play_time":77594,"minecraft:deaths":11,"minecraft:sneak_time":18814,"minecraft:walk_under_water_one_cm":1225,"minecraft:interact_with_brewingstand":4,"minecraft:jump":1747,"minecraft:walk_on_water_one_cm":21698,"minecraft:total_world_time":77594,"minecraft:interact_with_furnace":4,"minecraft:tune_noteblock":1,"minecraft:sleep_in_bed":3,"minecraft:time_since_rest":4983,"minecraft:damage_taken":5530,"minecraft:damage_absorbed":120,"minecraft:damage_dealt":14134,"twilightforest:life_charms_activated":1,"minecraft:swim_one_cm":4769,"minecraft:fly_one_cm":376555,"minecraft:open_chest":25,"minecraft:crouch_one_cm":50847,"minecraft:interact_with_smoker":1,"minecraft:fall_one_cm":51776},"minecraft:killed_by":{"minecraft:stray":2,"born_in_chaos_v1:supreme_bonescaller_not_despawn":1,"minecraft:zombie":8},"minecraft:used":{"minecraft:shield":2,"minecraft:iron_sword":247,"minecraft:cooked_chicken":1,"minecraft:iron_chestplate":1,"minecraft:torch":15,"minecraft:brewing_stand":1,"minecraft:dirt":18,"minecraft:carrot":3,"minecraft:wooden_axe":2,"minecraft:dark_oak_planks":28,"minecraft:iron_axe":83,"minecraft:packed_mud":8,"minecraft:iron_boots":1,"minecraft:mud_bricks":26,"minecraft:barrel":2,"minecraft:egg":1,"minecraft:iron_leggings":1,"minecraft:water_bucket":10,"minecraft:dark_oak_stairs":1,"minecraft:mossy_stone_bricks":1,"minecraft:oak_planks":5,"minecraft:wooden_pickaxe":11,"minecraft:golden_apple":3,"minecraft:terracotta":2,"minecraft:crafting_table":7,"minecraft:red_bed":2,"minecraft:apple":1,"minecraft:dark_oak_log":2,"minecraft:bread":34,"minecraft:iron_pickaxe":162,"minecraft:golden_leggings":1,"minecraft:cobblestone":16,"minecraft:potion":1,"minecraft:cooked_porkchop":1,"minecraft:red_banner":1,"minecraft:bucket":10,"delightful:acorn":1},"minecraft:broken":{"minecraft:golden_leggings":1,"minecraft:iron_sword":1},"minecraft:killed":{"minecraft:cave_spider":4,"minecraft:spider":3,"minecraft:vindicator":1,"born_in_chaos_v1:baby_skeleton_minion":5,"born_in_chaos_v1:maggot":16,"minecraft:skeleton":12,"born_in_chaos_v1:supreme_bonescaller_stage_2":1,"born_in_chaos_v1:seared_spirit_not_despawn":1,"undead_revamp2:sucker":1,"born_in_chaos_v1:bone_imp_minion":3,"undead_revamp2:the_moonflower":1,"born_in_chaos_v1:decrepit_skeleton":1,"minecraft:pillager":1,"born_in_chaos_v1:decaying_zombie":1,"minecraft:zombie":27,"born_in_chaos_v1:bonescaller_not_despawn":2,"minecraft:stray":5,"minecraft:enderman":1},"minecraft:mined":{"minecraft:dark_oak_planks":38,"minecraft:polished_granite_slab":1,"minecraft:dark_oak_log":2,"minecraft:brewing_stand":1,"minecraft:grass_block":15,"minecraft:mud_bricks":68,"mysticalagriculture:inferium_ore":7,"minecraft:spawner":6,"minecraft:hay_block":18,"minecraft:packed_mud":19,"minecraft:dark_oak_trapdoor":1,"minecraft:fire":10,"minecraft:andesite":1,"minecraft:dark_oak_stairs":4,"minecraft:iron_bars":2,"minecraft:stone":24,"minecraft:iron_block":2,"minecraft:spruce_slab":1,"minecraft:podzol":2,"twigs:pebble":1,"minecraft:red_bed":3,"minecraft:crafting_table":1,"minecraft:mud_brick_stairs":1,"born_in_chaos_v1:black_argillite_brick_n":1,"minecraft:tall_grass":15,"minecraft:cobblestone":2,"minecraft:oak_planks":3,"minecraft:bricks":1,"minecraft:diorite":2,"minecraft:red_terracotta":2,"minecraft:grass":104,"minecraft:coal_ore":11,"minecraft:oak_log":11,"minecraft:sunflower":1,"minecraft:dirt":11,"minecraft:terracotta":3,"minecraft:tripwire_hook":4,"minecraft:mossy_stone_bricks":2,"minecraft:fern":1},"minecraft:dropped":{"minecraft:iron_ingot":10,"born_in_chaos_v1:shattered_skull":1,"minecraft:dark_oak_stairs":1,"minecraft:porkchop":2,"minecraft:wheat_seeds":26,"minecraft:oak_log":3,"minecraft:glass_bottle":9,"minecraft:cobblestone":3,"delightful:green_tea_leaf":1,"minecraft:granite":9,"minecraft:packed_mud":7,"minecraft:dirt":1,"minecraft:wooden_axe":1,"minecraft:potion":1,"minecraft:chain":1,"minecraft:wooden_sword":1,"minecraft:bone_meal":1,"minecraft:iron_axe":1,"minecraft:string":5,"minecraft:dark_oak_planks":3,"irons_spellbooks:frozen_bone":5,"minecraft:tripwire_hook":2,"born_in_chaos_v1:flaming_evil_pumpkin":1,"spawnersplus:spawner_fragment":3,"minecraft:bone":6,"minecraft:iron_nugget":3,"minecraft:dark_oak_sign":4,"minecraft:rotten_flesh":7,"minecraft:mud_bricks":26,"minecraft:charcoal":2,"born_in_chaos_v1:corpse_maggot":4,"minecraft:mossy_stone_bricks":3,"minecraft:oak_sapling":3,"quark:cyan_shard":8,"minecraft:iron_bars":2,"minecraft:wooden_pickaxe":1},"minecraft:crafted":{"minecraft:wooden_sword":1,"minecraft:oak_planks":52,"minecraft:iron_boots":1,"minecraft:iron_axe":1,"minecraft:wheat":162,"minecraft:cooked_porkchop":1,"minecraft:crafting_table":6,"minecraft:wooden_pickaxe":1,"minecraft:iron_helmet":1,"minecraft:iron_sword":1,"minecraft:bread":56,"minecraft:air":0,"minecraft:iron_chestplate":1,"minecraft:golden_apple":5,"minecraft:golden_leggings":1,"minecraft:shield":1,"minecraft:stick":36,"minecraft:iron_ingot":1,"minecraft:iron_pickaxe":1,"minecraft:wooden_axe":1,"minecraft:iron_leggings":1,"minecraft:torch":44},"minecraft:picked_up":{"minecraft:charcoal":2,"minecraft:crafting_table":1,"aether:iron_gloves":1,"minecraft:chain":1,"minecraft:brewing_stand":1,"spawnersplus:spawner_fragment":4,"minecraft:string":5,"minecraft:dark_oak_trapdoor":1,"minecraft:red_bed":3,"minecraft:iron_axe":1,"mysticalagriculture:inferium_essence":36,"delightful:acorn":1,"quark:cyan_shard":8,"delightful:green_tea_leaf":1,"minecraft:egg":1,"born_in_chaos_v1:shattered_skull":1,"minecraft:torch":2,"born_in_chaos_v1:flaming_evil_pumpkin":2,"minecraft:dark_oak_planks":37,"minecraft:arrow":18,"minecraft:rotten_flesh":31,"minecraft:hay_block":18,"minecraft:iron_block":2,"minecraft:iron_bars":2,"minecraft:cobblestone":20,"born_in_chaos_v1:corpse_maggot":7,"minecraft:mud_bricks":58,"minecraft:tripwire_hook":2,"minecraft:packed_mud":15,"minecraft:oak_log":14,"minecraft:dirt":19,"minecraft:bone":6,"minecraft:apple":2,"minecraft:wheat_seeds":26,"minecraft:iron_ingot":2,"minecraft:cooked_chicken":1,"minecraft:dark_oak_sign":4,"minecraft:mossy_stone_bricks":5,"minecraft:oak_planks":3,"minecraft:dark_oak_stairs":3,"irons_spellbooks:frozen_bone":5,"minecraft:red_banner":2,"minecraft:dark_oak_log":2,"minecraft:red_terracotta":1,"born_in_chaos_v1:fire_dust":3,"minecraft:granite":9,"minecraft:emerald":2,"minecraft:terracotta":2,"minecraft:oak_sapling":3,"minecraft:coal":11,"minecraft:ender_pearl":1}},"DataVersion":3465}